studiengang,hochschule,modul_id,modulname,satz_nr,satz
Maschinenbau (B.Sc.),TH Mittelhessen,B0010,Mathematik 1,1,Die Studierenden können mit reellen und komplexen Zahlen umgehen Gleichungen auflösen und Funktionen anwenden Gleichungssysteme lösen
Maschinenbau (B.Sc.),TH Mittelhessen,B0010,Mathematik 1,2,Die Studierenden können einfache mathematische Fragestellungen in Gruppen kooperativ lösen
Maschinenbau (B.Sc.),TH Mittelhessen,B0010,Mathematik 1,3,Die Studierenden können ihre mathematischen Fähigkeiten beurteilen ihren Lernfortschritt in Mathematik reflektieren und ihr Lernverhalten entsprechend anpassen
Maschinenbau (B.Sc.),TH Mittelhessen,B0011,Mathematik 2,1,"Funktionen differenzieren und integrieren ihre vertieften Kenntnisse der Analysis, insbesondere im Bereich der Differential- und Integralrechnung, anwenden und sind in der Lage, die entsprechenden mathematischen Techniken in unterschiedlichsten Anwendungsbereichen einzusetzen. gewöhnliche Differentialgleichung lösen"
Maschinenbau (B.Sc.),TH Mittelhessen,B0011,Mathematik 2,2,"Die Studierenden können auch kompliziertere Aspekte ingenieurtechnischer Sachverhalte mathematisch formulieren und sind in der Lage, die mathematischen Grundlagen weitergehender ingenieurtechnischer Fachdisziplinen zu verstehen."
Maschinenbau (B.Sc.),TH Mittelhessen,B0011,Mathematik 2,3,Die Studierenden können ihre mathematischen Fähigkeiten beurteilen ihren Lernfortschritt in Mathematik reflektieren und ihr Lernverhalten entsprechend anpassen
Maschinenbau (B.Sc.),TH Mittelhessen,B0012,Mathematik 3,1,Die Studierenden können die grundlegenden Prinzipien der Kombinatorik und der Wahrscheinlichkeitsrechnung auf technische Fragestellungen anwenden statistische Methoden in unterschiedlichsten Anwendungsbereichen einsetzen. problembezogen Wahrscheinlichkeitsverteilungen auswählen und ausgewählte statistische Testverfahren anwenden
Maschinenbau (B.Sc.),TH Mittelhessen,B0012,Mathematik 3,2,"Die Studierenden können statistische Methoden auf ingenieurtechnische Sachverhalte, insbesondere auf dem Gebiet des Qualitätsmanagements anwenden"
Maschinenbau (B.Sc.),TH Mittelhessen,B0012,Mathematik 3,3,Die Studierenden können ihre statistischen Fähigkeiten beurteilen ihren Lernfortschritt in Wahrscheinlichkeitsrechnung und Statistik reflektieren und ihr Lernverhalten entsprechend anpassen
Maschinenbau (B.Sc.),TH Mittelhessen,B0020,Technische Mechanik 1,1,"Die Studierenden können die grundlegenden Begriffe der Mechanik definieren die Axiome der Mechanik anwenden ingeníeurtechnische Fragestellungen der statischen Mechanik beurteilen und beantworten erkennen, dass alle wesentlichen Gleichungen der Statik aus dem Gleichgewicht am Gesamtsystem oder Teilsystem folgen"
Maschinenbau (B.Sc.),TH Mittelhessen,B0020,Technische Mechanik 1,2,Die Studierenden können komplexe Aufgabenstellungen der Statik strukturiert und systematisch lösen und dabei Wissen aus den Bereichen Mathematik und Physik anwenden. eigene Ergebnisse überprüfen und die Anwendungsgrenzen der verwendeten Modelle klar erkennen
Maschinenbau (B.Sc.),TH Mittelhessen,B0020,Technische Mechanik 1,3,Die Studierenden können durch das erworbene Basiswissen weiterführende Lehrveranstaltungen im Bachelorstudium besuchen Fachvokabular der technischen Mechanik in Diskussion anwenden in Gruppen Lösungskonzepte für die Umsetzung von Fragestellungen der Statik erarbeiten
Maschinenbau (B.Sc.),TH Mittelhessen,B0020,Technische Mechanik 1,4,Die Studierenden können durch das erworbene Basiswissen weiterführende Lehrveranstaltungen im Bachelorstudium besuchen ihre Fähigkeiten in technischer Mechanik beurteilen
Maschinenbau (B.Sc.),TH Mittelhessen,B0021,Technische Mechanik 2,1,"Spannungen und Verformungen bei Zug-, Druck, Torsions- und Biegebeanspruchung berechnen Knicklasten berechnen Die zur Formänderung erforderliche Arbeit sowie die Formänderungsenergie berechnen das Werkstoff-Elastizitätsgesetz anwenden"
Maschinenbau (B.Sc.),TH Mittelhessen,B0021,Technische Mechanik 2,2,"Die Studierenden können allgemeine Spannungs- und Dehnungszustände beurteilen erkennen, dass alle wesentlichen Gleichungen der elastischen Verformung aus dem Gleichgewicht an einem infinitesimalen Element folgen Mechanik-Berechnungsmodelle aus praktischen Fragestellungen ableiten"
Maschinenbau (B.Sc.),TH Mittelhessen,B0021,Technische Mechanik 2,3,Die Studierenden können das erweiterte Fachvokabular der technischen Mechanik in Diskussion anwenden in Gruppen Lösungskonzepte für die Umsetzung von Fragestellungen elastischer Verformungen erarbeiten
Maschinenbau (B.Sc.),TH Mittelhessen,B0021,Technische Mechanik 2,4,Die Studierenden können durch das erworbene Basiswissen weiterführende Lehrveranstaltungen im Bachelorstudium besuchen ihre Fähigkeiten in technischer Mechanik beurteilen mechanische Zusammenhänge erkennen und analytisch durchdenken
Maschinenbau (B.Sc.),TH Mittelhessen,B0022,Technische Mechanik 3,1,Die Studierenden können die wesentlichen Zusammenhänge der Kinematik/Kinetik von Körperpunkten und des starren Körpers.wiedergeben auf Basis der vermittelten Kenntnisse Aufgaben zu Schwingungsproblemen und Stoßvorgängen zu lösen
Maschinenbau (B.Sc.),TH Mittelhessen,B0022,Technische Mechanik 3,2,"Die Studierenden können erkennen, dass sie mit dem Wissen aus dem Modul Technische Mechanik 1, den neu zu erwerbenden Kenntnissen der Kinematik und der Anwendung der Impulsbilanz (dynamisches Kräftegleichgewicht) und der Drehimpulsbilanz (dynamisches Momentengleichgewicht) in der Lage sind, die Bewegung von Körpern unter der Einwirkung von Kräften und Momenten zu bestimmen."
Maschinenbau (B.Sc.),TH Mittelhessen,B0022,Technische Mechanik 3,3,Die Studierenden können das erweiterte Fachvokabular der technischen Mechanik in Diskussion anwenden in Gruppen Lösungskonzepte für die Umsetzung von Fragestellungen der Kinematik erarbeiten
Maschinenbau (B.Sc.),TH Mittelhessen,B0022,Technische Mechanik 3,4,Die Studierenden können durch das erworbene Basiswissen weiterführende Lehrveranstaltungen im Bachelorstudium besuchen ihre Fähigkeiten in technischer Mechanik beurteilen
Maschinenbau (B.Sc.),TH Mittelhessen,B0030,Material- und Fertigungstechnologie 1 /,1,"Die Studierenden können darstellen, wie Materie und damit Werkstoffe entstehen den Aufbau von Materie und deren Aufbauprinzipien beschreiben die Arten der chemischen Bindungen voneinander abgrenzen und beurteilen, wann diese Bindungen auftreten die aus den Bindungen folgenden grundlegenden Eigenschaften von Metallen, Keramiken, Gläsern und Polymeren ableiten und kennen die wichtigsten Struktur-Eigenschaftsbeziehungen für die wichtigsten Werkstoffgruppen die jeweils geeigneten Herstellungsverfahren nennen"
Maschinenbau (B.Sc.),TH Mittelhessen,B0030,Material- und Fertigungstechnologie 1 /,2,"Die Studierenden können die wichtigsten Grundlagen der Physik, Chemie und Technik erläutern die wichtigsten Einflüsse der Herstellungs- und Fertigungsverfahren auf Werkstoffeigenschaften beurteilen die grundlegenden naturwissenschaftlichen Prinzipien anwenden und deren Bedeutung beschreiben die erworbenen Kenntnisse zur Beurteilung technischer Fragestellungen des Alltags nutzen"
Maschinenbau (B.Sc.),TH Mittelhessen,B0030,Material- und Fertigungstechnologie 1 /,3,Die Studierenden können das entsprechende Fachvokabular der Material- und Fertigungstechnologie anwenden in Gruppen Lösungskonzepte für die Umsetzung von Fragestellungen der Material- und Fertigungstechnologie erarbeiten
Maschinenbau (B.Sc.),TH Mittelhessen,B0030,Material- und Fertigungstechnologie 1 /,4,Die Studierenden können ihre persönlichen Ressourcen reflektieren und die Notwendigkeit eines lebenslangen Lernens erkennen ihren Lernprozess den individuellen Ressourcen entsprechend sinnvoll planen und strukturieren ihren Lernfortschritt reflektieren und ihr Lernverhalten ggf. (methodisch/zeitlich) anpassen
Maschinenbau (B.Sc.),TH Mittelhessen,B0031,Material- und Fertigungstechnologie 2 /,1,"Die Studierenden können eine zielorientierte Auswahl von metallischen und nicht-metallischen Werkstoffen unter Berücksichtigung der optimalen Fertigungsprozessketten und ausgerichtet auf das Anforderungsprofil, insbesondere der Betriebsbeanspruchung der Bauteile vornehmen das reale Verhalten von Werkstoffen anhand von erweiterten Grundprinzipien ableiten und beurteilen die gewonnenen Erkenntnisse auf eine Vielzahl von Werkstoffgruppen und Varianten der Fertigungsverfahren übertragen geeignete Prüfmethoden zur Ermittlung wichtiger Werkstoffeigenschaften benennen, auswählen und anwenden Werkstoffmodelle darlegen und mit realen Beispielen belegen auf der Basis statistischer Kenngrößen Voraussagen zu Lebensdauer und Sicherheit von Bauteilen treffen"
Maschinenbau (B.Sc.),TH Mittelhessen,B0031,Material- und Fertigungstechnologie 2 /,2,"Die Studierenden können die gewonnenen Erkenntnisse auf eine Vielzahl von Werkstoffen und Varianten der Fertigungsverfahren übertragen die Grundlagenversuche der Werkstoff- und Bauteilprüfung zielgerichtet einsetzen und sind in der Lage, den Einfluss unterschiedlicher Versuchsparameter auf die Prüfergebnisse einzuschätzen werkstofftechnische Fragestellungen analysieren und selbstständig Lösungsstrategien erarbeiten"
Maschinenbau (B.Sc.),TH Mittelhessen,B0031,Material- und Fertigungstechnologie 2 /,3,Die Studierenden können das erweiterte Fachvokabular der Material- und Fertigungstechnologie in Diskussionen anwenden in Gruppen Lösungskonzepte für die Umsetzung von schwierigeren Fragestellungen der Materialund Fertigungstechnologie erarbeiten
Maschinenbau (B.Sc.),TH Mittelhessen,B0031,Material- und Fertigungstechnologie 2 /,4,Die Studierenden können das erworbene Basiswissen der Veranstaltungen zur Material- und Fertigungstechnik zu Beurteilung des Werkstoffeinsatzes bei Fragestellungen in weiterführenden Lehrveranstaltungen im Bachelorstudium nutzen selbstständig Informationen beschaffen und ihr Wissen erweitern ihre persönlichen Ressourcen reflektieren und Ziele für die eigene Entwicklung definieren ihren Lernprozess den individuellen Ressourcen entsprechend sinnvoll planen und strukturieren ihren Lernfortschritt reflektieren und ihr Lernverhalten ggf. (methodisch/zeitlich) anpassen
Maschinenbau (B.Sc.),TH Mittelhessen,B0032,Material- und Fertigungstechnologie 3 /,1,"Fertigungsverfahren sowie Fertigungsprozessketten hinsichtlich Qualität, Wirtschaftlichkeit und Nachhaltigkeit beurteilen und miteinander vergleichen das Zusammenwirken mehrerer Verfahren zu einer Fertigungsprozesskette erklären die Beziehungen und Wechselwirkungen der Fertigungsverfahren zu Werkstoff- und Gebrauchseigenschaften erklären für eine gegebene Fertigungsaufgabe geeignete Fertigungsprozessketten entwickeln"
Maschinenbau (B.Sc.),TH Mittelhessen,B0032,Material- und Fertigungstechnologie 3 /,2,Die Studierenden können die Abhängigkeiten zwischen den Fertigungsprozessschritten erkennen alternative Fertigungsverfahren bzgl.
Maschinenbau (B.Sc.),TH Mittelhessen,B0032,Material- und Fertigungstechnologie 3 /,3,Vor‐ und Nachteilen einordnen und bewerten Randbedingungen für den technisch und wirtschaftlich sinnvollen Einsatz von Fertigungsverfahren analysieren selbständig Prozessketten für die Fertigung typischer Bauteile bilden Konstruktionen aus fertigungstechnischer Sicht beurteilen und ggf. Verbesserungen ableiten
Maschinenbau (B.Sc.),TH Mittelhessen,B0032,Material- und Fertigungstechnologie 3 /,4,In Fachdiskussionen Fragestellungen der Material- und Fertigungstechnologie diskutieren In der Gruppenarbeit Konflikte erkennen und ausräumen ihre persönlichen Ressourcen reflektieren und Ziele für die eigene Entwicklung definieren Im Unternehmen in Arbeitsteams Lösungskonzepte für die Umsetzung von schwierigeren Fragestellungen der Material- und Fertigungstechnologie erarbeiten
Maschinenbau (B.Sc.),TH Mittelhessen,B0032,Material- und Fertigungstechnologie 3 /,5,Die Studierenden können auch ohne direkte Anleitung selbstständig bzw. in Gruppen Problemstellungen bearbeiten ihre Zeit sinnvoll einteilen ihren Lernprozess den individuellen Ressourcen entsprechend sinnvoll planen und strukturieren ihren Lernfortschritt reflektieren und ihr Lernverhalten ggf. (methodisch/zeitlich) anpassen
Maschinenbau (B.Sc.),TH Mittelhessen,B0040,Technische Thermodynamik,1,"Die Studierenden können grundlegende Berechnungen insbesondere für Anwendungen in der Energie-, Antriebs- und Verfahrenstechnik durchführen Grundbegriffe der Thermodynamik erläutern und fachspezifisch anwenden die Bedeutung der Hauptsätze der Thermodynamik darstellen und diese Hauptsätze anwenden Zustandsgrößen idealer Gase berechnen"
Maschinenbau (B.Sc.),TH Mittelhessen,B0040,Technische Thermodynamik,2,Die Studierenden können thermodynamische Kreisprozesse als eine Folge von Zustandsänderungen eines Arbeitsmediums beschreiben
Maschinenbau (B.Sc.),TH Mittelhessen,B0040,Technische Thermodynamik,3,Fragestellungen der technischen Thermodynamik in Gruppen diskutieren und wärmetechnische Fragestellungen bearbeiten
Maschinenbau (B.Sc.),TH Mittelhessen,B0040,Technische Thermodynamik,4,Die Studierenden können den eigenen Leistungsstand auf dem Gebiet der technischen Thermodynamik beurteilen
Maschinenbau (B.Sc.),TH Mittelhessen,B0050,Konstruktionslehre,1,"Technische Zeichnungen lesen und verstehen sowie normgerecht selbst erstellen Bauteile und Baugruppen zeichnen (auch als Handskizze) und funktions- oder fertigungsgerecht bemaßen kennen die grundlegenden Begriffe und Definitionen der Cxx-Techniken sicher in Gruppen/Projekten arbeiten, da Sie mit der Struktur der Datenverwaltung entsprechender CAD-Systeme vertraut sind"
Maschinenbau (B.Sc.),TH Mittelhessen,B0050,Konstruktionslehre,2,"Die Studierenden sind vertraut mit der typischen Form, Lage und Funktion wichtiger Norm- und Maschinenteile mit den grundlegenden Begriffen und Definitionen der CXX-Techniken mit den Grundlagen des dreidimensionalen Konstruierens sowie der anschließenden Erstellung von Baugruppen"
Maschinenbau (B.Sc.),TH Mittelhessen,B0050,Konstruktionslehre,3,Die Studierenden können einfache Bauteile selbständig anhand von 2D- Zeichnungen/ Skizzen in eine 3D-Konstruktion umzusetzen und daraus funktionsgerechte Baugruppen zu erstellen
Maschinenbau (B.Sc.),TH Mittelhessen,B0050,Konstruktionslehre,4,Fragestellungen der Konstruktionslehre in Gruppen diskutieren und entsprechende CADFragestellungen bearbeiten
Maschinenbau (B.Sc.),TH Mittelhessen,B0050,Konstruktionslehre,5,Die Studierenden können den eigenen Leistungsstand auf dem Gebiet der Konstruktionstechnik beurteilen kreativ Lösungen für konstruktive Aufgaben finden ihren Lernprozess den individuellen Ressourcen entsprechend sinnvoll planen und strukturieren ihren Lernfortschritt reflektieren und ihr Lernverhalten ggf. (methodisch/zeitlich) anpassen
Maschinenbau (B.Sc.),TH Mittelhessen,B0060,Maschinenelemente 1,1,Die Studierenden können die wichtigsten Maschinenelemente rechnerisch auslegen und kennen ihre Funktion und Einsatzmöglichkeiten Funktionsnachweise in Form von statischen und dynamische Werkstoff- und Bauteilbeanspruchbarkeiten durchführen
Maschinenbau (B.Sc.),TH Mittelhessen,B0060,Maschinenelemente 1,2,"Die Studierenden beherrschen die Vorgehensweisen bei der Gestaltung, Analyse, Berechnung und dem Einsatz von Maschinenelementen als Teil von Maschinensystemen die Anwendungen und Berechnungsmethoden zu gängigen Maschinenelementen Methodenkompetenzen (fachlich & überfachlich)"
Maschinenbau (B.Sc.),TH Mittelhessen,B0060,Maschinenelemente 1,3,Die Studierenden können einfache Bauteile selbständig anhand von 2D- Zeichnungen/ Skizzen in eine 3D-Konstruktion umzusetzen und daraus funktionsgerechte Baugruppen zu erstellen
Maschinenbau (B.Sc.),TH Mittelhessen,B0060,Maschinenelemente 1,4,Fragestellungen der Konstruktionslehre in Gruppen diskutieren
Maschinenbau (B.Sc.),TH Mittelhessen,B0060,Maschinenelemente 1,5,Die Studierenden können den eigenen Leistungsstand auf dem Gebiet der Maschinenelemente beurteilen
Maschinenbau (B.Sc.),TH Mittelhessen,B0061,Maschinenelemente 2,1,Maschinensysteme auch mit elektrischen/elektronischen/mechatronischen Komponenten funktional in ihre Teilsysteme ordnen und so komplexere funktionale Zusammenhänge abstrahieren. das Bewegungsverhalten von Maschinen(teil)systemen mit Hilfe der Theorie der Starrkörperkinetik simulieren Methodenkompetenzen (fachlich & überfachlich)
Maschinenbau (B.Sc.),TH Mittelhessen,B0061,Maschinenelemente 2,2,"Die Studierenden können mithilfe der erlernten Methoden wesentliche Komponenten (wie Kupplungen, Bremsen, E-Motoren, mechatronische Aktuatoren, etc.) auslegen komplexe Maschinenanlagen ganzheitlich beurteilen sowie Optimierungspotentiale ableiten"
Maschinenbau (B.Sc.),TH Mittelhessen,B0061,Maschinenelemente 2,3,Die Studierenden können aufgrund der Gruppen-Projektarbeit Fragestellungen der Konstruktion in Gruppen diskutieren
Maschinenbau (B.Sc.),TH Mittelhessen,B0061,Maschinenelemente 2,4,Die Studierenden können den eigenen Leistungsstand auf dem Gebiet der Konstruktion von Maschinensystemen beurteilen
Maschinenbau (B.Sc.),TH Mittelhessen,B0062,Maschinenelemente 3,1,"Maschinensystemen zur mechanischen Antriebstechnik gestalten anhand eines Konstruktionsprojektes Getriebe entwerfen und gestalten. auf Basis von Freiformflächenmodellierungen, Parameterkurven und programmierbarer Parameterbeziehungen komplexe geometrische Modellierungen erstellen Methodenkompetenzen (fachlich & überfachlich)"
Maschinenbau (B.Sc.),TH Mittelhessen,B0062,Maschinenelemente 3,2,"Die Studierenden können komplexe Maschinensysteme zur mechanischen Antriebstechnik funktional in Teilsystemen strukturieren diese komplexen Maschinensysteme mit Hilfe der erlernten Berechnungsmethoden auslegen und deren Charakteristika den funktionalen Anwendungen zuordnen durch die weiterentwickelten CAD-Kenntnisse komplexere Maschinen(teil)systeme mit Freiformflächen, FEM- und Starrkörper-Simulation auslegen und konstruieren"
Maschinenbau (B.Sc.),TH Mittelhessen,B0062,Maschinenelemente 3,3,Die Studierenden können aufgrund der Gruppen-Projektarbeit Fragestellungen der Konstruktion in Gruppen diskutieren
Maschinenbau (B.Sc.),TH Mittelhessen,B0062,Maschinenelemente 3,4,Die Studierenden können den eigenen Leistungsstand auf dem Gebiet der Konstruktion von Maschinensystemen beurteilen
Maschinenbau (B.Sc.),TH Mittelhessen,B0070,Grundlagen der Elektrotechnik,1,Die Studierenden beherrschen die Grundlagen der Gleichstromtechnik und Wechselstromtechnik die Wirkungsweise und Einsatzgebiete passiver Elemente
Maschinenbau (B.Sc.),TH Mittelhessen,B0070,Grundlagen der Elektrotechnik,2,Die Studierenden können die vermittelten Berechnungsverfahren zur Gleichstrom- und Wechselstromtechnik anwenden prinzipielle Vorgehensweisen und Techniken zum Lösen ingenieurmäßiger Aufgaben auf dem Gebiet der Elektrotechnik anwenden
Maschinenbau (B.Sc.),TH Mittelhessen,B0070,Grundlagen der Elektrotechnik,3,Fragestellungen der Elektrotechnik in Gruppen diskutieren
Maschinenbau (B.Sc.),TH Mittelhessen,B0070,Grundlagen der Elektrotechnik,4,Die Studierenden können den eigenen Leistungsstand auf dem Gebiet der Elektrotechnik beurteilen ihre persönlichen Ressourcen reflektieren und Ziele für die eigene Entwicklung definieren ihren Lernprozess den individuellen Ressourcen entsprechend sinnvoll planen und strukturieren ihren Lernfortschritt reflektieren und ihr Lernverhalten ggf. (methodisch/zeitlich) anpassen
Maschinenbau (B.Sc.),TH Mittelhessen,B0071,Elektrotechnik Labor,1,Die Studierenden beherrschen praktische Aspekte der elektrischen Energieversorgung und elektrischer Maschinen und Antriebe Komponenten der Leistungselektronik und der Regelungstechnik in Schaltungen relevante Parameter messtechnisch erfassen
Maschinenbau (B.Sc.),TH Mittelhessen,B0071,Elektrotechnik Labor,2,Die Studierenden können reale Schaltungen und Systeme aufbauen und zu analysieren
Maschinenbau (B.Sc.),TH Mittelhessen,B0071,Elektrotechnik Labor,3,Fragestellungen der Elektrotechnik in Gruppen diskutieren
Maschinenbau (B.Sc.),TH Mittelhessen,B0071,Elektrotechnik Labor,4,Die Studierenden können den eigenen Leistungsstand auf dem Gebiet der Elektrotechnik beurteilen
Maschinenbau (B.Sc.),TH Mittelhessen,B0080,Wirtschaftswissen für Ingenieure,1,"Die Studierenden beherrschen Grundlagen der Betriebswirtschaftslehre Grundzüge des betrieblichen Rechnungswesens Grundlagen des Rechts, der Normauslegung und der Rechtsanwendung strategische und operative Planungen durchführen einfache Businesspläne aufstellen"
Maschinenbau (B.Sc.),TH Mittelhessen,B0080,Wirtschaftswissen für Ingenieure,2,Die Studierenden können materialwirtschaftliche Prozesse nachvollziehen und beurteilen die rechtlichen Konsequenzen wirtschaftlicher Tätigkeiten abschätzen
Maschinenbau (B.Sc.),TH Mittelhessen,B0080,Wirtschaftswissen für Ingenieure,3,"Soziale Konsequenzen betriebswirtschaftlicher Entscheidungen abschätzen Das Verhalten von Unternehmungen rechtlich und betriebswirtschaftlich nachzuvollziehen und deren Konsequenzen gesellschaftlich beurteilen eigenständig einfache rechtliche Problemstellungen zu analysieren, mit Juristen zusammenarbeiten und kommunizieren"
Maschinenbau (B.Sc.),TH Mittelhessen,B0080,Wirtschaftswissen für Ingenieure,4,Die Studierenden können das eigene Verhalten unter rechtlichen und betriebswirtschaftlichen Aspekten beurteilen. ihre persönlichen Ressourcen reflektieren und Ziele für die eigene Entwicklung definieren ihren Lernprozess den individuellen Ressourcen entsprechend sinnvoll planen und strukturieren ihren Lernfortschritt reflektieren und ihr Lernverhalten ggf. (methodisch/zeitlich) anpassen
Maschinenbau (B.Sc.),TH Mittelhessen,B0090,Methoden des wissenschaftlichen Arbeitens,1,Qualifikations- und Lernziele wissenschaftlicher Umgang mit
Maschinenbau (B.Sc.),TH Mittelhessen,B0090,Methoden des wissenschaftlichen Arbeitens,2,Aufgaben der Wissenschaften und Wissenschaftsvokabular
Maschinenbau (B.Sc.),TH Mittelhessen,B0090,Methoden des wissenschaftlichen Arbeitens,3,Ablauf wissenschaftlicher Prozesse
Maschinenbau (B.Sc.),TH Mittelhessen,B0090,Methoden des wissenschaftlichen Arbeitens,4,"Techniken des wissenschaftlichen Arbeitens u.a. Literaturrecherche, Zietieren)"
Maschinenbau (B.Sc.),TH Mittelhessen,B0090,Methoden des wissenschaftlichen Arbeitens,5,Suchstrategien bei der Quellenarbeit
Maschinenbau (B.Sc.),TH Mittelhessen,B0090,Methoden des wissenschaftlichen Arbeitens,6,"Verarbeitung und Speicherung wissenschaftlichen Materials (Literaturverwaltung, Bibliografieren) Grundlagen des wissenschaftlichen Schreibens"
Maschinenbau (B.Sc.),TH Mittelhessen,B0090,Methoden des wissenschaftlichen Arbeitens,7,"wissen, was unter Wissenschaft zu verstehen ist und können eine grundlegende Systematisierung vornehmen,"
Maschinenbau (B.Sc.),TH Mittelhessen,B0090,Methoden des wissenschaftlichen Arbeitens,8,"wissen, welche Aufgaben/Funktionen die Wissenschaften in der Gesellschaft erfüllen/wahrnehmen,"
Maschinenbau (B.Sc.),TH Mittelhessen,B0090,Methoden des wissenschaftlichen Arbeitens,9,"kennen die charakteristischen Merkmale des wissenschaftlichen Arbeitens und können diese beispielhaft darlegen,"
Maschinenbau (B.Sc.),TH Mittelhessen,B0090,Methoden des wissenschaftlichen Arbeitens,10,"unterscheiden die wichtigsten Arten wissenschaftlichen Materials,"
Maschinenbau (B.Sc.),TH Mittelhessen,B0090,Methoden des wissenschaftlichen Arbeitens,11,"kennen die grundlegenden Aspekte des wissenschaftlich orientierten Recherchierens und wenden mit ausgewählten Suchverfahren die Literatursuche beispielsweise im Bibliothekskatalog an,"
Maschinenbau (B.Sc.),TH Mittelhessen,B0090,Methoden des wissenschaftlichen Arbeitens,12,erlernen das direkte und indirekte Zitieren sowie den Umgang mit wissenschaftlichen Quellen
Maschinenbau (B.Sc.),TH Mittelhessen,B0090,Methoden des wissenschaftlichen Arbeitens,13,können experimentell ermittelte Daten darstellen und auswerten
Maschinenbau (B.Sc.),TH Mittelhessen,B0090,Methoden des wissenschaftlichen Arbeitens,14,"sind in der Lage, die Richtigkeit und Präzision experimenteller Daten zu beurteilen."
Maschinenbau (B.Sc.),TH Mittelhessen,B0090,Methoden des wissenschaftlichen Arbeitens,15,"lernen die grundlegende Herangehensweise in der Forschung kennen,"
Maschinenbau (B.Sc.),TH Mittelhessen,B0090,Methoden des wissenschaftlichen Arbeitens,16,lernen die Grundlagen des wissenschaftlichen Arbeitens kennen und wenden diese an
Maschinenbau (B.Sc.),TH Mittelhessen,B0090,Methoden des wissenschaftlichen Arbeitens,17,"arbeiten selbststeuernd und im Team, um Aufgaben gemeinsam zu lösen."
Maschinenbau (B.Sc.),TH Mittelhessen,B0090,Methoden des wissenschaftlichen Arbeitens,18,können dabei ihre Leistung reflektieren und ggf. anpassen.
Maschinenbau (B.Sc.),TH Mittelhessen,B0090,Methoden des wissenschaftlichen Arbeitens,19,"können ihren Lernprozess und ihre Ziele reflektieren,"
Maschinenbau (B.Sc.),TH Mittelhessen,B0090,Methoden des wissenschaftlichen Arbeitens,20,erlernen die Umsetzung von Aufgaben mit Präzision und Detailtreue
Maschinenbau (B.Sc.),TH Mittelhessen,B0100,Naturwissenschaften für Ingenieure,1,Die Studierenden besitzen ein Verständnis für die physikalischen Funktionsweisen von optischen und akustischen Instrumenten und verfügen über Kenntnisse beim Einsatz von solchen Instrumenten in der praktischen Anwendung
Maschinenbau (B.Sc.),TH Mittelhessen,B0100,Naturwissenschaften für Ingenieure,2,"Die Studierenden können die grundlegenden Eigenschaften von Wellen beschreiben die physikalischen Grundlagen von Wellenphänomenen wie Reflektion, Brechung und Interferenz darstellen optische Elemente wie Prismen, Linsen und Spiegel in ihren Eigenschaften beschreiben die physikalischen Grundlagen von akustischen und elektromagnetischen Wellen unterscheiden"
Maschinenbau (B.Sc.),TH Mittelhessen,B0100,Naturwissenschaften für Ingenieure,3,Die Studierenden können die grundlegenden physikalischen Gesetze der Elektrizität und des Magnetismus anwenden und entwickeln ein Verständnis für die Zusammenhänge auf den Gebieten der Elektrostatik und Elektrodynamik elektrische und elektronische Geräte im täglichen Gebrauch einsetzen
Maschinenbau (B.Sc.),TH Mittelhessen,B0100,Naturwissenschaften für Ingenieure,4,Die Studierenden können physikalische Fragestellungen in Gruppen diskutieren und mit Physikern kommunizieren
Maschinenbau (B.Sc.),TH Mittelhessen,B0100,Naturwissenschaften für Ingenieure,5,Die Studierenden können den eigenen Leistungsstand auf dem Gebiet der Physik beurteilen und kritisch reflektieren
Maschinenbau (B.Sc.),TH Mittelhessen,B0110,Informatik für Ingenieure,1,Die Studierenden beherrschen Grundbegriffe der Datenverarbeitung
Maschinenbau (B.Sc.),TH Mittelhessen,B0110,Informatik für Ingenieure,2,Die Studierenden können mit Hilfe geeigneter Beispiele die zunehmende Bedeutung der Datenverarbeitung in technischen Systemen einschätzen kleinere Programme mit Hilfe unterschiedlicher Programmiersprachen erstellen
Maschinenbau (B.Sc.),TH Mittelhessen,B0110,Informatik für Ingenieure,3,"Die Studierenden können grundlegende Konzepte der Imperativen Programmierung anwenden und sind in der Lage, einfache Problemstellungen algorithmisch zu erfassen und in einem Programm zu implementieren"
Maschinenbau (B.Sc.),TH Mittelhessen,B0110,Informatik für Ingenieure,4,Die Studierenden können durch Gruppenübungen ihre Zusammenarbeit und Teamfähigkeit steigern
Maschinenbau (B.Sc.),TH Mittelhessen,B0110,Informatik für Ingenieure,5,Die Studierenden können den eigenen Leistungsstand auf dem Gebiet der Informatik beurteilen und kritisch reflektieren
Maschinenbau (B.Sc.),TH Mittelhessen,B0120,Grundlagen der Mess- und Sensortechnik /,1,"Die Studierenden beherrschen die Grundlagen der Mess- und Sensortechnik und sind befähigt, grundlegende messtechnische Aufgaben selbständig zu lösen. unterschiedliche Verfahren zur Erfassung und Auswertung von Messgrößen anwenden und kennen die wichtigsten Sensorprinzipien kleinere Programme mit Hilfe unterschiedlicher Programmiersprachen erstellen"
Maschinenbau (B.Sc.),TH Mittelhessen,B0120,Grundlagen der Mess- und Sensortechnik /,2,Die Studierenden können selbstständig Aufgabenstellungen lösen und wenden dabei Matlab/Simulink/Python an.
Maschinenbau (B.Sc.),TH Mittelhessen,B0120,Grundlagen der Mess- und Sensortechnik /,3,"In entsprechenden Übungen werden Mikrocontroller (Arduino Uno R3) sowie Steckplatine, LEDs, Kabel, Vorwiderstände und Sensorik (Temperatur-, Kraft- und Abstandssensor) an. grundlegende Konzepte der Imperativen Programmierung anwenden und sind in der Lage, einfache Problemstellungen algorithmisch zu erfassen und in einem Programm zu implementieren"
Maschinenbau (B.Sc.),TH Mittelhessen,B0120,Grundlagen der Mess- und Sensortechnik /,4,Die Studierenden können durch Gruppenübungen ihre Zusammenarbeit und Teamfähigkeit steigern
Maschinenbau (B.Sc.),TH Mittelhessen,B0120,Grundlagen der Mess- und Sensortechnik /,5,Die Studierenden können den eigenen Leistungsstand auf dem Gebiet der Mess- und Sensortechnik beurteilen und kritisch reflektieren.
Maschinenbau (B.Sc.),TH Mittelhessen,B0130,Fluidmechanik,1,Die Studierenden beherrschen die Grundlagen der Hydrostatik und Hydrodynamik
Maschinenbau (B.Sc.),TH Mittelhessen,B0130,Fluidmechanik,2,Die Studierenden können die rheologischen Eigenschaften von Fluiden beurteilen Rohrströmungen und Druckverluste berechnen Kräfte auf umströmte Körper ermitteln Methodenkompetenzen (fachlich & überfachlich)
Maschinenbau (B.Sc.),TH Mittelhessen,B0130,Fluidmechanik,3,Die Studierenden können die Grundsätze der Fluidmechanik an typischen strömungsmechanischen Fragestellungen insbesondere im Bereich des Maschinenbaus anwenden.
Maschinenbau (B.Sc.),TH Mittelhessen,B0130,Fluidmechanik,4,Die Studierenden können durch Gruppenübungen ihre Zusammenarbeit sowie Kommunikations- und Teamfähigkeit steigern
Maschinenbau (B.Sc.),TH Mittelhessen,B0130,Fluidmechanik,5,Die Studierenden können den eigenen Leistungsstand auf dem Gebiet der Fluidmechanik beurteilen und kritisch reflektieren.
Maschinenbau (B.Sc.),TH Mittelhessen,B0131,Simulation in der Fluidmechanik,1,Die Studierenden beherrschen die Grundlagen der Simulation von Strömungen (Computational Fluid Dynamics CFD)
Maschinenbau (B.Sc.),TH Mittelhessen,B0131,Simulation in der Fluidmechanik,2,Die Studierenden können mit einschlägiger CFD-Software umgehen und lernen die Grenzen und Möglichkeiten bei der Simulation kennen die Grundlagen der Simulation von Strömungen (Computational Fluid Dynamics CFD) Rohrströmungen und Druckverluste berechnen Kräfte auf umströmte Körper ermitteln Methodenkompetenzen (fachlich & überfachlich)
Maschinenbau (B.Sc.),TH Mittelhessen,B0131,Simulation in der Fluidmechanik,3,Die Studierenden können die Grundsätze der Fluidmechanik an typischen strömungsmechanischen Fragestellungen insbesondere im Bereich des Maschinenbaus anwenden.
Maschinenbau (B.Sc.),TH Mittelhessen,B0131,Simulation in der Fluidmechanik,4,Die Studierenden können durch die Arbeit in 2-er Gruppen ihre Kommunikations- und Teamfähigkeit steigern
Maschinenbau (B.Sc.),TH Mittelhessen,B0131,Simulation in der Fluidmechanik,5,Die Studierenden vertiefen durch die Nutzung englischsprachiger Software speziell die fachbezogenen Englischkenntnisse
Maschinenbau (B.Sc.),TH Mittelhessen,B0140,Maschinendynamik,1,"Die Grundlagen der Schwingungstechnik darstellen, periodische und harmonische Schwingungen mathematisch beschreiben und Schwingungssignale mittels Fourieranalyse in ihre Frequenzanteile zerlegen die Verfahren der Schwingungstechnik anwenden und deren Anwendung zur Bestimmung und Vermeidung dynamischer Vorgänge an Maschinen sicher einsetzen durch die Nutzung englischsprachiger Software speziell die fachbezogenen Englischkenntnisse vertiefen"
Maschinenbau (B.Sc.),TH Mittelhessen,B0140,Maschinendynamik,2,"Die Studierenden können auftretende maschinendynamische Schwingungsprobleme mit einem und mehreren Freiheitsgraden sicher erkennen, beschreiben, bewerten und lösen, um daraus wissenschaftlich fundierte Urteile abzuleiten."
Maschinenbau (B.Sc.),TH Mittelhessen,B0140,Maschinendynamik,3,Die Studierenden können durch die Arbeit in Gruppen ihre Kommunikations- und Teamfähigkeit steigern
Maschinenbau (B.Sc.),TH Mittelhessen,B0140,Maschinendynamik,4,Die Studierenden können ihre persönlichen Ressourcen reflektieren und Ziele für die eigene Entwicklung definieren ihren Lernprozess den individuellen Ressourcen entsprechend sinnvoll planen und strukturieren ihren Lernfortschritt reflektieren und ihr Lernverhalten ggf. (methodisch/zeitlich) anpassen
Maschinenbau (B.Sc.),TH Mittelhessen,B0150,Leichtbau 1,1,Die Studierenden beherrschen die Grundlagen der Finite-Elemente-Methode mit besonderem Bezug zum Leichtbau
Maschinenbau (B.Sc.),TH Mittelhessen,B0150,Leichtbau 1,2,Die Studierenden können die vielfältigen Möglichkeiten der FE-Methode zum Design von Leichtbaustrukturen einsetzen die Grenzen der FE-Methode aufzuzeigen durch die Nutzung englischsprachiger Software speziell die fachbezogenen Englischkenntnisse vertiefen Methodenkompetenzen (fachlich & überfachlich)
Maschinenbau (B.Sc.),TH Mittelhessen,B0150,Leichtbau 1,3,Die Studierenden können die FE-Methode mittels marktführenden Computer-Programmen an Leichtbaustrukturen anwenden Bauteile und Systeme nach den Regeln des Leichtbaus methodisch entwickeln und konstruieren
Maschinenbau (B.Sc.),TH Mittelhessen,B0150,Leichtbau 1,4,Die Studierenden können durch die Arbeit in Gruppen ihre Kommunikations- und Teamfähigkeit steigern
Maschinenbau (B.Sc.),TH Mittelhessen,B0150,Leichtbau 1,5,Die Studierenden können ihren Kenntnisstand auf dem Gebiet der Finite-Elemente-Methode einschätzen
Maschinenbau (B.Sc.),TH Mittelhessen,B0151,Leichtbau 2,1,"Die Studierenden können die Prinzipien für die Leichtbau-Konstruktion wiedergeben und sind befähigt, diese auf praktische Probleme anzuwenden begleitende Überschlagsberechnungen auf Basis der Technischen Mechanik ausführen und bewerten durch die Nutzung englischsprachiger Software speziell die fachbezogenen Englischkenntnisse vertiefen Methodenkompetenzen (fachlich & überfachlich)"
Maschinenbau (B.Sc.),TH Mittelhessen,B0151,Leichtbau 2,2,"Die Studierenden können mit der Finite-Elemente-Methode (numerische Simulation) Leichtbau-Strukturen (insbesondere dünnwandige Blechkonstruktionen) hinsichtlich Festigkeit, Steifigkeit, Zähigkeit und Gewicht auslegen"
Maschinenbau (B.Sc.),TH Mittelhessen,B0151,Leichtbau 2,3,Die Studierenden können durch die Arbeit in Kleingruppen ihre Kommunikations- und Teamfähigkeit steigern
Maschinenbau (B.Sc.),TH Mittelhessen,B0151,Leichtbau 2,4,Die Studierenden können ihren Kenntnisstand auf dem Gebiet der Finite-Elemente-Methode einschätzen
Maschinenbau (B.Sc.),TH Mittelhessen,B0152,Leichtbau 3,1,Die Studierenden beherrschen die Grundlagen der Stabilität (Knicken und Beulen) und können einfache Leichtbau-Strukturen hinsichtlich dieser Anforderung gezielt auslegen
Maschinenbau (B.Sc.),TH Mittelhessen,B0152,Leichtbau 3,2,Die Studierenden können den Aufbau und die Vorteile einfacher Sandwich-Strukturen beschreiben durch die Nutzung englischsprachiger Software speziell die fachbezogenen Englischkenntnisse vertiefen Methodenkompetenzen (fachlich & überfachlich)
Maschinenbau (B.Sc.),TH Mittelhessen,B0152,Leichtbau 3,3,Sandwich-Strukturen sowohl auf Basis der Technischen Mechanik (Berechnung von Hand) als auch mit Hilfe der Finite-Elemente-Methode (numerische Simulation) auslegen
Maschinenbau (B.Sc.),TH Mittelhessen,B0152,Leichtbau 3,4,Die Studierenden können durch die Arbeit in Kleingruppen ihre Kommunikations- und Teamfähigkeit steigern
Maschinenbau (B.Sc.),TH Mittelhessen,B0152,Leichtbau 3,5,Die Studierenden können ihren Kenntnisstand auf dem Gebiet des Leichtbaus einschätzen
Maschinenbau (B.Sc.),TH Mittelhessen,B0160,Elektromotorische Antriebe (mit Labor) /,1,"Aufbau und Funktionsweise elektrischer Standardmaschinen darstellen Arbeitspunktberechnungen für einen gegebenen Versorgungs- und Belastungszustand selbstständig durchführen Maschinenmodelle auswählen und für die Berechnungen bezüglich der Phasen- und Leistungsverhältnisse (cosφ, Wirkungsgrad) anwenden typische elektrische Maschinen in Betrieb nehmen dynamische Eigenschaften von Stellglieder beurteilen und Regelungsparameter einstellen"
Maschinenbau (B.Sc.),TH Mittelhessen,B0160,Elektromotorische Antriebe (mit Labor) /,2,Elektrische Maschinen und Regelungssysteme unter der Berücksichtigung jeweiliger Vor- und Nachteile auswählen wichtigste Betriebsparameter unter der Berücksichtigung der Ersatzschaltbilder ermitteln. dynamisches Verhalten eines Antriebssystems beurteilen und die Regelungssysteme optimal auslegen
Maschinenbau (B.Sc.),TH Mittelhessen,B0160,Elektromotorische Antriebe (mit Labor) /,3,Die Studierenden können in Gruppen kooperativ und effektiv Lösungen für Problemstellungen entwickeln ihren Standpunkt in Diskussionen argumentativ sachlich vertreten das eigene Kooperationsverhalten in Gruppen reflektieren und erweitern
Maschinenbau (B.Sc.),TH Mittelhessen,B0160,Elektromotorische Antriebe (mit Labor) /,4,Die Studierenden können ihre persönlichen Ressourcen reflektieren und Ziele für die eigene Entwicklung definieren ihren Lernprozess den individuellen Ressourcen entsprechend sinnvoll planen und strukturieren ihren Lernfortschritt reflektieren und ihr Lernverhalten ggf. (methodisch/zeitlich) anpassen
Maschinenbau (B.Sc.),TH Mittelhessen,B0170,Regelungstechnik,1,Die Studierenden können die Grundlagen der Regelungstechnik beschreiben die zugehörigen Methoden und Verfahren zur Berechnung grundlegender Regelstrecken sicher anwenden
Maschinenbau (B.Sc.),TH Mittelhessen,B0170,Regelungstechnik,2,Die Studierenden können typische Problemstellungen mit besonderem Bezug zu Anwendungen aus dem Maschinenbau methodisch strukturieren und daraus Lösungen ableiten.
Maschinenbau (B.Sc.),TH Mittelhessen,B0170,Regelungstechnik,4,Die Studierenden können in Gruppen kooperativ und effektiv Lösungen für Problemstellungen entwickeln ihren Standpunkt in Diskussionen argumentativ sachlich vertreten das eigene Kooperationsverhalten in Gruppen reflektieren und erweitern
Maschinenbau (B.Sc.),TH Mittelhessen,B0170,Regelungstechnik,5,Die Studierenden können ihre persönlichen Ressourcen reflektieren und Ziele für die eigene Entwicklung definieren ihren Lernprozess den individuellen Ressourcen entsprechend sinnvoll planen und strukturieren ihren Lernfortschritt reflektieren und ihr Lernverhalten ggf. (methodisch/zeitlich) anpassen
Maschinenbau (B.Sc.),TH Mittelhessen,B0181,Grundlagen der Elektronik,1,Die Studierenden können die Funktion und Anwendung grundlegender aktiver Bauelemente sowie digitaler und analoge Schaltungen der Elektrotechnik beschreiben grundlegenden digitalen und analogen Problemstellungen elektronische Komponenten und Grundschaltungen zuzuordnen können einfache digitale und analoge Grundschaltungen mit aktiven Komponenten der Elektronik berechnen
Maschinenbau (B.Sc.),TH Mittelhessen,B0181,Grundlagen der Elektronik,2,Die Studierenden können können einfache digitale und analoge Grundschaltungen mit aktiven Komponenten der Elektronik analysieren.
Maschinenbau (B.Sc.),TH Mittelhessen,B0181,Grundlagen der Elektronik,4,Die Studierenden können in Gruppen kooperativ und effektiv Lösungen für Problemstellungen entwickeln ihren Standpunkt in Diskussionen argumentativ sachlich vertreten das eigene Kooperationsverhalten in Gruppen reflektieren und erweitern
Maschinenbau (B.Sc.),TH Mittelhessen,B0181,Grundlagen der Elektronik,5,Die Studierenden können ihre persönlichen Ressourcen reflektieren und Ziele für die eigene Entwicklung definieren ihren Lernprozess den individuellen Ressourcen entsprechend sinnvoll planen und strukturieren ihren Lernfortschritt reflektieren und ihr Lernverhalten ggf. (methodisch/zeitlich) anpassen
Maschinenbau (B.Sc.),TH Mittelhessen,B0191,Grundlagen der Digitaltechnik,1,"Umrechnung von Zahlensystemen einschließlich Vorzeichen und Nachkommastellen Verwendung Fehler erkennender und Fehler korrigierender Codes, Analyse von Schaltnetzen (Wahrheitstabelle, Funktionsgleichung) Optimierung von Schaltnetzen mit Hilfe von Schaltalgebra, KV-Diagrammen Synthese von Schaltnetzen mit Hilfe von Grundgattern, Multiplexer, Decoder und Festwertspeicher, Lesen und Erstellen von Timing-Diagrammen, Entwurf von asynchronen und synchronen Zählern, Entwurf von Zustandsautomaten Analyse und Entwurf von Digitalschaltungen"
Maschinenbau (B.Sc.),TH Mittelhessen,B0200,Industriemaschinen (mit Labor) /,1,"Die Studierenden können im Rahmen eines zeitlich klar festgelegten Projektes das im Rahmen des bisherigen Bachelorstudiums erlangte, meist theoretische Fach- und Methodenwissen praxisbezogen einsetzen den Projektablauf schriftlich dokumentieren die Projektergebnisse schriftlich klar darstellen und fachliche Schlussfolgerungen ziehen Methodenkompetenzen (fachlich & überfachlich)"
Maschinenbau (B.Sc.),TH Mittelhessen,B0200,Industriemaschinen (mit Labor) /,2,Projektergebnisse systematisch auswerten und schriftlich strukturiert darstellen
Maschinenbau (B.Sc.),TH Mittelhessen,B0200,Industriemaschinen (mit Labor) /,3,Die Studierenden können in Gruppen kooperativ und effektiv Lösungen für Problemstellungen entwickeln ihren Standpunkt in Diskussionen argumentativ sachlich vertreten das eigene Kooperationsverhalten in Gruppen reflektieren und erweitern
Maschinenbau (B.Sc.),TH Mittelhessen,B0200,Industriemaschinen (mit Labor) /,4,Die Studierenden können ihre persönlichen Ressourcen reflektieren und Ziele für die eigene Entwicklung definieren ihren Lernprozess den individuellen Ressourcen entsprechend sinnvoll planen und strukturieren ihren Lernfortschritt reflektieren und ihr Lernverhalten ggf. (methodisch/zeitlich) anpassen
Maschinenbau (B.Sc.),TH Mittelhessen,B0210,Projektarbeit für Maschinenbauer /,1,"Die Studierenden können im Rahmen eines zeitlich klar festgelegten Projektes das im Rahmen des bisherigen Bachelorstudiums erlangte, meist theoretische Fach- und Methodenwissen praxisbezogen einsetzen den Projektablauf schriftlich dokumentieren sowie die Projektergebnisse schriftlich klar darstellen"
Maschinenbau (B.Sc.),TH Mittelhessen,B0210,Projektarbeit für Maschinenbauer /,2,Projektergebnisse systematisch auswerten und schriftlich strukturiert darstellen Sozialkompetenzen
Maschinenbau (B.Sc.),TH Mittelhessen,B0210,Projektarbeit für Maschinenbauer /,3,Die Studierenden können in Gruppen kooperativ und effektiv Lösungen für Problemstellungen entwickeln ihren Standpunkt in Diskussionen argumentativ sachlich vertreten das eigene Kooperationsverhalten in Gruppen reflektieren und erweitern
Maschinenbau (B.Sc.),TH Mittelhessen,B0210,Projektarbeit für Maschinenbauer /,4,Die Studierenden können ihre persönlichen Ressourcen reflektieren und Ziele für die eigene Entwicklung definieren ihren Lernprozess den individuellen Ressourcen entsprechend sinnvoll planen und strukturieren ihren Lernfortschritt reflektieren und ihr Lernverhalten ggf. (methodisch/zeitlich) anpassen
Maschinenbau (B.Sc.),TH Mittelhessen,B0220,Berufspraktische Phase (BPP),1,"Die Studierenden können während eines Praktikums im industriellen Umfeld das im Rahmen des bisherigen Bachelorstudiums erlangte, meist theoretische Fach- und Methodenwissen praxisbezogen einsetzen die in Rahmen des Praktikums auftretenden Themen ingenieurmäßig bearbeiten, wobei die Studierenden weitere Kenntnisse über Arbeitsweisen und Organisation im Berufsfeld erwerben, die Anwendbarkeit der im Studium erworbenen Kompetenzen erproben und sich mit organisationsbezogenen Arbeitsmethoden vertraut machen den Praktikumsablauf schriftlich dokumentieren sowie die Ergebnisse schriftlich klar darstellen"
Maschinenbau (B.Sc.),TH Mittelhessen,B0220,Berufspraktische Phase (BPP),2,Im Praktikum aufgetretene Sachverhalte sowie entsprechende Arbeitsfortschritte dokumentieren
Maschinenbau (B.Sc.),TH Mittelhessen,B0220,Berufspraktische Phase (BPP),3,Die Studierenden können in Gruppen kooperativ und effektiv Lösungen für Problemstellungen entwickeln sich im industriellen und beruflichen Umfeld eingliedern sich in Teams und Abteilungen einbringen und konstruktiv mitarbeiten
Maschinenbau (B.Sc.),TH Mittelhessen,B0220,Berufspraktische Phase (BPP),4,Die Studierenden können die im Rahmen des Praktikums gemachten Erfahrungen reflektieren und daraus Schlussfolgerungen für den weiteren Verlauf der Ausbildung ziehen
Maschinenbau (B.Sc.),TH Mittelhessen,B0221,Berufspraktische Phase (Begleitstudien) /,1,Die Studierenden können die im Rahmen des Praktikums gemachten Erfahrungen sowie die Ergebnisse der durchgeführten Arbeiten einem größeren Auditorium vorstellen und allgemeine sowie fachliche Fragen kompetent beantworten
Maschinenbau (B.Sc.),TH Mittelhessen,B0221,Berufspraktische Phase (Begleitstudien) /,2,Die Studierenden können eine aussagekräftige und interessante Präsentation erstellen Sozialkompetenzen
Maschinenbau (B.Sc.),TH Mittelhessen,B0221,Berufspraktische Phase (Begleitstudien) /,3,Die Studierenden können sich in eine Fachdiskussion konstruktiv einbringen
Maschinenbau (B.Sc.),TH Mittelhessen,B0230,Bachelorarbeit,1,"Die Studierenden können eine Aufgabenstellung erfassen, umfassend analysieren und einen Plan zur Lösung der Aufgabe erstellen den erstellten Arbeitsplan systematisch mit den im Studium erlangten Fach- und Methodenwissen bearbeiten geeignete Methoden zur Problemlösung auswählen und anwenden sowohl den Arbeitsablauf als auch die Ergebnisse ingenieurmäßig dokumentieren bzw. auswerten Methodenkompetenzen (fachlich & überfachlich)"
Maschinenbau (B.Sc.),TH Mittelhessen,B0230,Bachelorarbeit,2,Die Studierenden können einen Sachverhalt basierend auf wissenschaftlichen Methoden dokumentieren und präsentieren
Maschinenbau (B.Sc.),TH Mittelhessen,B0230,Bachelorarbeit,3,Die Studierenden können in Gruppen kooperativ und effektiv Lösungen für Problemstellungen entwickeln sich im industriellen und beruflichen Umfeld eingliedern sich in Teams und Abteilungen einbringen und konstruktiv mitarbeiten
Maschinenbau (B.Sc.),TH Mittelhessen,B0230,Bachelorarbeit,4,"Die Studierenden können ein für die Bachelorthesis geeignetes Thema finden, auswählen und alle formalen Voraussetzungen für die Bachelorarbeit schaffen weitgehend eigenständig die Aufgabenstellung bearbeiten und einer Problemlösung zuführen"
Maschinenbau (B.Sc.),TH Mittelhessen,B0231,Bachelor-Kolloquium,1,Das Thema und das Ergebnis der Bachelorarbeit sachlich richtig darstellen
Maschinenbau (B.Sc.),TH Mittelhessen,B0231,Bachelor-Kolloquium,2,Die Studierenden können das Thema und das Ergebnis der Bachelorarbeit in einer vorgegebenen Zeit umfassend präsentieren die Ergebnisse der Bachelorarbeit wissenschaftlich korrekt darstellen Sozialkompetenzen Keine
Maschinenbau (B.Sc.),TH Mittelhessen,B0231,Bachelor-Kolloquium,3,Die Studierenden können ihre persönlichen Stärken und Schwächen in Bezug auf die Darstellung komplexer Sachverhalte reflektieren und optimieren
Maschinenbau (B.Sc.),TH Mittelhessen,B0240,Grundlagen der Energie- und Wärmetechnik /,1,"Die Studierenden können die erlernten Grundlagen energie- und verfahrenstechnischer Prozesse einsetzen, um z.B. das Verhalten von Stoffen zu beschreiben Phasenänderungen bei reinen Stoffen und die Eigenschaften feuchter Luft berechnen mit Hilfe der erlernten Grundlagen der Verbrennungstechnik sowie die grundlegenden Mechanismen der Wärmeübertragung praktisch relevante Wärmeübertragungsprozesse auslegen und analysieren"
Maschinenbau (B.Sc.),TH Mittelhessen,B0240,Grundlagen der Energie- und Wärmetechnik /,2,Die Studierenden können entsprechende Anlagen in stationäre und eindimensionale Anwendungsfälle abstrahieren und daraus erste analytische Lösungsansätze für Verbesserungen ableiten
Maschinenbau (B.Sc.),TH Mittelhessen,B0240,Grundlagen der Energie- und Wärmetechnik /,3,Die Studierenden können ihren Lernfortschritt reflektieren und ihr Lernverhalten ggf. (methodisch/zeitlich) anpassen
Maschinenbau (B.Sc.),TH Mittelhessen,B0250,Verbrennungsmotoren 1,1,"Die Studierenden können die Kriterien zur Abgrenzung der unterschiedlichen Arbeitsmaschinen und zur Einordnung unterschiedlicher Verbrennungsmotoren (VM) darstellen die Grundlagen der wichtigsten thermodynamischen Modellprozesse erklären und diese in Bezug auf die wesentlichen Größen eines VM (Arbeit, Wirkungsgrad, Belastung) abgrenzen sowie die einzelnen Zustandsänderungen berechnen die Vereinfachungen zu realen Prozessführungen anwenden und so die Aussagen von Vergleichsprozessen auf reale VM übertragen die wichtigsten Kenngrößen und Kennfelder zur technischen Beschreibung und Beurteilung von VM erläutern und beherrschen den Umgang mit diesen zur grundlegenden Auslegung von VM den grundlegenden chemischen Aufbau von Kraftstoffen und deren wichtigsten physikalisch/chemischen Eigenschaften darstellen und so die Wirkung eines veränderten Kraftstoffs (z.B. alternative Kraftstoffe) auf die Betriebsgrößen des VM übertragen die funktionalen Grundlagen von Otto- und Dieselmotoren (Verbrennung, Einspritzung, Zündung, Gemischbildung) erläutern"
Maschinenbau (B.Sc.),TH Mittelhessen,B0250,Verbrennungsmotoren 1,2,Die Studierenden können die Vereinfachungen zu realen Prozessführungen anwenden und so die Aussagen von Vergleichsprozessen auf reale VM übertragen
Maschinenbau (B.Sc.),TH Mittelhessen,B0250,Verbrennungsmotoren 1,3,Die Studierenden können ihren Lernfortschritt reflektieren und ihr Lernverhalten ggf. (methodisch/zeitlich) anpassen
Maschinenbau (B.Sc.),TH Mittelhessen,B0251,Verbrennungsmotoren 2,1,Die Studierenden können unter Anwendung von Ähnlichkeitsbeziehungen und der Kenntnis von Leistungsgrenzen die Regeln der Anpassungskonstruktion bei Verbrennungsmotoren erläutern die wirkenden Kräfte und Momente im Triebwerk berechnen und kennen die Kinetik des Hubkolbentrieb-werkes können unterschiedliche Bauformen und konstruktive Gestaltungen der Triebwerke rechnerisch vergleichen und so auf neue Auslegungen erfolgreich übertragen.
Maschinenbau (B.Sc.),TH Mittelhessen,B0251,Verbrennungsmotoren 2,2,"Darauf aufbauend sind sie in der Lage, Ausgleichsverfahren in ihrer Wirkung und ihrem konstruktiven Aufwand zu beurteilen die Bedeutung des Ladungswechsels und der darauf aufbauenden Aufladetechniken sowie der zugehörigen, wesentlichen Ausführungsformen und Bauarten erläutern und können diese anhand von Erfolgsgrößen rechnerisch abschätzen und beurteilen"
Maschinenbau (B.Sc.),TH Mittelhessen,B0251,Verbrennungsmotoren 2,3,Die Studierenden können grundlegende Arten und Potentiale heutiger und zukünftiger Variabilität der Ladungswechselsteuerung darstellen zielorientiert vergleichen.
Maschinenbau (B.Sc.),TH Mittelhessen,B0251,Verbrennungsmotoren 2,4,Sie kennen die Grundlagen der Schadstoffentstehung im motorischen Abgas sowie die wesentlichen Maßnahmen zur Reduktion bei der Entstehung und durch Nachbehandlungssysteme die Wirksamkeit einzelner Maßnahmen einschätzen und auf aktuelle und kommende Gesetzgebungen übertragen
Maschinenbau (B.Sc.),TH Mittelhessen,B0251,Verbrennungsmotoren 2,5,Die Studierenden können ihren Lernfortschritt reflektieren und ihr Lernverhalten ggf. (methodisch/zeitlich) anpassen
Maschinenbau (B.Sc.),TH Mittelhessen,B0260,Strömungsmaschinen 1,1,"Die Studierenden können den Aufbau und die Wirkungsweise von Turbokraft- und Turboarbeitsmaschinen sowie deren Gemeinsamkeiten und Unterschiede erläutern die bekannten Gesetze der Thermodynamik und Strömungsmechanik auf Strömungsmaschinen anwenden und Fragen nach deren Leistung, Wirkungsgrad oder Durchsatz beantworten die Vorgänge in einer Strömungsmaschinenstufe durch die Verwendung dimensionsloser Stufenkenngrößen unabhängig von der realen Baugröße der Maschine beschreiben und beurteilen Erprobungsprozeduren selbständig für das Versuchsziel entwickeln und die Ergebnisse hinsichtlich der Zielsetzungen kritisch beurteilen"
Maschinenbau (B.Sc.),TH Mittelhessen,B0260,Strömungsmaschinen 1,2,Die Studierenden können die Bauweise einstufiger Strömungsmaschinen auf der Grundlage des Ordnungsprinzips von CORDIER festlegen und praktische Aufgaben aus dem Strömungsmaschinensektor durch systematisches Vorgehen lösen
Maschinenbau (B.Sc.),TH Mittelhessen,B0261,Strömungsmaschinen 2,1,Verlusten in Strömungsmaschinen darstellen und die Regelung von Strömungsmaschinen auslegen Strömungsmaschinen in Zusammenhang mit einer Anlage bzw. dem geplanten Arbeitseinsatz auswählen Windkraftanlagen hinsichtlich ihres Einsatzes einschätzen und dimensionieren
Maschinenbau (B.Sc.),TH Mittelhessen,B0261,Strömungsmaschinen 2,2,"Strömungsmaschinen auslegen, im Besonderen der Beschaufelung auslegen Sozialkompetenzen Keine"
Maschinenbau (B.Sc.),TH Mittelhessen,B0270,Konventionelle Energietechnik,1,Die Studierenden können die Berechnungsgrundlagen für Kreisprozesse auf praktisch relevante Anlagen in der Energie- und Antriebstechnik und insbesondere auf konventionelle Kraftwerkstechnik anwenden. technische Anforderungen an die Gasturbinentechnik sicher unterscheiden und dabei besondere Aspekte sowohl von stationären als auch mobilen Anwendungen berücksichtigen
Maschinenbau (B.Sc.),TH Mittelhessen,B0270,Konventionelle Energietechnik,2,Die Studierenden können die Methoden und Verfahren zur Auslegung von Anlagen zur Bereitstellung von Wärme und Kälte anwenden.
Maschinenbau (B.Sc.),TH Mittelhessen,B0280,Energie- und Strömungstechnik Labor /,1,"Die Studierenden können ihr theoretisch erworbenes Wissen aus den Bereichen Strömungstechnik, Strömungsmaschinen, Energie- und Wärmetechnik in praktisches Wissen umsetzen Inhalte aus den Vorlesungen und Übungen zur Wirkungsweise, dem Einsatzbereich, dem konstruktiven Aufbau, den Vorschriften in den Normen und den Besonderheiten von Strömungsmaschinen etc. im praktischen Versuchen mit der praktischen Anwendung verknüpfen und beurteilen ihr Wissen über typische Versuchsstände, Messtechniken und Messmethoden vertiefen und so die kritische Beurteilung der für das Mess-/Versuchsziel geeigneten Verfahren sowie den Umgang mit diesen Messmitteln erlernen"
Maschinenbau (B.Sc.),TH Mittelhessen,B0280,Energie- und Strömungstechnik Labor /,2,Die Studierenden können die wesentlichen Regeln zur wissenschaftlichen Dokumentation von Versuchsdurchführungen und Ergebnisdarstellungen selbstständig anwenden
Maschinenbau (B.Sc.),TH Mittelhessen,B0280,Energie- und Strömungstechnik Labor /,3,"Die Studierenden können die weitgehend selbstständige Versuchsplanung, -durchführung und Dokumentation in studentischen Kleingruppen durchführen und so die Teamfähigkeit und zielorientierte Kommunikation fördern"
Maschinenbau (B.Sc.),TH Mittelhessen,B0280,Energie- und Strömungstechnik Labor /,4,Die Studierenden können ihren Lernfortschritt reflektieren und ihr Lernverhalten ggf. (methodisch/zeitlich) anpassen
Maschinenbau (B.Sc.),TH Mittelhessen,B0290,Regenerative Energietechnik,1,Die Studierenden können vor dem Hintergrund der Energiesituation in Deutschland sowie weltweit die grundlegenden Aspekte der globalen Energieversorgung darstellen die große Bandbreite der Verfahren zur Nutzung der erneuerbaren Energien und die verschiedenen Möglichkeiten der Energiespeicherung erläutern Methodenkompetenzen (fachlich & überfachlich)
Maschinenbau (B.Sc.),TH Mittelhessen,B0290,Regenerative Energietechnik,2,Die Studierenden können die Bewertung der Wirtschaftlichkeit verschiedene Methoden der Wirtschaftlichkeitsberechnung anwenden
Maschinenbau (B.Sc.),TH Mittelhessen,B0290,Regenerative Energietechnik,3,Die Studierenden können den eigenen Leistungsstand auf dem Gebiet der regenerativen Energietechnik beurteilen
Maschinenbau (B.Sc.),TH Mittelhessen,B0300,Mechatronische Systeme,1,Die Studierenden beherrschen die Grundlagen der Modellbildung mechatronischer Systeme
Maschinenbau (B.Sc.),TH Mittelhessen,B0300,Mechatronische Systeme,2,Die Studierenden können unterschiedliche Beschreibungsformen von analogen und digitalen Systemen anwenden
Maschinenbau (B.Sc.),TH Mittelhessen,B0300,Mechatronische Systeme,3,Die Studierenden können die Integration von Sensoren und Aktoren in unterschiedliche Systeme sowie deren angepasste Auslegung und Regelung durchführen Sozialkompetenzen keine
Maschinenbau (B.Sc.),TH Mittelhessen,B0300,Mechatronische Systeme,4,Die Studierenden können den eigenen Leistungsstand auf dem Gebiet der mechatronischen Systeme beurteilen
Maschinenbau (B.Sc.),TH Mittelhessen,B0310,Automobiltechnik,1,"Die Studierenden können die grundlegenden Anforderungen an Automobile erläutern und daraus resultierenden Zielkonflikte ableiten und beurteilen Beispiel des Zielkonfliktes „Kraftstoffverbrauch – Fahrleistung/Komfort“ Maßnahmen zur Lösung darstellen diese gegeneinander vergleichen die funktionalen Vor- und Nachteile alternative Antriebskonzepte ableiten und diese anhand der wesentlichen Zielkonflikte vergleichend beurteilen. die Wirkung von aktiven und passiven Fahrsicherheitssystemen unterscheiden und verstehen die Funktion und Wirkung bekannten Systeme (ABS, ASR, etc.)"
Maschinenbau (B.Sc.),TH Mittelhessen,B0310,Automobiltechnik,2,Die Studierenden können die grundlegenden Zusammenhänge zwischen Antriebsleistung und Fahrwiderständen erkennen sowie die üblichen Techniken/Methoden zur Angleichung über Kennungswandler anwenden unter Berücksichtigung der erlernten Zusammenhänge der grundlegenden Fahrphysik die Systeme in ihrer Wirkung einschätzen und auf zukünftige Weiterentwicklungen übertragen.
Maschinenbau (B.Sc.),TH Mittelhessen,B0310,Automobiltechnik,3,Die Studierenden können ihren Lernfortschritt reflektieren und ihr Lernverhalten ggf. (methodisch/zeitlich) anpassen
Maschinenbau (B.Sc.),TH Mittelhessen,B0320,Qualitätsmanagement,1,Die Studierenden können die Bedeutung der Qualität im produzierenden und dienstleistenden Gewerbe sowie in den Branchenvarianten erkennen die Entstehung und Entwicklung von Verfahren zur Qualitätsverbesserung verstehen die im Rahmen des Qualitätsmanagements angewandten Normen erläutern und verstehen die Auswirkungen auf betriebliche Abläufe Methodenkompetenzen (fachlich & überfachlich)
Maschinenbau (B.Sc.),TH Mittelhessen,B0320,Qualitätsmanagement,2,Die Studierenden entwickeln ein grundlegendes Verständnis für qualitätssichernde Maßnahmen
Maschinenbau (B.Sc.),TH Mittelhessen,B0320,Qualitätsmanagement,3,"Qualitätstechniken anwenden, kennen Werkzeuge der Problemlösungstechniken und sind in der Lage, experimentelle und qualitätsrelevante Daten mit Hilfe mathematisch-statistischer Methoden auszuwerten und zu beurteilen."
Maschinenbau (B.Sc.),TH Mittelhessen,B0320,Qualitätsmanagement,4,"Soziale Konsequenzen von Unternehmensentscheidungen auf dem Gebiet des Qualitätsmanagements Das Verhalten von Unternehmungen rechtlich und betriebswirtschaftlich nachzuvollziehen und deren Konsequenzen gesellschaftlich beurteilen eigenständig einfache rechtliche Problemstellungen zu analysieren, mit Juristen zusammenarbeiten und kommunizieren"
Maschinenbau (B.Sc.),TH Mittelhessen,B0320,Qualitätsmanagement,5,Die Studierenden können das eigene Verhalten im Betrieb unter Qualitätsmanagement-Aspekten beurteilen. ihre persönlichen Ressourcen reflektieren und Ziele für die eigene Entwicklung definieren ihren Lernprozess den individuellen Ressourcen entsprechend sinnvoll planen und strukturieren
Maschinenbau (B.Sc.),TH Mittelhessen,B0330,Tribologie,1,"Die Studierenden können die Bedeutung der Tribologie in der Technik beschreiben und lernen die Abstraktion realer technischer Systeme zur Beschreibung als tribologisches System die wesentlichen Charakteristika (Kenngrößen, Mechanismen und Arten) von Reibung und Verschleiß sowie einige spezielle Erscheinungsformen erläutern die Grundlagen und Kenngrößen der Zuverlässigkeit sowie den Zusammenhang zwischen tribologischen Mechanismen und der Zuverlässigkeit von technischen Systemen darstellen die Grundlagen der Drucklufttechnik und Hydraulik aus physikalischer Sicht erläutern die notwendigen Komponenten zur Drucklufterzeugung und -aufbereitung beschreiben die notwendigen Komponenten zum Betreiben von Hydraulikaggregaten und Aufbereitungssystemen für Öl beschreiben den Aufbau, den Betrieb sowie die Wartung und Instandhaltung von Druckluft- und Hydrauliknetzen (Öl- Kreisläufen) erklären die notwendigen Komponenten zum Aufbau und Betrieb von pneumatischen und hydraulischen Systemen im Bereich der Automatisierungstechnik beschreiben unterschiedliche pneumatische und hydraulische Systeme für die Automatisierungstechnik entwickeln und konstruieren und deren Betrieb beschreiben unterschiedliche pneumatische und hydraulische Werkzeuge und Werkstückhandlingsysteme beschreiben und deren Einbindung in pneumatische und hydraulische Systeme erklären einfache Schaltungen aus den Gebieten der Pneumatik und Hydraulik entwerfen und aufbauen sowie komplizierte Schaltpläne sicher lesen und die zu Grunde liegenden Funktionen und Abläufe verstehen und beschreiben"
Maschinenbau (B.Sc.),TH Mittelhessen,B0330,Tribologie,2,"Die Studierenden können die aktuellen Normen, Vorschriften und Richtlinien für Kompressoren und pneumatische Anlagen sowie Hydraulikaggregate und hydraulische Anlagen anwenden"
Maschinenbau (B.Sc.),TH Mittelhessen,B0350,Steuerungstechnik im Automobilbau /,1,Die Studierenden beherrschen die allgemeinen Grundlagen der Steuerungstechnik im Automobilbau die Grundzüge der Programmiersprache C++ zur Programmierung eines Mikrocontrollersystems in Verbindung mit Sensorik/Aktorik-Peripherie die systematische Herangehensweise zur Entwicklung auch komplexerer Programmstrukturen und Programmabläufe
Maschinenbau (B.Sc.),TH Mittelhessen,B0350,Steuerungstechnik im Automobilbau /,2,Die Studierenden können typische Problemstellungen aus den genannten Inhaltspunkten unabhängig und selbständig zu lösen
Maschinenbau (B.Sc.),TH Mittelhessen,B0350,Steuerungstechnik im Automobilbau /,3,Die Studierenden können die prinzipielle Vorgehensweise und die Techniken zum Lösen von ingenieurmäßigen Aufgaben im Bereich der automobilen Steuerungstechnik anwenden
Maschinenbau (B.Sc.),TH Mittelhessen,B0360,Fahrwerktechnik,1,Die Studierenden sind vertraut mit den Grundlagen und der Fahrdynamik sowie den Fahrwerk-Komponenten und -Systemen den wesentlichen Aspekten heutiger und zukünftiger mechatronischer Systeme in Fahrwerken
Maschinenbau (B.Sc.),TH Mittelhessen,B0360,Fahrwerktechnik,2,Die Studierenden können die Möglichkeiten der Fahrwerkentwicklung und -auslegung anwenden und kritisch beurteilen
Maschinenbau (B.Sc.),TH Mittelhessen,B0360,Fahrwerktechnik,3,Die Studierenden können die Zukunftsperspektiven der Fahrwerkentwicklung und -auslegung beurteilen.
Maschinenbau (B.Sc.),TH Mittelhessen,B0360,Fahrwerktechnik,5,Die Studierenden können ihren Lernprozess den individuellen Ressourcen entsprechend sinnvoll planen und strukturieren
Maschinenbau (B.Sc.),TH Mittelhessen,B0370,Betriebsfestigkeit (mit Labor) /,1,Die Studierenden beherrschen die Kennlinien der Bauteil-/Betriebsfestigkeit und können mit den zahlreichen Einflussfaktoren umgehen
Maschinenbau (B.Sc.),TH Mittelhessen,B0370,Betriebsfestigkeit (mit Labor) /,2,"Die Studierenden können technisch relevante, mechanische Bauteil-Beanspruchungsarten und die daraus resultierenden Schädigungs- und Bruchvorgänge unterscheiden und bewerten"
Maschinenbau (B.Sc.),TH Mittelhessen,B0370,Betriebsfestigkeit (mit Labor) /,3,Die Studierenden können einschlägige Verfahren zur betriebsfesten Auslegung von Strukturen des Maschinen- und Fahrzeugbaus anwenden
Maschinenbau (B.Sc.),TH Mittelhessen,B0380,Verbundwerkstoffe,1,"Die Studierenden beherrschen Studierenden erhalten dazu zunächst einen Überblick über exemplarische Faser-, Schicht-, Teilchen- und Durchdringungs-Verbundwerkstoffe sowie deren Herstellungsverfahren, Eigenschaften und Anwendungen Grundlagen des Rechts, der Normauslegung und der Rechtsanwendung"
Maschinenbau (B.Sc.),TH Mittelhessen,B0380,Verbundwerkstoffe,2,"Die Studierenden können exemplarisch Faser-, Schicht-, Teilchen- und Durchdringungs-Verbundwerkstoffe materialkundlich beschreiben Herstellungsverfahren, Eigenschaften und Anwendungen von Verbundwerkstoffen erläutern die Auswahl von Verbundwerkstoffen anwendungsbezogen analysieren und gestalten"
Maschinenbau (B.Sc.),TH Mittelhessen,B0380,Verbundwerkstoffe,3,"Die Studierenden können die Besonderheiten von Verbundwerkstoffen in Bezug auf Versagensmechanismen, innere Grenzflächeneffekte, aber auch Recycling- und Umweltaspekte beurteilen"
Maschinenbau (B.Sc.),TH Mittelhessen,B0380,Verbundwerkstoffe,4,Die Studierenden können ihren Lernfortschritt reflektieren und ihr Lernverhalten methodisch/zeitlich anpassen
Maschinenbau (B.Sc.),TH Mittelhessen,B0390,Konstruktionsmethodik,1,"Die Studierenden beherrschen die Hauptphasen des methodischen Konstruierens (Aufgabenklärung, Konzipieren, Entwerfen, Ausarbeiten) sowie die zugehörigen Hauptarbeitsschritte die Grundregeln der Gestaltung, die wesentlichen Gestaltungsprinzipien und zahlreiche Gestaltungsrichtlinien die Besonderheiten und Vorteile von Baureihen und Baukästen erläutern"
Maschinenbau (B.Sc.),TH Mittelhessen,B0390,Konstruktionsmethodik,2,"Die Studierenden können eine Anforderungsliste ebenso erstellen wie eine Funktionsstruktur und dazu systematisch Lösungen entwickeln, auswählen und bewerten"
Maschinenbau (B.Sc.),TH Mittelhessen,B0400,"Labor für Robotik, Aktorik und Sensorik /",1,Die Studierenden beherrschen den praktischen Umgang mit Sensoren zu Messung mechanischer Größen die Grundlagen von Hardware-in-the-Loop-Entwürfen und die Ansteuerung/Regelung von Servosystemen mit Mikrocontrollern Roboter programmieren und Kamerasysteme in die Programmierung einbinden
Maschinenbau (B.Sc.),TH Mittelhessen,B0400,"Labor für Robotik, Aktorik und Sensorik /",2,Entwicklungsprozesse von Roboterprozessen nachvollziehen und beurteilen
Maschinenbau (B.Sc.),TH Mittelhessen,B0400,"Labor für Robotik, Aktorik und Sensorik /",3,Die Studierenden können praktische Arbeiten in kleinen Gruppen unter Anleitung der Dozenten weitgehend selbständig durchführen.
Maschinenbau (B.Sc.),TH Mittelhessen,B0400,"Labor für Robotik, Aktorik und Sensorik /",4,"Dies fördert Gruppenarbeit, Teamfähigkeit und Kommunikation."
Maschinenbau (B.Sc.),TH Mittelhessen,B0400,"Labor für Robotik, Aktorik und Sensorik /",5,Die Studierenden können die Berichte/Protokolle anfertigen; dies fördert die Fähigkeiten zur Erstellung technischer Berichte.
Maschinenbau (B.Sc.),TH Mittelhessen,B0410,Werkstoff-Chemie 1,1,"Die Studierenden beherrschen die für Werkstoffthemen wichtigen Eigenschaften chemischer Elemente und Verbindungen die physikochemischen und thermochemischen Eigenschaften von Werkstoffen und vermögen es, daraus anwendungstechnische Eigenschaften abzuleiten die Grundprinzipien der Elektrochemie, deren wichtigste Einflussgrößen und entsprechende technische Anwendungen erläutern"
Maschinenbau (B.Sc.),TH Mittelhessen,B0410,Werkstoff-Chemie 1,2,Für wichtige Beispiele aus elementspezifischen Eigenschaften das werkstofftechnische Verhalten von chemischen Verbindungen ableiten ihr Grundlagenwissen anwenden und für neue Fragestellungen kreative Lösungen finden Vorhersagen für chemisches Werkstoffverhalten zu tätigen und die Ursachen für ein solches Verhalten zu erläutern
Maschinenbau (B.Sc.),TH Mittelhessen,B0410,Werkstoff-Chemie 1,3,"Die Studierenden können selbstständig arbeiten und sich Informationen beschaffen, um ihr Wissen zu vermehren im Team kooperativ zusammenarbeiten und fachbezogen diskutieren"
Maschinenbau (B.Sc.),TH Mittelhessen,B0410,Werkstoff-Chemie 1,4,Die Studierenden können ihren Lernprozess den individuellen Ressourcen entsprechend sinnvoll planen und strukturieren erarbeitetes Wissen kritisch reflektieren und auf neue Fragestellungen anwenden
Maschinenbau (B.Sc.),TH Mittelhessen,B0411,Werkstoff-Chemie 2,1,"Die Studierenden können die Methoden zur Bestimmung von Oberflächen und Oberflächeneigenschaften erläutern die besonderen Eigenschaften von Oberflächen darstellen und die sich damit ergebenden Konsequenzen z.B. für die Klebetechnik, für Nanopartikel sowie für dünne Schichten ableiten. die Bildung von Dispersionen/Kolloiden und deren Eigenschaften beschreiben die Erzeugung und die Eigenschaften dünner Schichten erläutern ihr Grundlagenwissen anwenden und für neue Fragestellungen kreative Lösungen finden"
Maschinenbau (B.Sc.),TH Mittelhessen,B0411,Werkstoff-Chemie 2,2,Die Studierenden können die für Werkstoffthemen entscheidenden Struktur-/Gefüge-Eigenschaftsbeziehungen nutzen und daraus Erklärungen für und Vorhersagen von Werkstoffverhalten ableiten
Maschinenbau (B.Sc.),TH Mittelhessen,B0411,Werkstoff-Chemie 2,3,"Die Studierenden können im Rahmen der Veranstaltung in Kleingruppen werkstoffchemische Themen diskutieren selbstständig arbeiten und sich Informationen beschaffen, um ihr Wissen zu vermehren"
Maschinenbau (B.Sc.),TH Mittelhessen,B0411,Werkstoff-Chemie 2,4,Die Studierenden können ihren Lernfortschritt reflektieren und ihr Lernverhalten ggf. (methodisch/zeitlich) anpassen
Maschinenbau (B.Sc.),TH Mittelhessen,B0420,Metallkunde 1,1,Die Studierenden können ausgehend vom idealen Kristall Gitterfehler erläutern und den realen Aufbau metallischer Werkstoffe im Hinblick auf die Umwandlungs- und Ausscheidungshärtung beschreiben ein Verständnis für die Entstehung und Wirkung der Abweichungen vom idealen Gitteraufbau im Rahmen der Verarbeitung metallischer Werkstoffe und der Anwendung metallischer Bauteile unter besonderer Berücksichtigung der Wärmebehandlungsprozesse entwickeln elementare Phasendiagramme erläutern
Maschinenbau (B.Sc.),TH Mittelhessen,B0420,Metallkunde 1,2,Die Studierenden können die Vorgänge beim Erstarren von Legierungen aus Phasendiagrammen ableiten
Maschinenbau (B.Sc.),TH Mittelhessen,B0420,Metallkunde 1,3,Die Studierenden können praktische Arbeiten in kleinen Gruppen unter Anleitung der Dozenten weitgehend selbständig durchführen.
Maschinenbau (B.Sc.),TH Mittelhessen,B0420,Metallkunde 1,4,"Dies fördert Gruppenarbeit, Teamfähigkeit und Kommunikation."
Maschinenbau (B.Sc.),TH Mittelhessen,B0421,Metallkunde 2 (mit Labor),1,"Die Studierenden können die metallkundlichen Grundlagen und Effekte im Rahmen der Verarbeitung metallischer Werkstoffe im Hinblick auf die spezifische Fertigungsverfahren reflektieren die festigkeitssteigernden Mechanismen bei Metallen und Metall-Legierungen erläutern das elastische und elastisch-plastische Werkstoffverhalten unter Berücksichtigung von Kerbwirkung und Eigenspannungen bei Eisenwerkstoffen und Leichtmetallen darstellen und diese Effekte im Rahmen der Verarbeitung metallischer Werkstoffe verstehen sowie zielgerichtet, im Hinblick auf die Fertigungstechnik und Anforderungen der Anwendung, einsetzen im Rahmen eigener Wärmebehandlungsversuche zur Umwandlungshärtung (Halbzeuge aus und niedrig-, bzw. hochlegierten Stahlwerkstoffen) und zur Ausscheidungshärtung (Halbzeuge aus warmaushärtbaren Aluminium-Legierungen) die Wärmebehandlungsparameter systematisch variieren und die Auswirkungen auf das Wärmebehandlungsergebnis anhand von Härtemessungen und Gefügeuntersuchungen beurteilen"
Maschinenbau (B.Sc.),TH Mittelhessen,B0421,Metallkunde 2 (mit Labor),2,Die Studierenden können auf Basis des Wärmebehandlungszyklus entstehende Werkstoffeigenschaften abschätzen
Maschinenbau (B.Sc.),TH Mittelhessen,B0421,Metallkunde 2 (mit Labor),3,Die Studierenden können praktische Arbeiten in kleinen Gruppen unter Anleitung der Dozenten weitgehend selbständig durchführen.
Maschinenbau (B.Sc.),TH Mittelhessen,B0421,Metallkunde 2 (mit Labor),4,"Dies fördert Gruppenarbeit, Teamfähigkeit und Kommunikation."
Maschinenbau (B.Sc.),TH Mittelhessen,B0421,Metallkunde 2 (mit Labor),5,Die Studierenden können ihren Lernprozess den individuellen Ressourcen entsprechend sinnvoll planen und strukturieren
Maschinenbau (B.Sc.),TH Mittelhessen,B0430,Urform- und Trenntechnik /,1,"Die Studierenden können für die wichtigsten Gebrauchsmetalle (Fe, Al, Cu, Zn, Mg und Ti) sowohl die Metallgewinnung aus primären Rohstoffen (Erz) als auch aus sekundären Rohstoffen (Schrotte) sowie die metallurgische Aufbereitung vor dem Gießen darstellen die klassischen Gießverfahren Sandguss, Kokillenguss, Druckguss, Feinguss sowie Sonderverfahren erläutern anhand konkreter Bauteile verschiedene Gießprozesse analysieren und diese miteinander vergleichen die pulvertechnologischen Fertigungsprozesse, wie sie bei der Herstellung pulvermetallurgischer Bauteile zur Anwendung kommen, zu analysieren und zu optimieren die Grundlagen der Zerspanungslehre (Kinematik, Schneidteilgeometrie, Spanbildung und Spanarten, Schnittkraftberechnung, Schneidstoffe) wiedergeben und sind in der Lage, spanende Fertigungsprozesse mit geometrisch bestimmter Schneide (Drehen, Fräsen, Sägen, Bohren, Räumen) und mit geometrisch unbestimmter Schneide (Schleifen, Honen, Läppen) sowie Verfahren zur Gewinde- oder Verzahnungsherstellung zu planen und zu optimieren abtragende Fertigungsverfahren (Funkenerosion, Laserbearbeitung, Wasserstrahl- und Brennschneiden) erläutern"
Maschinenbau (B.Sc.),TH Mittelhessen,B0430,Urform- und Trenntechnik /,2,Die Studierenden können aus den Eigenschaften der Metalle und den benötigten Bauteilen geeignete Urform- und Bearbeitungsverfahren ableiten
Maschinenbau (B.Sc.),TH Mittelhessen,B0440,Nichtmetallische Werkstoffe 1,1,"Die Studierenden können auf der Basis von umfangreichen werkstofftechnischen und Prüfverfahrens-technischen Kenntnissen auf dem Gebiet der Kunststoffe wissenschaftlich fundierter Arbeit durchführen und bei der beruflichen Tätigkeit verantwortlich handeln Kunststoffprodukte, statische und dynamische Belastungsprozesse und relevante Prüfmethoden anzuwenden und zu analysieren passende Analyse- und Optimierungsmethoden auswählen und mit besonderer Kompetenz in Bezug auf die zugrundeliegende Situation anwenden Reaktionen zur Modifizierung von Polymeren und die Wirkungsweisen von Additiven erläutern für die technische Anwendung geeignete Kunststoffe auswählen die Herstellung, Eigenschaften und Charakterisierungsmethoden von keramischen Edukten (Rohstoffen), Grünteilen und fertigen Keramiken erläutern geeignete keramische Werkstoffe für Applikationen auswählen"
Maschinenbau (B.Sc.),TH Mittelhessen,B0440,Nichtmetallische Werkstoffe 1,2,"Die Studierenden können den Zusammenhang der Kunststofftechnik zu den angrenzenden Teilgebieten physikalische Chemie und Physik der Hochpolymeren erkennen grundlegenden Aspekte keramischer Werkstoffe wie chemische, thermische und mechanische Eigenschaften beurteilen und gewinnbringend für die Applikation anwenden"
Maschinenbau (B.Sc.),TH Mittelhessen,B0441,Nichtmetallische Werkstoffe 2,1,"Die Studierenden können die Prozesstechnik zur Herstellung keramischer Bauteile (im Einzelnen: Pulver- und Massenaufbereitung, Verfahren der Pulverherstellung, Pulvercharakterisierung, Formgebung, Sintern) erläutern die keramische Prozesstechnik bei verschiedenen Werkstoffsystemen zu beurteilen Eigenschaftsprüfungen keramischer Bauteile wie z.B. die Aufnahme und Auswertung der mechanischen Kennwerte (Bruchfestigkeit, Bruchzähigkeit) sowie chemisch-physikalischer Kennwerte durchführen und deren Ergebnisse zur Verbesserung der keramischen Bauteile und Fertigungsverfahren einsetzen die wesentlichen Charakteristika der Werkstoffgruppe der silikatischen Gläser und der gesamten Prozesskette der Glasherstellung erläutern"
Maschinenbau (B.Sc.),TH Mittelhessen,B0441,Nichtmetallische Werkstoffe 2,2,"Die Studierenden können die Besonderheiten gefügeloser, viskoelastischer, optisch transparenter Werkstoffe darstellen und erwerben die Fähigkeit, die für eine Werkstoffentwicklung und Prozessoptimierung benötigten Basisdaten zu identifizieren und diese quantitativ abzuschätzen."
Maschinenbau (B.Sc.),TH Mittelhessen,B0450,Methoden der Werkstoff- und Grenzflächenanalyse /,1,"Die Studierenden können die Grundlagen der Strahlungsabsorption und –emission erläutern die unterschiedlichen energetischen Zustände von Substanzen sowie Rotations-, Vibrations- und Elektronenübergänge beschreiben die wichtigsten Analysenmethoden und Methodenkombinationen für Werkstoffe darstellen die Auswirkungen typischer Materialcharakteristika auf spektroskopische Eigenschaften beurteilen"
Maschinenbau (B.Sc.),TH Mittelhessen,B0450,Methoden der Werkstoff- und Grenzflächenanalyse /,2,"Die Studierenden können die Prinzipien der Wechselwirkung elektromagnetischer Strahlung mit Materie darstellen die Prinzipien der Erzeugung und Aufzeichnung von Spektren und Diffraktogrammen sowie die Diffraktion an Materialstruktur-Elementen erläutern die Korrelationen zwischen Materialstrukturen und Analysenergebnissen beschreiben problemspezifisch geeignete Untersuchungsmethoden für die Werkstoff-, Oberflächen- und Grenzflächenanalyse selektieren Analyseergebnisse beurteilen sowie die Aussagekraft von Analysedaten einordnen"
Maschinenbau (B.Sc.),TH Mittelhessen,B0460,Oberflächentechnik,1,Korrosionsvorgänge und Korrosionsmechanismen erläutern aus korrosionstechnischer Sicht eine fertigungs- und anwendungsorientierte Werkstoffauswahl treffen die Eigenschaften von Oberflächen und Schichten beschreiben Vorbedingungen für die Herstellung und den Einsatz von Schichten nennen die Struktur der Beschichtungsverfahren und den technologischen Ablauf beim Beschichten darstellen
Maschinenbau (B.Sc.),TH Mittelhessen,B0460,Oberflächentechnik,2,Korrosionsschutz-Maßnahmen definieren und anwenden eine prozess- und anwendungsbezogene Auswahl von Beschichtungen im Hinblick auf Korrosionsund Verschleißschutz treffen
Maschinenbau (B.Sc.),TH Mittelhessen,B0470,Umform- und Fügetechnik,1,"Die Studierenden können die verschiedenen Verfahren der Massiv- und Blechumformung darstellen die Grundlagen der plastischen Verformung und der Tribologie erläutern, die als Basis für das Verständnis der einzelnen Umformverfahren dienen die erforderlichen Kräfte und Arbeiten sowie die Kraft-Weg-Verläufe bei Umformungsprozessen berechnen die Spannungsverläufe in der Umformzone beschreiben die Kenngrößen und Verfahrensgrenzen von Umformungsprozessen erläutern die Werkzeug- und Werkstückwerkstoffe von Umformungsprozessen angeben Fügeverbindungen auslegen"
Maschinenbau (B.Sc.),TH Mittelhessen,B0470,Umform- und Fügetechnik,2,"Die Studierenden können ein für definierte Anbindungsaufgaben geeignetes Fügeverfahren auf Basis des Werkstoffverhaltens, der weiteren Fertigungsprozesse und der Kosten auswählen"
Maschinenbau (B.Sc.),TH Mittelhessen,B0480,Schadenskunde und Betriebsfestigkeit /,1,"Die Studierenden können die Methoden zur Durchführung von Schadensanalysen darstellen und diese anhand vorgegebener Beispiele diskutieren und anwenden technisch relevante, mechanische Bauteil-Beanspruchungsarten und die daraus resultierenden Schädigungs- und Bruchvorgänge unterscheiden und bewerten die Kennlinien der Bauteil-/Betriebsfestigkeit darstellen sowie die entsprechenden Einflussfaktoren erläutern einschlägige Verfahren zur betriebsfesten Auslegung von Strukturen des Maschinen- und Fahrzeugbaus (experimentell und rechnerisch) anwenden"
Maschinenbau (B.Sc.),TH Mittelhessen,B0480,Schadenskunde und Betriebsfestigkeit /,2,Die Studierenden können neben der Ursachenforschung bei Schäden technisch und wirtschaftlich sinnvolle Abhilfemaßnahmen definieren bzw. vorschlagen. strategische und operative Planungen zur Schadensanalyse durchführen
Maschinenbau (B.Sc.),TH Mittelhessen,B0490,Funktionswerkstoffe,1,"Die Studierenden können die Grundlagen und Prinzipien der Hochtemperaturtechnik darstellen geeignete Werkstoffe für urformtechnische Anwendungen bei metallischen Werkstoffen, wie z.B. der Stahlerzeugung, der Gießereitechnik, Wärmebehandlungsanlagen sowie in der Energietechnik auswählen die Herstellung und Verarbeitung von Hochtemperaturwerkstoffen beschreiben die wichtigsten Eigenschaften von Werkstoffen, die in der Elektronik Anwendung finden, erläutern die werkstoffkundlichen Grundlagen der Energiespeicherung angeben spezielle Beispiele der aktuellen Batterie- und Akkumulatortechnologie beschreiben"
Maschinenbau (B.Sc.),TH Mittelhessen,B0490,Funktionswerkstoffe,2,Die Studierenden können die Anwendungsmöglichkeiten von Hochtemperaturwerkstoffen beurteilen die Wechselwirkung von Werkstoffen mit elektrischen und magnetischen Feldern darstellen
Maschinenbau (B.Sc.),TH Mittelhessen,B0510,Eisenwerkstoffe,1,Die Studierenden können die gesamte Prozesskette zur Herstellung von Halbzeugen und Bauteilen aus Eisenwerkstoffen unter Einbeziehung der nach VDEh auftretenden unvermeidbaren Restfehler wiedergeben die Modifikation bestehender Analysevorschriften bezüglich Werkstoffzusammensetzung und mechanischer Eigenschaften vornehmen
Maschinenbau (B.Sc.),TH Mittelhessen,B0510,Eisenwerkstoffe,2,Die Studierenden können eine zielgerichtete Auswahl von Eisenwerkstoffen im Hinblick auf die Fertigungstechnik und Anforderungen der Anwendung treffen
Maschinenbau (B.Sc.),TH Mittelhessen,B0540,Metallographie (mit Labor),1,Proben metallischer Werkstoffe entnehmen und für metallographische Untersuchungen präparieren Kleinlasthärteprüfungen nach Vickers durchführen lichtmikroskopische Gefügeaufnahmen an legierten und unlegierten Stählen interpretieren die Gefügeausbildung an unlegierten und legierten Stählen bei beschleunigter Abkühlung aus dem Austenitgebiet erläutern den Zusammenhang zwischen Gefüge und Festigkeit von Eisenbasiswerkstoffen erläutern Gefügeuntersuchungen an Aluminiumknetlegierungen durchführen
Maschinenbau (B.Sc.),TH Mittelhessen,B0540,Metallographie (mit Labor),2,Die Studierenden können lichtmikroskopische und rasterelektronenmikroskopische Untersuchungen metallischer Werkstoffe auf elementarer Basis durchführen metallographische Methoden zur Gefügeanalyse anwenden
Maschinenbau (B.Sc.),TH Mittelhessen,B0540,Metallographie (mit Labor),3,"Die Studierenden können durch die praktische Arbeit in kleinen Gruppen Laborarbeiten selbständig koordinieren und verbessern dadurch ihre Fähigkeit zur Gruppenarbeit, ihre Teamfähigkeit und Kommunikation."
Maschinenbau (B.Sc.),TH Mittelhessen,B0540,Metallographie (mit Labor),4,Berichte anfertigen und ihre Untersuchungsergebnisse in Kurzreferaten darstellen und diskutieren
Maschinenbau (B.Sc.),TH Mittelhessen,B0560,Werkstoff- und Bauteilprüfung,1,Die Studierenden können die Bedeutung von Liefervorschriften und der Stichprobennahme im Rahmen von Wareneingangsprüfungen darstellen die Notwendigkeit von Werkstoff- und Bauteilprüfungen zur Verifikation von Produkt- und Prozessoptimierungen erläutern
Maschinenbau (B.Sc.),TH Mittelhessen,B0560,Werkstoff- und Bauteilprüfung,2,"Die Studierenden können durch die praktische Arbeit in kleinen Gruppen Laborarbeiten selbständig koordinieren und verbessern dadurch ihre Fähigkeit zur Gruppenarbeit, ihre Teamfähigkeit und Kommunikation"
Maschinenbau (B.Sc.),TH Mittelhessen,B0560,Werkstoff- und Bauteilprüfung,3,Laborarbeiten inhaltlich und zeitlich planen Berichte anfertigen und ihre Untersuchungsergebnisse in Kurzreferaten darstellen und diskutieren
Maschinenbau (B.Sc.),TH Mittelhessen,B0570,Nichteisenmetalle,1,Die Studierenden können metallurgische Aufarbeitungsprozesse auf der Basis von chemischen Eigenschaften der betrachteten Metalle erläutern
Maschinenbau (B.Sc.),TH Mittelhessen,B0580,Statistische Versuchsplanung (DoE),1,"Messwerte aus experimentellen Untersuchungen aufbereiten Mittelwerte, Varianzen und weiteren statistischen Kenngrößen ermitteln Messwerte aus experimentellen Untersuchungen und deren statistische Kenngrößen darstellen Ausreißer ermitteln und entsprechende Korrekturen vornehmen prüfen, ob experimentelle Daten normalverteilt sind geeignete Versuchspläne für das „Design of Experiments“ auswählen mit Hilfe des Statistikprogrammes „Minitab“ statistische Versuchsplanungen durchführen und die entsprechenden Versuchsergebnisse auswerten"
Maschinenbau (B.Sc.),TH Mittelhessen,B0580,Statistische Versuchsplanung (DoE),2,Die Studierenden können den grundlegenden Ablauf einer statistischen Versuchsplanung darlegen auf Basis des Statistikprogrammes „Minitab“ statistische Versuchsplanungen durchführen und auswerten
Maschinenbau (B.Sc.),TH Mittelhessen,B0730,Einführung in die nachhaltige Produktentwicklung,1,Die Studierenden können die Prinzipien der Nachhaltigkeit in den klassischen Konstruktionsprozess integrieren
Maschinenbau (B.Sc.),TH Mittelhessen,B0730,Einführung in die nachhaltige Produktentwicklung,2,eine Auswahl nachhaltiger Materialien für ein Produkt durchführen
Maschinenbau (B.Sc.),TH Mittelhessen,B0730,Einführung in die nachhaltige Produktentwicklung,3,eine konstruktive Optimierung von Produkten: Komponenten hinsichtlich der Nachhaltigkeit selbständig erstellen / anpassen und ihre Ergebnisse bewerten (z.B. durch Ökobilanzierung). verschiedene Produktkonzepte vergleichen
Maschinenbau (B.Sc.),TH Mittelhessen,B0730,Einführung in die nachhaltige Produktentwicklung,4,Praktische Entwicklung nachhaltiger Produkte Beherrschung von Methoden zur Nachhaltigkeitsbewertung von Produkten
Maschinenbau (B.Sc.),TH Mittelhessen,B0730,Einführung in die nachhaltige Produktentwicklung,5,"Die Studierenden können eine systematische Entwicklung der Konzepte nachhaltiger Produkte (Ökodesign-Prinzipien, Checklisten, etc.) durchführen"
Maschinenbau (B.Sc.),TH Mittelhessen,B0730,Einführung in die nachhaltige Produktentwicklung,6,das Design for Recycling anwenden
Maschinenbau (B.Sc.),TH Mittelhessen,B0730,Einführung in die nachhaltige Produktentwicklung,7,"Analyse- und Bewertungsmethoden anwenden: Ökobilanz, eindimensionale Methoden, Datenbanken"
Maschinenbau (B.Sc.),TH Mittelhessen,B0730,Einführung in die nachhaltige Produktentwicklung,8,Methoden der Teamarbeit/-evaluation
Maschinenbau (B.Sc.),TH Mittelhessen,B0730,Einführung in die nachhaltige Produktentwicklung,9,Die Studierenden können alternative Lösungen und Ergebnisse mit Fachvertreter*innen sachlich diskutieren
Maschinenbau (B.Sc.),TH Mittelhessen,B0730,Einführung in die nachhaltige Produktentwicklung,10,Entwicklungsprozesse nachhaltiger Produkte im Hinblick auf ihr eigenes Handeln reflektieren
Maschinenbau (B.Sc.),TH Mittelhessen,B0730,Einführung in die nachhaltige Produktentwicklung,11,Eigenverantwortlich Entscheidungen im Sinne der Nachhaltigkeit treffen
Wirtschaftsingenieurwesen (B.Sc.),TH Mittelhessen,1011,Mathematik 1,1,"Die Studierenden können mathematische Grundbegriffe korrekt verwenden, unterscheiden und damit argumentieren,"
Wirtschaftsingenieurwesen (B.Sc.),TH Mittelhessen,1011,Mathematik 1,2,mathematische Werkzeuge zur Anwendung in den Ingenieurwissenschaften erkennen und korrekt auswählen.
Wirtschaftsingenieurwesen (B.Sc.),TH Mittelhessen,1011,Mathematik 1,4,"Die Studierenden können verschiedene elementare Funktionen unterscheiden und im Sachzusammenhang anwenden,"
Wirtschaftsingenieurwesen (B.Sc.),TH Mittelhessen,1011,Mathematik 1,5,"Gleichungen lösen,"
Wirtschaftsingenieurwesen (B.Sc.),TH Mittelhessen,1011,Mathematik 1,6,Ableitungsregeln unterscheiden und anwenden.
Wirtschaftsingenieurwesen (B.Sc.),TH Mittelhessen,1011,Mathematik 1,7,"Optimierungs- und Approximationsprobleme lösen,"
Wirtschaftsingenieurwesen (B.Sc.),TH Mittelhessen,1011,Mathematik 1,8,"Integrationsregeln unterscheiden und anwenden,"
Wirtschaftsingenieurwesen (B.Sc.),TH Mittelhessen,1011,Mathematik 1,9,"Stammfunktionen bestimmen, Flächeninhalte und Schwerpunkte von Flächen berechnen,"
Wirtschaftsingenieurwesen (B.Sc.),TH Mittelhessen,1011,Mathematik 1,10,mit Hilfe der Prinzipien der Differential- und Integralrechnung Lösungen für ingenieurswissenschaftliche Fragestellungen ableiten.
Wirtschaftsingenieurwesen (B.Sc.),TH Mittelhessen,1011,Mathematik 1,11,"nehmen aktiv am Lernen teil,"
Wirtschaftsingenieurwesen (B.Sc.),TH Mittelhessen,1011,Mathematik 1,12,"stellen ihre Standpunkte und Interessen sachlich dar,"
Wirtschaftsingenieurwesen (B.Sc.),TH Mittelhessen,1011,Mathematik 1,13,"Die Studierenden können eigene Wissenslücken erkennen und schließen,"
Wirtschaftsingenieurwesen (B.Sc.),TH Mittelhessen,1011,Mathematik 1,14,ihren Lernfortschritt reflektieren.
Wirtschaftsingenieurwesen (B.Sc.),TH Mittelhessen,1012,Physik und Labor,1,1012-1 Vorlesung (3 CrP):
Wirtschaftsingenieurwesen (B.Sc.),TH Mittelhessen,1012,Physik und Labor,2,Die Studierenden können physikalische Probleme in Vorgängen und Sachverhalten aus der Natur und Technik erkennen.
Wirtschaftsingenieurwesen (B.Sc.),TH Mittelhessen,1012,Physik und Labor,3,"Die Studierenden können die grundsätzlichen physikalischen Denkweisen und Methoden erklären,"
Wirtschaftsingenieurwesen (B.Sc.),TH Mittelhessen,1012,Physik und Labor,4,physikalische Fragestellungen mathematisch formulieren und lösen.
Wirtschaftsingenieurwesen (B.Sc.),TH Mittelhessen,1012,Physik und Labor,5,"nehmen aktiv am Lernen teil,"
Wirtschaftsingenieurwesen (B.Sc.),TH Mittelhessen,1012,Physik und Labor,6,stellen ihre Standpunkte und Interessen sachlich dar.
Wirtschaftsingenieurwesen (B.Sc.),TH Mittelhessen,1012,Physik und Labor,7,"Die Studierenden können eigene Wissenslücken erkennen und schließen,"
Wirtschaftsingenieurwesen (B.Sc.),TH Mittelhessen,1012,Physik und Labor,8,ihren Lernfortschritt reflektieren. 1012-2 Labor (2 CrP):
Wirtschaftsingenieurwesen (B.Sc.),TH Mittelhessen,1012,Physik und Labor,9,"Die Studierenden können anhand einer Versuchsbeschreibung die Experimente vorbereiten/aufbauen,"
Wirtschaftsingenieurwesen (B.Sc.),TH Mittelhessen,1012,Physik und Labor,10,"die Experimente durchführen,"
Wirtschaftsingenieurwesen (B.Sc.),TH Mittelhessen,1012,Physik und Labor,11,die Messwerte ins Messprotokoll aufnehmen.
Wirtschaftsingenieurwesen (B.Sc.),TH Mittelhessen,1012,Physik und Labor,12,"erstellen ein Protokoll über das Experiment inklusive Auswertung, Fazit, Fehlerrechnung und Quellenangaben,"
Wirtschaftsingenieurwesen (B.Sc.),TH Mittelhessen,1012,Physik und Labor,13,"interpretieren die Ergebnisse auf Basis des in der Vorlesung Physik erworbenen Wissens, zur statistischen Bewertung der Ergebnisse mittels Fehlerrechnung und zur Anfertigung einer (benoteten) technischen Dokumentation (Protokoll/Seminararbeit)."
Wirtschaftsingenieurwesen (B.Sc.),TH Mittelhessen,1012,Physik und Labor,14,"können in Gruppen kooperativ und effektiv Lösungen für die gestellten Aufgaben entwickeln,"
Wirtschaftsingenieurwesen (B.Sc.),TH Mittelhessen,1012,Physik und Labor,15,"nehmen aktiv am Lernen teil,"
Wirtschaftsingenieurwesen (B.Sc.),TH Mittelhessen,1012,Physik und Labor,16,stellen ihre Standpunkte und Interessen sachlich dar.
Wirtschaftsingenieurwesen (B.Sc.),TH Mittelhessen,1012,Physik und Labor,17,"Die Studierenden können eigenständig und verantwortlich handeln,"
Wirtschaftsingenieurwesen (B.Sc.),TH Mittelhessen,1012,Physik und Labor,18,"ihr eigenes Handeln und das der anderen Gruppenteilnehmer reflektieren,"
Wirtschaftsingenieurwesen (B.Sc.),TH Mittelhessen,1012,Physik und Labor,19,die eigene Handlungsfähigkeit weiterentwickeln.
Wirtschaftsingenieurwesen (B.Sc.),TH Mittelhessen,1013,Wissenschaftliches Arbeiten und Methodenlehre,1,1013-1 Wissenschaftliches Arbeiten und Methodenlehre 1 (2 CrP):
Wirtschaftsingenieurwesen (B.Sc.),TH Mittelhessen,1013,Wissenschaftliches Arbeiten und Methodenlehre,2,"wissen, was unter Wissenschaft zu verstehen ist und können eine grundlegende Systematisierung vornehmen,"
Wirtschaftsingenieurwesen (B.Sc.),TH Mittelhessen,1013,Wissenschaftliches Arbeiten und Methodenlehre,3,"wissen, welche Aufgaben/Funktionen die Wissenschaften in der Gesellschaft erfüllen/wahrnehmen,"
Wirtschaftsingenieurwesen (B.Sc.),TH Mittelhessen,1013,Wissenschaftliches Arbeiten und Methodenlehre,4,"kennen die charakteristischen Merkmale des wissenschaftlichen Arbeitens und können diese beispielhaft darlegen,"
Wirtschaftsingenieurwesen (B.Sc.),TH Mittelhessen,1013,Wissenschaftliches Arbeiten und Methodenlehre,5,"unterscheiden die wichtigsten Arten wissenschaftlichen Materials,"
Wirtschaftsingenieurwesen (B.Sc.),TH Mittelhessen,1013,Wissenschaftliches Arbeiten und Methodenlehre,6,"kennen die grundlegenden Aspekte des wissenschaftlich orientierten Recherchierens und wenden mit ausgewählten Suchverfahren die Literatursuche beispielsweise im Bibliothekskatalog an,"
Wirtschaftsingenieurwesen (B.Sc.),TH Mittelhessen,1013,Wissenschaftliches Arbeiten und Methodenlehre,7,erlernen das direkte und indirekte Zitieren sowie den Umgang mit wissenschaftlichen Quellen.
Wirtschaftsingenieurwesen (B.Sc.),TH Mittelhessen,1013,Wissenschaftliches Arbeiten und Methodenlehre,8,Die Studierenden lernen
Wirtschaftsingenieurwesen (B.Sc.),TH Mittelhessen,1013,Wissenschaftliches Arbeiten und Methodenlehre,9,"die grundlegende Herangehensweise in der Forschung kennen,"
Wirtschaftsingenieurwesen (B.Sc.),TH Mittelhessen,1013,Wissenschaftliches Arbeiten und Methodenlehre,10,die Grundlagen des wissenschaftlichen Arbeitens kennen und wenden diese an
Wirtschaftsingenieurwesen (B.Sc.),TH Mittelhessen,1013,Wissenschaftliches Arbeiten und Methodenlehre,11,"arbeiten selbststeuernd und im Team, um Aufgaben gemeinsam zu lösen."
Wirtschaftsingenieurwesen (B.Sc.),TH Mittelhessen,1013,Wissenschaftliches Arbeiten und Methodenlehre,12,können dabei ihre Leistung reflektieren und ggf. anpassen.
Wirtschaftsingenieurwesen (B.Sc.),TH Mittelhessen,1013,Wissenschaftliches Arbeiten und Methodenlehre,13,"können ihren Lernprozess und ihre Ziele reflektieren,"
Wirtschaftsingenieurwesen (B.Sc.),TH Mittelhessen,1013,Wissenschaftliches Arbeiten und Methodenlehre,14,erlernen die Umsetzung von Aufgaben mit Präzision und Detailtreue. 1013-2 Wissenschaftliches Arbeiten und Methodenlehre 2 (3 CrP):
Wirtschaftsingenieurwesen (B.Sc.),TH Mittelhessen,1013,Wissenschaftliches Arbeiten und Methodenlehre,15,"vertiefen ihre Kenntnisse über den Aufbau und die Gestaltung wissenschaftlicher Texte,"
Wirtschaftsingenieurwesen (B.Sc.),TH Mittelhessen,1013,Wissenschaftliches Arbeiten und Methodenlehre,16,"recherchieren, analysieren und interpretieren quantitative und qualitative Daten,"
Wirtschaftsingenieurwesen (B.Sc.),TH Mittelhessen,1013,Wissenschaftliches Arbeiten und Methodenlehre,17,"arbeiten alleine und in Teams und wenden ihre Kenntnisse zur Teamfähigkeit, Teambildung und Teamarbeit an,"
Wirtschaftsingenieurwesen (B.Sc.),TH Mittelhessen,1013,Wissenschaftliches Arbeiten und Methodenlehre,18,"vertiefen die Grundlagen des wissenschaftlichen Schreibens und verfassen wissenschaftliche Texte,"
Wirtschaftsingenieurwesen (B.Sc.),TH Mittelhessen,1013,Wissenschaftliches Arbeiten und Methodenlehre,19,erstellen und präsentieren eigene wissenschaftliche Forschungsarbeiten.
Wirtschaftsingenieurwesen (B.Sc.),TH Mittelhessen,1013,Wissenschaftliches Arbeiten und Methodenlehre,20,"vertiefen die Anwendung von Techniken des wissenschaftlichen Arbeitens,"
Wirtschaftsingenieurwesen (B.Sc.),TH Mittelhessen,1013,Wissenschaftliches Arbeiten und Methodenlehre,21,"analysieren deutsch- und englischsprachige Fachtexte,"
Wirtschaftsingenieurwesen (B.Sc.),TH Mittelhessen,1013,Wissenschaftliches Arbeiten und Methodenlehre,22,"entdecken, beurteilen und wenden Kommunikations- und Präsentationsmethoden an."
Wirtschaftsingenieurwesen (B.Sc.),TH Mittelhessen,1013,Wissenschaftliches Arbeiten und Methodenlehre,23,"können in Gruppen Lösungen erarbeiten und Umsetzungsstrategien entwickeln,"
Wirtschaftsingenieurwesen (B.Sc.),TH Mittelhessen,1013,Wissenschaftliches Arbeiten und Methodenlehre,24,erhalten und geben sich gegenseitig Feedback.
Wirtschaftsingenieurwesen (B.Sc.),TH Mittelhessen,1013,Wissenschaftliches Arbeiten und Methodenlehre,25,"können ihre persönlichen Ressourcen reflektieren und den Lernprozess sinnvoll planen,"
Wirtschaftsingenieurwesen (B.Sc.),TH Mittelhessen,1013,Wissenschaftliches Arbeiten und Methodenlehre,26,lernen die eigenständige Steuerung und Planung ihrer Kursaufgaben und Prüfungsleistungen.
Wirtschaftsingenieurwesen (B.Sc.),TH Mittelhessen,1014,Betriebswirtschaftslehre,1,"Die Studierenden können die Betriebswirtschaftslehre in das Wissenschaftssystem einordnen und die Grundbegriffe der Betriebswirtschaftslehre erklären,"
Wirtschaftsingenieurwesen (B.Sc.),TH Mittelhessen,1014,Betriebswirtschaftslehre,2,"die konstitutiven Aufgaben der Betriebswirtschaftslehre benennen und Lösungsalternativen bewerten,"
Wirtschaftsingenieurwesen (B.Sc.),TH Mittelhessen,1014,Betriebswirtschaftslehre,3,"den Aufbau eines Unternehmens und seine Grundfunktionen beschreiben,"
Wirtschaftsingenieurwesen (B.Sc.),TH Mittelhessen,1014,Betriebswirtschaftslehre,4,"die Grundzüge der Kostenrechnung darstellen und bewerten,"
Wirtschaftsingenieurwesen (B.Sc.),TH Mittelhessen,1014,Betriebswirtschaftslehre,5,die Grundzüge der Materialwirtschaft sowie der Produktion beschreiben.
Wirtschaftsingenieurwesen (B.Sc.),TH Mittelhessen,1014,Betriebswirtschaftslehre,6,Die Studierenden können die wichtigsten Methoden zur Bestimmung der konstitutiven Entscheidungen anwenden
Wirtschaftsingenieurwesen (B.Sc.),TH Mittelhessen,1014,Betriebswirtschaftslehre,7,wesentlichen Aspekte der Kostenrechnung auf konkrete Fragestellungen anwenden
Wirtschaftsingenieurwesen (B.Sc.),TH Mittelhessen,1014,Betriebswirtschaftslehre,8,die benötigten Materialien anhand von Standardmethoden bestimmen die wichtigsten Methoden zur Produktionsplanung beispielhaft einsetzen wesentliche Kennzahlen zur Steuerung eines Unternehmens anwenden.
Wirtschaftsingenieurwesen (B.Sc.),TH Mittelhessen,1014,Betriebswirtschaftslehre,9,"können sich inhaltlich mit verschiedenen Fragen aus den Grundlagen der BWL mit anderen Kommilitonen, sowie dem Dozenten auseinandersetzen,"
Wirtschaftsingenieurwesen (B.Sc.),TH Mittelhessen,1014,Betriebswirtschaftslehre,10,fachbezogene Fragen aufgreifen und Lösungen in der Gruppe erarbeiten.
Wirtschaftsingenieurwesen (B.Sc.),TH Mittelhessen,1014,Betriebswirtschaftslehre,11,"Die Studierenden können ihre Beiträge in den Veranstaltungen reflektieren und anhand von Literatur oder Diskussionsergebnissen selbstständig anpassen,"
Wirtschaftsingenieurwesen (B.Sc.),TH Mittelhessen,1014,Betriebswirtschaftslehre,12,ihr Verhalten in der Gruppe sowie in den Vorlesungen kritisch reflektieren und Verbesserungspotenzial erkennen.
Wirtschaftsingenieurwesen (B.Sc.),TH Mittelhessen,1015,Volkswirtschaftslehre und rechtliche Grundlagen,2,"Die Studierenden können allgemein die volkswirtschaftlichen Grundzusammenhänge der Mikro- und Makroökonomie erläutern, und dabei"
Wirtschaftsingenieurwesen (B.Sc.),TH Mittelhessen,1015,Volkswirtschaftslehre und rechtliche Grundlagen,3,"Entscheidungsmuster von verschiedenen Marktteilnehmern darstellen und bewerten,"
Wirtschaftsingenieurwesen (B.Sc.),TH Mittelhessen,1015,Volkswirtschaftslehre und rechtliche Grundlagen,4,"das Zustandekommen von Marktgleichgewichten erklären,"
Wirtschaftsingenieurwesen (B.Sc.),TH Mittelhessen,1015,Volkswirtschaftslehre und rechtliche Grundlagen,5,die Rolle der Fiskal- und der Geldpolitik in einer Volkswirtschaft beschreiben.
Wirtschaftsingenieurwesen (B.Sc.),TH Mittelhessen,1015,Volkswirtschaftslehre und rechtliche Grundlagen,6,lernen die Grundlagen der Volkswirtschaftslehre aus Sicht der Mikro- und Makroökonomie kennen und können diese im Rahmen von Übungen beurteilen und anwenden.
Wirtschaftsingenieurwesen (B.Sc.),TH Mittelhessen,1015,Volkswirtschaftslehre und rechtliche Grundlagen,7,Die Studierenden können im Rahmen der Übungen
Wirtschaftsingenieurwesen (B.Sc.),TH Mittelhessen,1015,Volkswirtschaftslehre und rechtliche Grundlagen,8,"das Vorgehen zur Lösung des Problems im Team organisieren,"
Wirtschaftsingenieurwesen (B.Sc.),TH Mittelhessen,1015,Volkswirtschaftslehre und rechtliche Grundlagen,9,"in der Gruppe kooperativ und effektiv Lösungen für die Problemstellung entwickeln,"
Wirtschaftsingenieurwesen (B.Sc.),TH Mittelhessen,1015,Volkswirtschaftslehre und rechtliche Grundlagen,10,in Diskussionen den eigenen Standpunkt argumentativ und sachlich darstellen.
Wirtschaftsingenieurwesen (B.Sc.),TH Mittelhessen,1015,Volkswirtschaftslehre und rechtliche Grundlagen,11,"erkennen die Volkswirtschaftslehre als dritten Pfeiler der Sozialwissenschaften neben der Politologie und der Soziologie,"
Wirtschaftsingenieurwesen (B.Sc.),TH Mittelhessen,1015,Volkswirtschaftslehre und rechtliche Grundlagen,12,"verstehen die Bedeutung der Volkswirtschaftslehre mit ihrer Betrachtung der drei „Player“ einer Gesellschaft: Staat, Unternehmen und private Haushalte,"
Wirtschaftsingenieurwesen (B.Sc.),TH Mittelhessen,1015,Volkswirtschaftslehre und rechtliche Grundlagen,13,"erkennen die Bedeutung der volkswirtschaftlichen Zusammenhänge als eine Grundlage für betriebswirtschaftliche und technologische Ausrichtungen,"
Wirtschaftsingenieurwesen (B.Sc.),TH Mittelhessen,1015,Volkswirtschaftslehre und rechtliche Grundlagen,14,"sind in der Lage, ihre erworbenen Kenntnisse der Volkswirtschaftslehre anzuwenden und an Dritte weiter zu geben."
Wirtschaftsingenieurwesen (B.Sc.),TH Mittelhessen,1015,Volkswirtschaftslehre und rechtliche Grundlagen,15,Rechtliche Grundlagen (3 CrP):
Wirtschaftsingenieurwesen (B.Sc.),TH Mittelhessen,1015,Volkswirtschaftslehre und rechtliche Grundlagen,16,"Die Studierenden können das BGB sowie das HGB in das deutsche Rechtssystem einordnen,"
Wirtschaftsingenieurwesen (B.Sc.),TH Mittelhessen,1015,Volkswirtschaftslehre und rechtliche Grundlagen,17,"die grundlegenden Paragraphen des BGB und HGB im Geschäftsleben benennen,"
Wirtschaftsingenieurwesen (B.Sc.),TH Mittelhessen,1015,Volkswirtschaftslehre und rechtliche Grundlagen,18,die Grundlagen des Vertragsrechtes beschreiben.
Wirtschaftsingenieurwesen (B.Sc.),TH Mittelhessen,1015,Volkswirtschaftslehre und rechtliche Grundlagen,19,die Rechte und Pflichten von Kaufleuten sowie von Prokuristen und Handelsgeschäfte bewerten.
Wirtschaftsingenieurwesen (B.Sc.),TH Mittelhessen,1015,Volkswirtschaftslehre und rechtliche Grundlagen,20,Die Studierenden können bei der Beurteilung und Prüfung von praktischen Fällen mithilfe der zuvor erlernten Rechtsgrundlagen analysieren und transferieren.
Wirtschaftsingenieurwesen (B.Sc.),TH Mittelhessen,1015,Volkswirtschaftslehre und rechtliche Grundlagen,21,Die Studierenden können mit anderen Studierenden kommunizieren und vor einem Publikum präsentieren.
Wirtschaftsingenieurwesen (B.Sc.),TH Mittelhessen,1015,Volkswirtschaftslehre und rechtliche Grundlagen,22,Die Studierenden können können die Sprachkompentenz bei der Anwendung des Rechts auf praxisbezogene Fragestellungen sowie
Wirtschaftsingenieurwesen (B.Sc.),TH Mittelhessen,1015,Volkswirtschaftslehre und rechtliche Grundlagen,23,"bei der argumentativen Darstellung ihrer Rechtsauffassung anwenden, erlernen fachliche Grundlagen für zivilrechtliche Rechtsfragen und können so mögliche Implikationen in ihrem späteren Arbeitsfeld erkennen und ggf. lösen."
Wirtschaftsingenieurwesen (B.Sc.),TH Mittelhessen,1021,Mathematik 2,1,"Die Studierenden können die Lösung einer Differentialgleichung erklären und beschreiben,"
Wirtschaftsingenieurwesen (B.Sc.),TH Mittelhessen,1021,Mathematik 2,2,"die verschiedenen Lösungen des Gaußchen Algorithmus interpretieren,"
Wirtschaftsingenieurwesen (B.Sc.),TH Mittelhessen,1021,Mathematik 2,3,partielle Ableitungen interpretieren.
Wirtschaftsingenieurwesen (B.Sc.),TH Mittelhessen,1021,Mathematik 2,4,"Vektoralgebra auf geometrische Fragestellungen anwenden,"
Wirtschaftsingenieurwesen (B.Sc.),TH Mittelhessen,1021,Mathematik 2,5,"Die Studierenden können lineare Gleichungssysteme lösen,"
Wirtschaftsingenieurwesen (B.Sc.),TH Mittelhessen,1021,Mathematik 2,6,"den Gaußschen Algorithmus anwenden,"
Wirtschaftsingenieurwesen (B.Sc.),TH Mittelhessen,1021,Mathematik 2,7,"partielle Ableitungen berechnen und interpretieren,"
Wirtschaftsingenieurwesen (B.Sc.),TH Mittelhessen,1021,Mathematik 2,8,"Optimierungsprobleme für Funktionen von 2 Variablen lösen,"
Wirtschaftsingenieurwesen (B.Sc.),TH Mittelhessen,1021,Mathematik 2,9,"Doppel- und Mehrfachintegrale berechnen,"
Wirtschaftsingenieurwesen (B.Sc.),TH Mittelhessen,1021,Mathematik 2,10,einfache Lösungsverfahren für Differentialgleichungen anwenden.
Wirtschaftsingenieurwesen (B.Sc.),TH Mittelhessen,1021,Mathematik 2,11,"nehmen aktiv am Lernen teil,"
Wirtschaftsingenieurwesen (B.Sc.),TH Mittelhessen,1021,Mathematik 2,12,stellen ihre Standpunkte und Interessen sachlich dar.
Wirtschaftsingenieurwesen (B.Sc.),TH Mittelhessen,1021,Mathematik 2,13,"Die Studierenden können eigene Wissenslücken erkennen und schließen,"
Wirtschaftsingenieurwesen (B.Sc.),TH Mittelhessen,1021,Mathematik 2,14,ihren Lernfortschritt reflektieren.
Wirtschaftsingenieurwesen (B.Sc.),TH Mittelhessen,Modulbezeichnung,1023,1,"Die Studierenden können mit Grundbegriffen der Industriebetriebslehre und Logistik umgehen,"
Wirtschaftsingenieurwesen (B.Sc.),TH Mittelhessen,Modulbezeichnung,1023,2,"die Ausrichtung, den Aufbau und die Abläufe eines Industriebetriebs sowie in der Logistik nachvollziehen und übergreifende Fragestellungen diskutieren."
Wirtschaftsingenieurwesen (B.Sc.),TH Mittelhessen,Modulbezeichnung,1023,3,Analyse- und Entscheidungs-Instrumente in einfachen Fällen gezielt anwenden und Lösungsalternativen für übergreifende Fragestellungen entwickeln.
Wirtschaftsingenieurwesen (B.Sc.),TH Mittelhessen,Modulbezeichnung,1023,4,Die Studierenden können die erlernten Grundkenntnisse innerhalb der Industriebetriebslehre und Logistik auf konkrete Anwendungsfälle übertragen.
Wirtschaftsingenieurwesen (B.Sc.),TH Mittelhessen,Modulbezeichnung,1023,5,"Die Studierenden können erstellte Arbeitsergebnisse vorstellen und diskutieren,"
Wirtschaftsingenieurwesen (B.Sc.),TH Mittelhessen,Modulbezeichnung,1023,6,in Gruppen gemeinsam an Lösungen arbeiten und diese abstimmen.
Wirtschaftsingenieurwesen (B.Sc.),TH Mittelhessen,Modulbezeichnung,1023,7,"Die Studierenden können im Fachgebiet Informationen eigenständig in unterschiedlichen Quellen recherchieren und bewerten,"
Wirtschaftsingenieurwesen (B.Sc.),TH Mittelhessen,Modulbezeichnung,1023,8,eigenes Handeln reflektieren und die Ergebnisse in professionellen Präsentationen darstellen.
Wirtschaftsingenieurwesen (B.Sc.),TH Mittelhessen,1031,Statistik,1,"Die Studierenden können die wesentlichen Methoden der deskriptiven Statistik unterscheiden,"
Wirtschaftsingenieurwesen (B.Sc.),TH Mittelhessen,1031,Statistik,2,"die Grundzüge der Wahrscheinlichkeitsrechnung wiedergeben,"
Wirtschaftsingenieurwesen (B.Sc.),TH Mittelhessen,1031,Statistik,3,"grundlegende induktive statistische Methoden unterscheiden,"
Wirtschaftsingenieurwesen (B.Sc.),TH Mittelhessen,1031,Statistik,4,"Ergebnisse aus statistischen Analysen erklären, vergleichen und beurteilen."
Wirtschaftsingenieurwesen (B.Sc.),TH Mittelhessen,1031,Statistik,5,"Die Studierenden können die wesentlichen Methoden der deskriptiven Statistik nach ihrem Skalenniveau auswählen und anwenden,"
Wirtschaftsingenieurwesen (B.Sc.),TH Mittelhessen,1031,Statistik,6,"grundlegende induktive statistische Methoden auswählen und anwenden,"
Wirtschaftsingenieurwesen (B.Sc.),TH Mittelhessen,1031,Statistik,7,können bestimmte Methoden in verschiedenen wirtschaftlichen und technischen Teilgebieten einsetzen und kontextbezogen interpretieren.
Wirtschaftsingenieurwesen (B.Sc.),TH Mittelhessen,1031,Statistik,8,"stellen ihre Lösungen von Übungsaufgaben vor, erläutern diese und gehen auf die Fragen ihrer Mitstudierenden ein."
Wirtschaftsingenieurwesen (B.Sc.),TH Mittelhessen,1031,Statistik,9,sind in der Lage die Aussagekraft statistischer Daten in Beruf und Öffentlichkeit kritisch zu hinterfragen.
Wirtschaftsingenieurwesen (B.Sc.),TH Mittelhessen,1032,Internes Rechnungswesen,1,"Die Studierenden können eine Abgrenzung von Aufgaben und Begriffen vom Internen zum Externen Rechnungswesen vornehmen,"
Wirtschaftsingenieurwesen (B.Sc.),TH Mittelhessen,1032,Internes Rechnungswesen,2,"die Bezüge zwischen Kostenarten-, Kostenstellen- und Kostenträgerrechnung herstellen,"
Wirtschaftsingenieurwesen (B.Sc.),TH Mittelhessen,1032,Internes Rechnungswesen,3,"Selbstkosten und Preise ermitteln,"
Wirtschaftsingenieurwesen (B.Sc.),TH Mittelhessen,1032,Internes Rechnungswesen,4,den Aufbau der Betriebsergebnisrechnung skizzieren.
Wirtschaftsingenieurwesen (B.Sc.),TH Mittelhessen,1032,Internes Rechnungswesen,5,"Die Studierenden können sicher die Selbstkosten und Preise für Kostenträger auf Basis geeigneter Kalkulationsverfahren in Industrie, Handel, Handwerk und Dienstleistung berechnen,"
Wirtschaftsingenieurwesen (B.Sc.),TH Mittelhessen,1032,Internes Rechnungswesen,6,"die Betriebsergebnisrechnung durchführen und die Ergebnisse interpretieren,"
Wirtschaftsingenieurwesen (B.Sc.),TH Mittelhessen,1032,Internes Rechnungswesen,7,"mit Hilfe der Deckungsbeitragsrechnung Handlungsoptionen bewerten und Entscheidungen vorbereiten,"
Wirtschaftsingenieurwesen (B.Sc.),TH Mittelhessen,1032,Internes Rechnungswesen,8,mit Hilfe einschlägiger Kalkulationsverfahren Selbstkosten und Preise ermitteln.
Wirtschaftsingenieurwesen (B.Sc.),TH Mittelhessen,1032,Internes Rechnungswesen,9,"Die Studierenden können zielgerichtet Aufgabenstellungen lösen,"
Wirtschaftsingenieurwesen (B.Sc.),TH Mittelhessen,1032,Internes Rechnungswesen,10,"Problemlösungen erfassen, klar formulieren und argumentativ verteidigen."
Wirtschaftsingenieurwesen (B.Sc.),TH Mittelhessen,1032,Internes Rechnungswesen,11,Die Studierenden können ihre eigenen Schwächen und Stärken reflektieren und die eigene Entwicklung planen.
Wirtschaftsingenieurwesen (B.Sc.),TH Mittelhessen,1033,Marketing,1,"verstehen den Kern des Marketing-Denkens und können Marketing in das Austauschkonzept einordnen, lernen Umwelt- und Marktbezüge von Unternehmen kennen, können ihre Bedeutung für das MarketingManagement einordnen und die relevanten Marketing-Instrumente zuordnen, verstehen den Marketing-Management-Prozess und können die einzelnen Phasen dieses Prozesses beschreiben und erläutern, erfassen die wesentlichen Unterschiede von strategischer und operativer Marketingplanung, kennen die Marketing-Instrumente (Marketing-Mix) und können erklären, welche Probleme die Marketing-Mix-Entscheidungen erschweren."
Wirtschaftsingenieurwesen (B.Sc.),TH Mittelhessen,1033,Marketing,2,"kennen die Struktur einer Marketingplanung und können diese anhand von Beispielen begründet darstellen,"
Wirtschaftsingenieurwesen (B.Sc.),TH Mittelhessen,1033,Marketing,3,"kennen die Methoden im Bereich des Marketing-Mix und können diese beispielhaft anwenden,"
Wirtschaftsingenieurwesen (B.Sc.),TH Mittelhessen,1033,Marketing,4,"kennen grundlegende Marketing-Controlling-Instrumente, können diese sachgerecht anwenden und in ausgewählten Untersuchungsfeldern (Preiselastizität, Break-Even-Analyse) zur entsprechenden Berechnung heranziehen."
Wirtschaftsingenieurwesen (B.Sc.),TH Mittelhessen,1033,Marketing,5,"Die Studierenden können sich in Gruppenarbeiten themenspezifisch mit ihren Kommilitonen auseinandersetzen und zielführend diskutieren,"
Wirtschaftsingenieurwesen (B.Sc.),TH Mittelhessen,1033,Marketing,6,"die Führung in Arbeitsgruppen übernehmen und das Team führen,"
Wirtschaftsingenieurwesen (B.Sc.),TH Mittelhessen,1033,Marketing,7,die Gruppenergebnisse unter Einbeziehung ihrer Gruppenmitglieder vortragen und Rückfragen beantworten.
Wirtschaftsingenieurwesen (B.Sc.),TH Mittelhessen,1033,Marketing,8,"Die Studierenden können ihre Beiträge in den Veranstaltungen reflektieren und anhand von Literatur oder Diskussionsergebnissen selbstständig anpassen,"
Wirtschaftsingenieurwesen (B.Sc.),TH Mittelhessen,1033,Marketing,9,ihr Verhalten in der Gruppe sowie in den Vorlesungen kritisch reflektieren und Verbesserungspotenzial erkennen.
Wirtschaftsingenieurwesen (B.Sc.),TH Mittelhessen,1041,Qualitätsmanagement,1,Die Studierenden können die Bedeutung der Qualität im produzierenden und dienstleistenden Gewerbe sowie in den Branchenvarianten erkennen
Wirtschaftsingenieurwesen (B.Sc.),TH Mittelhessen,1041,Qualitätsmanagement,2,die Entstehung und Entwicklung von Verfahren zur Qualitätsverbesserung verstehen
Wirtschaftsingenieurwesen (B.Sc.),TH Mittelhessen,1041,Qualitätsmanagement,3,die im Rahmen des Qualitätsmanagements angewandten Normen erläutern und verstehen die Auswirkungen auf betriebliche Abläufe
Wirtschaftsingenieurwesen (B.Sc.),TH Mittelhessen,1041,Qualitätsmanagement,4,"entwickeln ein grundlegendes Verständnis für qualitätssichernde Maßnahmen,"
Wirtschaftsingenieurwesen (B.Sc.),TH Mittelhessen,1041,Qualitätsmanagement,5,"können Qualitätstechniken anwenden, kennen Werkzeuge der Problemlösungstechniken und sind in der Lage, experimentelle und qualitätsrelevante Daten mit Hilfe mathematisch-statistischer Methoden auszuwerten und zu beurteilen"
Wirtschaftsingenieurwesen (B.Sc.),TH Mittelhessen,1041,Qualitätsmanagement,6,Die Studierenden können im Rahmen der Übungen
Wirtschaftsingenieurwesen (B.Sc.),TH Mittelhessen,1041,Qualitätsmanagement,7,"das Vorgehen zur Lösung des Problems im Team organisieren,"
Wirtschaftsingenieurwesen (B.Sc.),TH Mittelhessen,1041,Qualitätsmanagement,8,"in der Gruppe kooperativ und effektiv Lösungen für die Problemstellung entwickeln,"
Wirtschaftsingenieurwesen (B.Sc.),TH Mittelhessen,1041,Qualitätsmanagement,9,in Diskussionen den eigenen Standpunkt argumentativ und sachlich darstellen.
Wirtschaftsingenieurwesen (B.Sc.),TH Mittelhessen,1041,Qualitätsmanagement,10,Die Studierenden können das eigene Verhalten im Betrieb unter Qualitätsmanagement-Aspekten beurteilen
Wirtschaftsingenieurwesen (B.Sc.),TH Mittelhessen,1041,Qualitätsmanagement,11,"ihre persönlichen Ressourcen reflektieren und Ziele für die eigene Entwicklung definieren,"
Wirtschaftsingenieurwesen (B.Sc.),TH Mittelhessen,1041,Qualitätsmanagement,12,ihren Lernprozess den individuellen Ressourcen entsprechend sinnvoll planen und strukturieren.
Wirtschaftsingenieurwesen (B.Sc.),TH Mittelhessen,1042,Operations Research,1,"Die Studierenden können verschiedene Bereiche des Operations Research erklären,"
Wirtschaftsingenieurwesen (B.Sc.),TH Mittelhessen,1042,Operations Research,2,"Einsatzmöglichkeiten der Methoden des Operations Research in der Praxis erkennen,"
Wirtschaftsingenieurwesen (B.Sc.),TH Mittelhessen,1042,Operations Research,3,"Methoden der Linearen Programmierung unterscheiden,"
Wirtschaftsingenieurwesen (B.Sc.),TH Mittelhessen,1042,Operations Research,4,"Ergebnisse der Linearen Programmierung erklären, vergleichen und beurteilen,"
Wirtschaftsingenieurwesen (B.Sc.),TH Mittelhessen,1042,Operations Research,5,"grundlegende Prognoseverfahren unterscheiden,"
Wirtschaftsingenieurwesen (B.Sc.),TH Mittelhessen,1042,Operations Research,6,"Ergebnisse der Prognose erklären, vergleichen und beurteilen,"
Wirtschaftsingenieurwesen (B.Sc.),TH Mittelhessen,1042,Operations Research,7,"Methoden der Netzplantechnik unterscheiden,"
Wirtschaftsingenieurwesen (B.Sc.),TH Mittelhessen,1042,Operations Research,8,"Ergebnisse der Projektplanung erklären, vergleichen und beurteilen."
Wirtschaftsingenieurwesen (B.Sc.),TH Mittelhessen,1042,Operations Research,9,"Die Studierenden können betriebswirtschaftliche Probleme/Aufgaben mit Hilfe eines Verfahrens der LP modellieren, lösen und die Ergebnisse beurteilen,"
Wirtschaftsingenieurwesen (B.Sc.),TH Mittelhessen,1042,Operations Research,10,"grundlegende Prognoseverfahren auswählen, bewerten und vergleichen mit Hilfe eines geeigneten Fehlermaßstabes und danach anwenden,"
Wirtschaftsingenieurwesen (B.Sc.),TH Mittelhessen,1042,Operations Research,11,Methoden der Netzplantechnik auswählen und anwenden.
Wirtschaftsingenieurwesen (B.Sc.),TH Mittelhessen,1042,Operations Research,12,Die Studierenden können alleine und kooperativ in Gruppen ihre Ergebnisse argumentativ sachlich vertreten und auf Fragen ihrer Mitstudierenden eingehen.
Wirtschaftsingenieurwesen (B.Sc.),TH Mittelhessen,1042,Operations Research,13,Die Studierenden können ihren Lernfortschritt reflektieren und ggf. ihr Lernverhalten anpassen um später selbstständig Probleme aus dem Bereich des OR zu identifizieren und zu lösen.
Wirtschaftsingenieurwesen (B.Sc.),TH Mittelhessen,1043,"Einführung ins Controlling, Investition und Finanzierung /",1,"Die Studierenden können basierend auf dem Grundkonzept des Controllings, den Zielen und Aufgaben den Regelkreis des Controllings erklären und sich mit dem Controller-Leitbild identifizieren,"
Wirtschaftsingenieurwesen (B.Sc.),TH Mittelhessen,1043,"Einführung ins Controlling, Investition und Finanzierung /",2,"auf der Grundlage von Ergebnisrechnungen Abweichungsanalysen durchführen und Ergebnisse beurteilen,"
Wirtschaftsingenieurwesen (B.Sc.),TH Mittelhessen,1043,"Einführung ins Controlling, Investition und Finanzierung /",3,"typische, auf Teilkosten basierende Entscheidungsrechnungen zur Unternehmenssteuerung anwenden und die Ergebnisse interpretieren,"
Wirtschaftsingenieurwesen (B.Sc.),TH Mittelhessen,1043,"Einführung ins Controlling, Investition und Finanzierung /",4,"im Rahmen der Unternehmensplanung Unternehmensziele formulieren und Finanz- und Liquiditätspläne vorbereiten,"
Wirtschaftsingenieurwesen (B.Sc.),TH Mittelhessen,1043,"Einführung ins Controlling, Investition und Finanzierung /",5,"Planung und Kontrolle sowie deren Abläufe sicher erklären,"
Wirtschaftsingenieurwesen (B.Sc.),TH Mittelhessen,1043,"Einführung ins Controlling, Investition und Finanzierung /",6,"eine Investitionsentscheidung im Unternehmen vorbereiten und organisieren,"
Wirtschaftsingenieurwesen (B.Sc.),TH Mittelhessen,1043,"Einführung ins Controlling, Investition und Finanzierung /",7,die Finanzstrukturen anhand von Finanzierungsregeln beurteilen und Vorschläge für die Gestaltung der Finanzierungsstruktur unterbreiten.
Wirtschaftsingenieurwesen (B.Sc.),TH Mittelhessen,1043,"Einführung ins Controlling, Investition und Finanzierung /",8,"Kennzahlen zur Unternehmenssteuerung berechnen und bewerten,"
Wirtschaftsingenieurwesen (B.Sc.),TH Mittelhessen,1043,"Einführung ins Controlling, Investition und Finanzierung /",9,"Instrumente des strategischen Controllings anwenden,"
Wirtschaftsingenieurwesen (B.Sc.),TH Mittelhessen,1043,"Einführung ins Controlling, Investition und Finanzierung /",10,"Die Studierenden können geeignete Investitionsrechnungsverfahren auswählen,"
Wirtschaftsingenieurwesen (B.Sc.),TH Mittelhessen,1043,"Einführung ins Controlling, Investition und Finanzierung /",11,Verfahren der statischen und dynamischen Investitionsplanung sowie des vollständigen Finanzplans anwenden und interpretieren.
Wirtschaftsingenieurwesen (B.Sc.),TH Mittelhessen,1043,"Einführung ins Controlling, Investition und Finanzierung /",12,"Die Studierenden können zielgerichtet Aufgabenstellungen lösen,"
Wirtschaftsingenieurwesen (B.Sc.),TH Mittelhessen,1043,"Einführung ins Controlling, Investition und Finanzierung /",13,"Problemlösungen erfassen, klar formulieren und argumentativ verteidigen."
Wirtschaftsingenieurwesen (B.Sc.),TH Mittelhessen,1043,"Einführung ins Controlling, Investition und Finanzierung /",14,Die Studierenden können ihre eigenen Schwächen und Stärken reflektieren und die eigene Entwicklung planen.
Wirtschaftsingenieurwesen (B.Sc.),TH Mittelhessen,1044,Lebenszyklusorientiertes Produktionsmanagement /,1,"Die Studierenden können die Grundlagen, Vorgehensweisen und Methoden im Bereich der Planung integrierter Produktionssysteme beschreiben,"
Wirtschaftsingenieurwesen (B.Sc.),TH Mittelhessen,1044,Lebenszyklusorientiertes Produktionsmanagement /,2,"die Einbettung der Produktionsplanung in die Unternehmensplanung aufzeigen,"
Wirtschaftsingenieurwesen (B.Sc.),TH Mittelhessen,1044,Lebenszyklusorientiertes Produktionsmanagement /,3,"die Aufspaltung der Simultanplanung in Teilplanungsprobleme erläutern,"
Wirtschaftsingenieurwesen (B.Sc.),TH Mittelhessen,1044,Lebenszyklusorientiertes Produktionsmanagement /,4,aktuelle Trends im Produktionsmanagement benennen.
Wirtschaftsingenieurwesen (B.Sc.),TH Mittelhessen,1044,Lebenszyklusorientiertes Produktionsmanagement /,5,"Produktionsprozesse planen und bewerten,"
Wirtschaftsingenieurwesen (B.Sc.),TH Mittelhessen,1044,Lebenszyklusorientiertes Produktionsmanagement /,6,Passende Konzepte der Produktionsplanung und -steuerung auswählen und anwenden.
Wirtschaftsingenieurwesen (B.Sc.),TH Mittelhessen,1044,Lebenszyklusorientiertes Produktionsmanagement /,7,"Die Studierenden können alleine und in Gruppen zielorientiert und auf Augenhöhe gestalterisch zusammenarbeiten,"
Wirtschaftsingenieurwesen (B.Sc.),TH Mittelhessen,1044,Lebenszyklusorientiertes Produktionsmanagement /,8,"die Sichtweise und Interessen anderer verstehen, analysieren und interpretieren sowie auf deren Ideen und Erkenntnissen aufbauen und neue Lösungen erarbeiten,"
Wirtschaftsingenieurwesen (B.Sc.),TH Mittelhessen,1044,Lebenszyklusorientiertes Produktionsmanagement /,9,"eigene Ideen und Ideen anderer in Frage stellen und konstruktiv gestalten,"
Wirtschaftsingenieurwesen (B.Sc.),TH Mittelhessen,1044,Lebenszyklusorientiertes Produktionsmanagement /,10,andere für eine eigene Sache mobilisieren und die Interessen der Gemeinschaft wahren.
Wirtschaftsingenieurwesen (B.Sc.),TH Mittelhessen,1044,Lebenszyklusorientiertes Produktionsmanagement /,11,"Die Studierenden können sich auf verändernde Umstände einstellen,"
Wirtschaftsingenieurwesen (B.Sc.),TH Mittelhessen,1044,Lebenszyklusorientiertes Produktionsmanagement /,12,"eigene Ideen und Lösungsansätze kreativ entwickeln,"
Wirtschaftsingenieurwesen (B.Sc.),TH Mittelhessen,1044,Lebenszyklusorientiertes Produktionsmanagement /,13,"ein tieferes Verständnis für Nachhaltigkeit mit Steigerung der Achtsamkeit im privaten Umfeld entwickeln,"
Wirtschaftsingenieurwesen (B.Sc.),TH Mittelhessen,1044,Lebenszyklusorientiertes Produktionsmanagement /,14,"Wissenslücken erkennen und schließen sie eigenständig,"
Wirtschaftsingenieurwesen (B.Sc.),TH Mittelhessen,1044,Lebenszyklusorientiertes Produktionsmanagement /,15,"ihren Lernfortschritt reflektieren und ihr Lernverhalten ggf. (methodisch/zeitlich) anpassen,"
Wirtschaftsingenieurwesen (B.Sc.),TH Mittelhessen,1044,Lebenszyklusorientiertes Produktionsmanagement /,16,ihren Lernprozess den individuellen Ressourcen entsprechend sinnvoll planen und strukturieren.
Wirtschaftsingenieurwesen (B.Sc.),TH Mittelhessen,1051,Projekt- und Prozessmanagement – Grundlagen,1,Das Berufsbild des Wirtschaftsingenieurs positioniert sich interdisziplinär zwischen fachlich-technischer Gestaltung von Produktion und Services sowie betriebswirtschaftlicher Bewertung und dem Management des Betriebs und dessen Weiterentwicklung.
Wirtschaftsingenieurwesen (B.Sc.),TH Mittelhessen,1051,Projekt- und Prozessmanagement – Grundlagen,2,Kenntnisse im Projekt- und Prozessmanagement sind für Wirtschaftsingenieure in der beruflichen Praxis daher unabdingbar.
Wirtschaftsingenieurwesen (B.Sc.),TH Mittelhessen,1051,Projekt- und Prozessmanagement – Grundlagen,3,"In diesem Modul werden grundlegende Kompetenzen vermittelt, um Projekte zu planen, zu steuern und abzuschließen und Geschäftsprozesse zu gestalten."
Wirtschaftsingenieurwesen (B.Sc.),TH Mittelhessen,1051,Projekt- und Prozessmanagement – Grundlagen,4,"erwerben Grundkenntnisse des Projektmanagements und der Geschäftsprozessgestaltung in Unternehmen,"
Wirtschaftsingenieurwesen (B.Sc.),TH Mittelhessen,1051,Projekt- und Prozessmanagement – Grundlagen,5,"lernen, kleinere Projekte erfolgreich zu planen und zu steuern,"
Wirtschaftsingenieurwesen (B.Sc.),TH Mittelhessen,1051,Projekt- und Prozessmanagement – Grundlagen,6,"arbeiten sich in eine neue Aufgabe der Prozessgestaltung ein und vertiefen das spezifische Wissen in diesem Umfeld,"
Wirtschaftsingenieurwesen (B.Sc.),TH Mittelhessen,1051,Projekt- und Prozessmanagement – Grundlagen,7,"beherrschen das Vokabular, die grundlegenden Methoden und beispielhafte Werkzeuge (z.B. MS Project, MS Excel) für die zielgerichtete Durchführung von Projekten,"
Wirtschaftsingenieurwesen (B.Sc.),TH Mittelhessen,1051,Projekt- und Prozessmanagement – Grundlagen,8,"können Einsatzpotentiale und Anwendungsbereiche von Process Engineering beurteilen,"
Wirtschaftsingenieurwesen (B.Sc.),TH Mittelhessen,1051,Projekt- und Prozessmanagement – Grundlagen,9,kennen und verstehen Vorgehensweisen zur prozessorientierten Gestaltung betrieblicher Organisationen bzw. der Prozessoptimierung.
Wirtschaftsingenieurwesen (B.Sc.),TH Mittelhessen,1051,Projekt- und Prozessmanagement – Grundlagen,10,"lernen die methodische Bearbeitung einer neuen fachlichen Aufgabe ihres Berufsfeldes,"
Wirtschaftsingenieurwesen (B.Sc.),TH Mittelhessen,1051,Projekt- und Prozessmanagement – Grundlagen,11,"können die Methodik des Projektmanagements darstellen und in eigenen Projekten einsetzen,"
Wirtschaftsingenieurwesen (B.Sc.),TH Mittelhessen,1051,Projekt- und Prozessmanagement – Grundlagen,12,"können grundlegende Methoden auf Projekte zur Geschäftsprozessgestaltung anwenden und setzen dabei geeignete Methoden (z.B. Ereignisgesteuerte Prozessketten, EPK) zur Bearbeitung ihrer fachlichen Aufgabe ein."
Wirtschaftsingenieurwesen (B.Sc.),TH Mittelhessen,1051,Projekt- und Prozessmanagement – Grundlagen,13,"vertiefen in Gruppenübungen das Arbeiten im Team mit den zugehörigen Kommunikationsprozessen und lernen, mit Kolleg(inn)en und Vorgesetzten im Rahmen der Projektarbeit zu kommunizieren."
Wirtschaftsingenieurwesen (B.Sc.),TH Mittelhessen,1051,Projekt- und Prozessmanagement – Grundlagen,14,Die Studierenden können ihren Lernfortschritt reflektieren und
Wirtschaftsingenieurwesen (B.Sc.),TH Mittelhessen,1051,Projekt- und Prozessmanagement – Grundlagen,15,ihr Lernverhalten anpassen.
Wirtschaftsingenieurwesen (B.Sc.),TH Mittelhessen,1052,Personalmanagement und Organisation,1,"verstehen die Bedeutung des Personalmanagements in einem Unternehmen,"
Wirtschaftsingenieurwesen (B.Sc.),TH Mittelhessen,1052,Personalmanagement und Organisation,2,"erkennen und beurteilen die Grundfunktionen des Personalmanagements anhand des MitarbeiterLebenszyklus von der Personalstrategie über Personalplanung, -beschaffung, -führung, -betreuung, entwicklung, -vergütung bis hin zur Personalfreisetzung,"
Wirtschaftsingenieurwesen (B.Sc.),TH Mittelhessen,1052,Personalmanagement und Organisation,3,"können beurteilen, ob das Personalmanagement in einem Unternehmen effizient und angemessen organisiert ist,"
Wirtschaftsingenieurwesen (B.Sc.),TH Mittelhessen,1052,Personalmanagement und Organisation,4,"begreifen Mitarbeiterführung, Performance-Management, Mitarbeiterentwicklung und Vergütung als Schlüsselfaktoren für den Unternehmenserfolg,"
Wirtschaftsingenieurwesen (B.Sc.),TH Mittelhessen,1052,Personalmanagement und Organisation,5,"tauchen in ein wichtiges Themenfeld des Personalmanagements tiefer ein und erwerben dort Spezialwissen,"
Wirtschaftsingenieurwesen (B.Sc.),TH Mittelhessen,1052,Personalmanagement und Organisation,6,"werden zum Personalmanager in eigener Sache,"
Wirtschaftsingenieurwesen (B.Sc.),TH Mittelhessen,1052,Personalmanagement und Organisation,7,"lernen die Grundzüge der Organisationsgestaltung, ausgehend vom Operating Model, kennen,"
Wirtschaftsingenieurwesen (B.Sc.),TH Mittelhessen,1052,Personalmanagement und Organisation,8,"lernen unterschiedliche Organisationsformen kennen und können die Angemessenheit einer Organisation beurteilen,"
Wirtschaftsingenieurwesen (B.Sc.),TH Mittelhessen,1052,Personalmanagement und Organisation,9,"überprüfen und bewerten Unternehmens- und Personalführungsansätze,"
Wirtschaftsingenieurwesen (B.Sc.),TH Mittelhessen,1052,Personalmanagement und Organisation,10,"stellen dominierende und erfolgreiche Geschäfts- und Führungsmodelle in Frage und entwickeln und diskutieren Weiterentwicklungsmöglichkeiten,"
Wirtschaftsingenieurwesen (B.Sc.),TH Mittelhessen,1052,Personalmanagement und Organisation,11,"lernen Modelle für die Zukunft der Arbeit kennen und diskutieren diese,"
Wirtschaftsingenieurwesen (B.Sc.),TH Mittelhessen,1052,Personalmanagement und Organisation,12,"klassifizieren die wesentlichen Grundlagenbestandteile des Arbeitsrechts im Personalmanagement,"
Wirtschaftsingenieurwesen (B.Sc.),TH Mittelhessen,1052,Personalmanagement und Organisation,13,"erkennen und beurteilen die Grundfunktionen des Arbeitsrechts,"
Wirtschaftsingenieurwesen (B.Sc.),TH Mittelhessen,1052,Personalmanagement und Organisation,14,"interpretieren und beurteilen Arbeitgeber- und Arbeitnehmerpflichten,"
Wirtschaftsingenieurwesen (B.Sc.),TH Mittelhessen,1052,Personalmanagement und Organisation,15,"überprüfen und untersuchen vertragliche Gestaltungsformen von Arbeitsverhältnissen,"
Wirtschaftsingenieurwesen (B.Sc.),TH Mittelhessen,1052,Personalmanagement und Organisation,16,"klassifizieren unterschiedliche Formen von Arbeitsverhältnissen und interpretieren zugehörige Rechtsnormen,"
Wirtschaftsingenieurwesen (B.Sc.),TH Mittelhessen,1052,Personalmanagement und Organisation,17,klassifizieren die Bestandteile des kollektiven Arbeitsrechts und interpretieren deren Bedeutung in personalwirtschaftlichen Kontext.
Wirtschaftsingenieurwesen (B.Sc.),TH Mittelhessen,1052,Personalmanagement und Organisation,18,"Die Studierenden können sich effizient und effektiv in ein neues Themengebiet einarbeiten,"
Wirtschaftsingenieurwesen (B.Sc.),TH Mittelhessen,1052,Personalmanagement und Organisation,19,"gemeinsam in einer Gruppe ein Thema strukturieren und einzelne Arbeitspakete auf die Gruppenmitglieder verteilen,"
Wirtschaftsingenieurwesen (B.Sc.),TH Mittelhessen,1052,Personalmanagement und Organisation,20,"dafür sorgen/dazu beitragen, dass eine Gruppenleistung „aus einem Guss“ entsteht,"
Wirtschaftsingenieurwesen (B.Sc.),TH Mittelhessen,1052,Personalmanagement und Organisation,21,"selbst erarbeitete Präsentationsteile präsentieren,"
Wirtschaftsingenieurwesen (B.Sc.),TH Mittelhessen,1052,Personalmanagement und Organisation,22,Spezifika der juristischen Denk- und Argumentationsweise verstehen und anwenden.
Wirtschaftsingenieurwesen (B.Sc.),TH Mittelhessen,1052,Personalmanagement und Organisation,23,"Die Studierenden können ihre Meinung in einer Diskussion sachlich und argumentgestützt vertreten,"
Wirtschaftsingenieurwesen (B.Sc.),TH Mittelhessen,1052,Personalmanagement und Organisation,24,in einer Gruppe ihre Rolle finden und ihren eigenen notwendigen Beitrag zum Gesamterfolg der Gruppe erkennen und leisten.
Wirtschaftsingenieurwesen (B.Sc.),TH Mittelhessen,1052,Personalmanagement und Organisation,25,"Die Studierenden können die erarbeiteten Erkenntnisse reflektieren,"
Wirtschaftsingenieurwesen (B.Sc.),TH Mittelhessen,1052,Personalmanagement und Organisation,26,"unterschiedliche, teilweise widersprüchliche Informationen aus Quellen analysieren, hinterfragen und sich eine eigene Meinung bilden."
Wirtschaftsingenieurwesen (B.Sc.),TH Mittelhessen,1061,Technisches Englisch,1,Fach- und Methodenkompetenzen (fachlich & überfachlich)
Wirtschaftsingenieurwesen (B.Sc.),TH Mittelhessen,1061,Technisches Englisch,2,"Interaktion (Begleitband des GeR 2020, S. 88ff): Die Studierenden diskutieren mündlich zum eigenen Spezialgebiet mit Spezialisten und Laien."
Wirtschaftsingenieurwesen (B.Sc.),TH Mittelhessen,1061,Technisches Englisch,3,Sie legen eine Angelegenheit oder ein Problem klar dar und stellen Vermutungen über Ursachen und Folgen an.
Wirtschaftsingenieurwesen (B.Sc.),TH Mittelhessen,1061,Technisches Englisch,4,"Sie können ein Thema systematisch erörtern und dabei entscheidende Punkte in angemessener Weise hervorheben (Produktion, ebd."
Wirtschaftsingenieurwesen (B.Sc.),TH Mittelhessen,1061,Technisches Englisch,5,"Die Studierenden verfassen geschäftliche Korrespondenz mit Geschäftspartnern in angemessenem Register, mit angemessenen Strukturen und unter Berücksichtigung aller Konventionen, wie."
Wirtschaftsingenieurwesen (B.Sc.),TH Mittelhessen,1061,Technisches Englisch,6,"Anfragen, Bitten, Anträge und Beschwerden."
Wirtschaftsingenieurwesen (B.Sc.),TH Mittelhessen,1061,Technisches Englisch,7,"Rezeption (ebd., S. 58ff): Die Studierenden verstehen gesprochene, im direkten Kontakt oder medial vermittelte Standardsprache oder eine vertraute Varietät, wenn es um vertraute Themen aus dem privaten, beruflichen oder akademischen Alltag geht."
Wirtschaftsingenieurwesen (B.Sc.),TH Mittelhessen,1061,Technisches Englisch,8,Sie verstehen die Hauptaussagen von komplexen Vorlesungen/Reden/Berichten mit akademischem oder beruflichem Bezug.
Wirtschaftsingenieurwesen (B.Sc.),TH Mittelhessen,1061,Technisches Englisch,9,"Die Studierenden entnehmen schriftlichen Quellen des eigenen Fachgebiets Informationen, Gedanken und Meinungen."
Wirtschaftsingenieurwesen (B.Sc.),TH Mittelhessen,1061,Technisches Englisch,10,"Mediation: Die Studierenden vermitteln schriftlich und mündlich zwischen verschiedenen Interessengruppen und drücken komplexe technische Probleme für Laien verständlich aus, ohne unzulässig zu vereinfachen."
Wirtschaftsingenieurwesen (B.Sc.),TH Mittelhessen,1061,Technisches Englisch,11,Hierbei kann es sich um verschiedene Sprachen (Zielsprache Englisch) oder verschiedene Register innerhalb der englischen Sprache handeln.
Wirtschaftsingenieurwesen (B.Sc.),TH Mittelhessen,1061,Technisches Englisch,12,"entwickeln in Gruppen kooperativ und effektiv Lösungen für Problemstellungen,"
Wirtschaftsingenieurwesen (B.Sc.),TH Mittelhessen,1061,Technisches Englisch,13,"können ihren Standpunkt in Diskussionen argumentativ sachlich vertreten,"
Wirtschaftsingenieurwesen (B.Sc.),TH Mittelhessen,1061,Technisches Englisch,14,"können das eigene Kooperationsverhalten in Gruppen reflektieren und erweitern,"
Wirtschaftsingenieurwesen (B.Sc.),TH Mittelhessen,1061,Technisches Englisch,15,"können die Perspektive eines Laien einnehmen und komplexe (technische) Sachverhalte adäquat erklären,"
Wirtschaftsingenieurwesen (B.Sc.),TH Mittelhessen,1061,Technisches Englisch,16,geben anhand von Kriterien anderen Studierenden Feedback zu ihrer Sprachproduktion.
Wirtschaftsingenieurwesen (B.Sc.),TH Mittelhessen,1061,Technisches Englisch,17,"verfügen über geeignete Strategien, Fehler in eigenen Texten zu finden und erfolgreich zu korrigieren,"
Wirtschaftsingenieurwesen (B.Sc.),TH Mittelhessen,1061,Technisches Englisch,18,"reflektieren ihre individuellen Sprachkenntnisse und definieren Ziele für die eigene Entwicklung; sie evaluieren den eigenen Sprachlernerfolg und setzen neue Ziele,"
Wirtschaftsingenieurwesen (B.Sc.),TH Mittelhessen,1061,Technisches Englisch,19,"reflektieren ihre Lernstrategien und deren Erfolg, probieren neue Sprachlernstrategien aus und evaluieren diese angemessen,"
Wirtschaftsingenieurwesen (B.Sc.),TH Mittelhessen,1061,Technisches Englisch,20,reflektieren und passen ihre Sprachverwendungsstrategien an oder erweitern das Repertoire.
Wirtschaftsingenieurwesen (B.Sc.),TH Mittelhessen,1061,Wirtschaftsenglisch,1,Fach- und Methodenkompetenzen (fachlich & überfachlich)
Wirtschaftsingenieurwesen (B.Sc.),TH Mittelhessen,1061,Wirtschaftsenglisch,2,"Interaktion (Begleitband des GeR 2020, S. 88ff): Die Studierenden diskutieren mündlich zum eigenen Spezialgebiet mit Spezialisten und Laien."
Wirtschaftsingenieurwesen (B.Sc.),TH Mittelhessen,1061,Wirtschaftsenglisch,3,Sie legen eine Angelegenheit oder ein Problem klar dar und stellen Vermutungen über Ursachen und Folgen an.
Wirtschaftsingenieurwesen (B.Sc.),TH Mittelhessen,1061,Wirtschaftsenglisch,4,"Sie können ein Thema systematisch erörtern und dabei entscheidende Punkte in angemessener Weise hervorheben (Produktion, ebd."
Wirtschaftsingenieurwesen (B.Sc.),TH Mittelhessen,1061,Wirtschaftsenglisch,5,Die Studierenden verfassen geschäftliche Korrespondenz mit Geschäftspartnern in angemessenem
Wirtschaftsingenieurwesen (B.Sc.),TH Mittelhessen,1061,Wirtschaftsenglisch,6,"Register, mit angemessenen Strukturen und unter Berücksichtigung aller Konventionen, wie."
Wirtschaftsingenieurwesen (B.Sc.),TH Mittelhessen,1061,Wirtschaftsenglisch,7,"Anfragen, Bitten, Anträge und Beschwerden."
Wirtschaftsingenieurwesen (B.Sc.),TH Mittelhessen,1061,Wirtschaftsenglisch,8,"Rezeption (ebd., S. 58ff): Die Studierenden verstehen gesprochene, im direkten Kontakt oder medial vermittelte Standardsprache oder eine vertraute Varietät, wenn es um vertraute Themen aus dem privaten, beruflichen oder akademischen Alltag geht."
Wirtschaftsingenieurwesen (B.Sc.),TH Mittelhessen,1061,Wirtschaftsenglisch,9,Sie verstehen die Hauptaussagen von komplexen Vorlesungen/Reden/Berichten mit akademischem oder beruflichem Bezug.
Wirtschaftsingenieurwesen (B.Sc.),TH Mittelhessen,1061,Wirtschaftsenglisch,10,"Die Studierenden entnehmen schriftlichen Quellen des eigenen Fachgebiets Informationen, Gedanken und Meinungen."
Wirtschaftsingenieurwesen (B.Sc.),TH Mittelhessen,1061,Wirtschaftsenglisch,11,"Mediation: Die Studierenden vermitteln schriftlich und mündlich zwischen verschiedenen Interessengruppen und drücken komplexe technische Probleme für Laien verständlich aus, ohne unzulässig zu vereinfachen."
Wirtschaftsingenieurwesen (B.Sc.),TH Mittelhessen,1061,Wirtschaftsenglisch,12,Hierbei kann es sich um verschiedene Sprachen (Zielsprache Englisch) oder verschiedene Register innerhalb der englischen Sprache handeln.
Wirtschaftsingenieurwesen (B.Sc.),TH Mittelhessen,1061,Wirtschaftsenglisch,13,"entwickeln in Gruppen kooperativ und effektiv Lösungen für Problemstellungen,"
Wirtschaftsingenieurwesen (B.Sc.),TH Mittelhessen,1061,Wirtschaftsenglisch,14,"können ihren Standpunkt in Diskussionen argumentativ sachlich vertreten,"
Wirtschaftsingenieurwesen (B.Sc.),TH Mittelhessen,1061,Wirtschaftsenglisch,15,"können das eigene Kooperationsverhalten in Gruppen reflektieren und erweitern,"
Wirtschaftsingenieurwesen (B.Sc.),TH Mittelhessen,1061,Wirtschaftsenglisch,16,"können die Perspektive eines Laien einnehmen und komplexe (technische) Sachverhalte adäquat erklären,"
Wirtschaftsingenieurwesen (B.Sc.),TH Mittelhessen,1061,Wirtschaftsenglisch,17,geben anhand von Kriterien anderen Studierenden Feedback zu ihrer Sprachproduktion.
Wirtschaftsingenieurwesen (B.Sc.),TH Mittelhessen,1061,Wirtschaftsenglisch,18,"verfügen über geeignete Strategien, Fehler in eigenen Texten zu finden und erfolgreich zu korrigieren."
Wirtschaftsingenieurwesen (B.Sc.),TH Mittelhessen,1061,Wirtschaftsenglisch,19,reflektieren ihre individuellen Sprachkenntnisse und definieren Ziele für die eigene Entwicklung.
Wirtschaftsingenieurwesen (B.Sc.),TH Mittelhessen,1061,Wirtschaftsenglisch,20,Sie evaluieren den eigenen Sprachlernerfolg und setzen neue Ziele.
Wirtschaftsingenieurwesen (B.Sc.),TH Mittelhessen,1061,Wirtschaftsenglisch,21,"reflektieren ihre Lernstrategien und deren Erfolg, probieren neue Sprachlernstrategien aus und evaluieren diese angemessen."
Wirtschaftsingenieurwesen (B.Sc.),TH Mittelhessen,1061,Wirtschaftsenglisch,22,reflektieren und passen ihre Sprachverwendungsstrategien an oder erweitern das Repertoire.
Wirtschaftsingenieurwesen (B.Sc.),TH Mittelhessen,1061,Französisch für den Beruf,1,Fach- und Methodenkompetenzen (fachlich & überfachlich)
Wirtschaftsingenieurwesen (B.Sc.),TH Mittelhessen,1061,Französisch für den Beruf,2,"Interaktion (Begleitband des GeR 2020, S. 88ff): Die Studierenden diskutieren mündlich zum eigenen Spezialgebiet mit Spezialisten und Laien."
Wirtschaftsingenieurwesen (B.Sc.),TH Mittelhessen,1061,Französisch für den Beruf,3,Sie legen eine Angelegenheit oder ein Problem klar dar und stellen Vermutungen über Ursachen und Folgen an.
Wirtschaftsingenieurwesen (B.Sc.),TH Mittelhessen,1061,Französisch für den Beruf,4,"Sie können ein Thema systematisch erörtern und dabei entscheidende Punkte in angemessener Weise hervorheben (Produktion, ebd."
Wirtschaftsingenieurwesen (B.Sc.),TH Mittelhessen,1061,Französisch für den Beruf,5,"Die Studierenden verfassen geschäftliche Korrespondenz mit Geschäftspartnern in angemessenem Register, mit angemessenen Strukturen und unter Berücksichtigung aller Konventionen, wie."
Wirtschaftsingenieurwesen (B.Sc.),TH Mittelhessen,1061,Französisch für den Beruf,6,"Anfragen, Bitten, Anträge und Beschwerden."
Wirtschaftsingenieurwesen (B.Sc.),TH Mittelhessen,1061,Französisch für den Beruf,7,"Rezeption (ebd., S. 58ff): Die Studierenden verstehen gesprochene, im direkten Kontakt oder medial vermittelte Standardsprache oder eine vertraute Varietät, wenn es um vertraute Themen aus dem privaten, beruflichen oder akademischen Alltag geht."
Wirtschaftsingenieurwesen (B.Sc.),TH Mittelhessen,1061,Französisch für den Beruf,8,Sie verstehen die Hauptaussagen von komplexen Vorlesungen/Reden/Berichten mit akademischem oder beruflichem Bezug.
Wirtschaftsingenieurwesen (B.Sc.),TH Mittelhessen,1061,Französisch für den Beruf,9,"Die Studierenden entnehmen schriftlichen Quellen des eigenen Fachgebiets Informationen, Gedanken und Meinungen."
Wirtschaftsingenieurwesen (B.Sc.),TH Mittelhessen,1061,Französisch für den Beruf,10,"Mediation: Die Studierenden vermitteln schriftlich und mündlich zwischen verschiedenen Interessengruppen und drücken komplexe technische Probleme für Laien verständlich aus, ohne unzulässig zu vereinfachen."
Wirtschaftsingenieurwesen (B.Sc.),TH Mittelhessen,1061,Französisch für den Beruf,11,Hierbei kann es sich um verschiedene Sprachen (Zielsprache Englisch) oder verschiedene Register innerhalb der englischen Sprache handeln.
Wirtschaftsingenieurwesen (B.Sc.),TH Mittelhessen,1061,Französisch für den Beruf,12,"entwickeln in Gruppen kooperativ und effektiv Lösungen für Problemstellungen,"
Wirtschaftsingenieurwesen (B.Sc.),TH Mittelhessen,1061,Französisch für den Beruf,13,"können ihren Standpunkt in Diskussionen argumentativ sachlich vertreten,"
Wirtschaftsingenieurwesen (B.Sc.),TH Mittelhessen,1061,Französisch für den Beruf,14,"können das eigene Kooperationsverhalten in Gruppen reflektieren und erweitern,"
Wirtschaftsingenieurwesen (B.Sc.),TH Mittelhessen,1061,Französisch für den Beruf,15,"können die Perspektive eines Laien einnehmen und komplexe (technische) Sachverhalte adäquat erklären,"
Wirtschaftsingenieurwesen (B.Sc.),TH Mittelhessen,1061,Französisch für den Beruf,16,geben anhand von Kriterien anderen Studierenden Feedback zu ihrer Sprachproduktion.
Wirtschaftsingenieurwesen (B.Sc.),TH Mittelhessen,1061,Französisch für den Beruf,17,"verfügen über geeignete Strategien, Fehler in eigenen Texten zu finden und erfolgreich zu korrigieren,"
Wirtschaftsingenieurwesen (B.Sc.),TH Mittelhessen,1061,Französisch für den Beruf,18,"reflektieren ihre individuellen Sprachkenntnisse und definieren Ziele für die eigene Entwicklung; sie evaluieren den eigenen Sprachlernerfolg und setzen neue Ziele,"
Wirtschaftsingenieurwesen (B.Sc.),TH Mittelhessen,1061,Französisch für den Beruf,19,"reflektieren ihre Lernstrategien und deren Erfolg, probieren neue Sprachlernstrategien aus und evaluieren diese angemessen,"
Wirtschaftsingenieurwesen (B.Sc.),TH Mittelhessen,1061,Französisch für den Beruf,20,reflektieren und passen ihre Sprachverwendungsstrategien an oder erweitern das Repertoire.
Wirtschaftsingenieurwesen (B.Sc.),TH Mittelhessen,1061,Spanisch für den Beruf 1 (A1),1,Fach- und Methodenkompetenzen (fachlich & überfachlich)
Wirtschaftsingenieurwesen (B.Sc.),TH Mittelhessen,1061,Spanisch für den Beruf 1 (A1),2,"Interaktion (Begleitband des GeR 2020, S. 88ff): Die Studierenden diskutieren mündlich zum eigenen Spezialgebiet mit Spezialisten und Laien."
Wirtschaftsingenieurwesen (B.Sc.),TH Mittelhessen,1061,Spanisch für den Beruf 1 (A1),3,Sie legen eine Angelegenheit oder ein Problem klar dar und stellen Vermutungen über Ursachen und Folgen an.
Wirtschaftsingenieurwesen (B.Sc.),TH Mittelhessen,1061,Spanisch für den Beruf 1 (A1),4,"Sie können ein Thema systematisch erörtern und dabei entscheidende Punkte in angemessener Weise hervorheben (Produktion, ebd."
Wirtschaftsingenieurwesen (B.Sc.),TH Mittelhessen,1061,Spanisch für den Beruf 1 (A1),5,"Die Studierenden verfassen geschäftliche Korrespondenz mit Geschäftspartnern in angemessenem Register, mit angemessenen Strukturen und unter Berücksichtigung aller Konventionen, wie."
Wirtschaftsingenieurwesen (B.Sc.),TH Mittelhessen,1061,Spanisch für den Beruf 1 (A1),6,"Anfragen, Bitten, Anträge und Beschwerden."
Wirtschaftsingenieurwesen (B.Sc.),TH Mittelhessen,1061,Spanisch für den Beruf 1 (A1),7,"Rezeption (ebd., S. 58ff): Die Studierenden verstehen gesprochene, im direkten Kontakt oder medial vermittelte Standardsprache oder eine vertraute Varietät, wenn es um vertraute Themen aus dem privaten, beruflichen oder akademischen Alltag geht."
Wirtschaftsingenieurwesen (B.Sc.),TH Mittelhessen,1061,Spanisch für den Beruf 1 (A1),8,Sie verstehen die Hauptaussagen von komplexen Vorlesungen/Reden/Berichten mit akademischem oder beruflichem Bezug.
Wirtschaftsingenieurwesen (B.Sc.),TH Mittelhessen,1061,Spanisch für den Beruf 1 (A1),9,"Die Studierenden entnehmen schriftlichen Quellen des eigenen Fachgebiets Informationen, Gedanken und Meinungen."
Wirtschaftsingenieurwesen (B.Sc.),TH Mittelhessen,1061,Spanisch für den Beruf 1 (A1),10,"Mediation: Die Studierenden vermitteln schriftlich und mündlich zwischen verschiedenen Interessengruppen und drücken komplexe technische Probleme für Laien verständlich aus, ohne unzulässig zu vereinfachen."
Wirtschaftsingenieurwesen (B.Sc.),TH Mittelhessen,1061,Spanisch für den Beruf 1 (A1),11,Hierbei kann es sich um verschiedene Sprachen (Zielsprache Englisch) oder verschiedene Register innerhalb der englischen Sprache handeln.
Wirtschaftsingenieurwesen (B.Sc.),TH Mittelhessen,1061,Spanisch für den Beruf 1 (A1),12,"entwickeln in Gruppen kooperativ und effektiv Lösungen für Problemstellungen,"
Wirtschaftsingenieurwesen (B.Sc.),TH Mittelhessen,1061,Spanisch für den Beruf 1 (A1),13,"können ihren Standpunkt in Diskussionen argumentativ sachlich vertreten,"
Wirtschaftsingenieurwesen (B.Sc.),TH Mittelhessen,1061,Spanisch für den Beruf 1 (A1),14,"können das eigene Kooperationsverhalten in Gruppen reflektieren und erweitern,"
Wirtschaftsingenieurwesen (B.Sc.),TH Mittelhessen,1061,Spanisch für den Beruf 1 (A1),15,"können die Perspektive eines Laien einnehmen und komplexe (technische) Sachverhalte adäquat erklären,"
Wirtschaftsingenieurwesen (B.Sc.),TH Mittelhessen,1061,Spanisch für den Beruf 1 (A1),16,geben anhand von Kriterien anderen Studierenden Feedback zu ihrer Sprachproduktion.
Wirtschaftsingenieurwesen (B.Sc.),TH Mittelhessen,1061,Spanisch für den Beruf 1 (A1),17,"verfügen über geeignete Strategien, Fehler in eigenen Texten zu finden und erfolgreich zu korrigieren,"
Wirtschaftsingenieurwesen (B.Sc.),TH Mittelhessen,1061,Spanisch für den Beruf 1 (A1),18,"reflektieren ihre individuellen Sprachkenntnisse und definieren Ziele für die eigene Entwicklung; sie evaluieren den eigenen Sprachlernerfolg und setzen neue Ziele,"
Wirtschaftsingenieurwesen (B.Sc.),TH Mittelhessen,1061,Spanisch für den Beruf 1 (A1),19,"reflektieren ihre Lernstrategien und deren Erfolg, probieren neue Sprachlernstrategien aus und evaluieren diese angemessen,"
Wirtschaftsingenieurwesen (B.Sc.),TH Mittelhessen,1061,Spanisch für den Beruf 1 (A1),20,reflektieren und passen ihre Sprachverwendungsstrategien an oder erweitern das Repertoire.
Wirtschaftsingenieurwesen (B.Sc.),TH Mittelhessen,1061,Spanisch für den Beruf 1 (A1),21,Verwendbarkeit des Moduls Pflichtmodul in allen Schwerpunkten der Bachelorstudiengänge Wirtschaftsingenieurwesen und Wirtschaftsingenieurwesen-Industrie und Wahlpflichtmodul in beiden Schwerpunkten der Bachelorstudiengänge Wirtschaftsingenieurwesen-Immobilien und Immobilien- und Facility Management
Wirtschaftsingenieurwesen (B.Sc.),TH Mittelhessen,1061,Einführung in die chinesische Sprache und Kultur (A1) /,1,Fach- und Methodenkompetenzen (fachlich & überfachlich)
Wirtschaftsingenieurwesen (B.Sc.),TH Mittelhessen,1061,Einführung in die chinesische Sprache und Kultur (A1) /,2,"Interaktion (Begleitband des GeR 2020, S. 88ff): Die Studierenden diskutieren mündlich zum eigenen Spezialgebiet mit Spezialisten und Laien."
Wirtschaftsingenieurwesen (B.Sc.),TH Mittelhessen,1061,Einführung in die chinesische Sprache und Kultur (A1) /,3,Sie legen eine Angelegenheit oder ein Problem klar dar und stellen Vermutungen über Ursachen und Folgen an.
Wirtschaftsingenieurwesen (B.Sc.),TH Mittelhessen,1061,Einführung in die chinesische Sprache und Kultur (A1) /,4,"Sie können ein Thema systematisch erörtern und dabei entscheidende Punkte in angemessener Weise hervorheben (Produktion, ebd."
Wirtschaftsingenieurwesen (B.Sc.),TH Mittelhessen,1061,Einführung in die chinesische Sprache und Kultur (A1) /,5,"Die Studierenden verfassen geschäftliche Korrespondenz mit Geschäftspartnern in angemessenem Register, mit angemessenen Strukturen und unter Berücksichtigung aller Konventionen, wie."
Wirtschaftsingenieurwesen (B.Sc.),TH Mittelhessen,1061,Einführung in die chinesische Sprache und Kultur (A1) /,6,"Anfragen, Bitten, Anträge und Beschwerden."
Wirtschaftsingenieurwesen (B.Sc.),TH Mittelhessen,1061,Einführung in die chinesische Sprache und Kultur (A1) /,7,"Rezeption (ebd., S. 58ff): Die Studierenden verstehen gesprochene, im direkten Kontakt oder medial vermittelte Standardsprache oder eine vertraute Varietät, wenn es um vertraute Themen aus dem privaten, beruflichen oder akademischen Alltag geht."
Wirtschaftsingenieurwesen (B.Sc.),TH Mittelhessen,1061,Einführung in die chinesische Sprache und Kultur (A1) /,8,Sie verstehen die Hauptaussagen von komplexen Vorlesungen/Reden/Berichten mit akademischem oder beruflichem Bezug.
Wirtschaftsingenieurwesen (B.Sc.),TH Mittelhessen,1061,Einführung in die chinesische Sprache und Kultur (A1) /,9,"Die Studierenden entnehmen schriftlichen Quellen des eigenen Fachgebiets Informationen, Gedanken und Meinungen."
Wirtschaftsingenieurwesen (B.Sc.),TH Mittelhessen,1061,Einführung in die chinesische Sprache und Kultur (A1) /,10,"Mediation: Die Studierenden vermitteln schriftlich und mündlich zwischen verschiedenen Interessengruppen und drücken komplexe technische Probleme für Laien verständlich aus, ohne unzulässig zu vereinfachen."
Wirtschaftsingenieurwesen (B.Sc.),TH Mittelhessen,1061,Einführung in die chinesische Sprache und Kultur (A1) /,11,Hierbei kann es sich um verschiedene Sprachen (Zielsprache Englisch) oder verschiedene Register innerhalb der englischen Sprache handeln.
Wirtschaftsingenieurwesen (B.Sc.),TH Mittelhessen,1061,Einführung in die chinesische Sprache und Kultur (A1) /,12,"entwickeln in Gruppen kooperativ und effektiv Lösungen für Problemstellungen,"
Wirtschaftsingenieurwesen (B.Sc.),TH Mittelhessen,1061,Einführung in die chinesische Sprache und Kultur (A1) /,13,"können ihren Standpunkt in Diskussionen argumentativ sachlich vertreten,"
Wirtschaftsingenieurwesen (B.Sc.),TH Mittelhessen,1061,Einführung in die chinesische Sprache und Kultur (A1) /,14,"können das eigene Kooperationsverhalten in Gruppen reflektieren und erweitern,"
Wirtschaftsingenieurwesen (B.Sc.),TH Mittelhessen,1061,Einführung in die chinesische Sprache und Kultur (A1) /,15,"können die Perspektive eines Laien einnehmen und komplexe (technische) Sachverhalte adäquat erklären,"
Wirtschaftsingenieurwesen (B.Sc.),TH Mittelhessen,1061,Einführung in die chinesische Sprache und Kultur (A1) /,16,geben anhand von Kriterien anderen Studierenden Feedback zu ihrer Sprachproduktion.
Wirtschaftsingenieurwesen (B.Sc.),TH Mittelhessen,1061,Einführung in die chinesische Sprache und Kultur (A1) /,17,"verfügen über geeignete Strategien, Fehler in eigenen Texten zu finden und erfolgreich zu korrigieren,"
Wirtschaftsingenieurwesen (B.Sc.),TH Mittelhessen,1061,Einführung in die chinesische Sprache und Kultur (A1) /,18,"reflektieren ihre individuellen Sprachkenntnisse und definieren Ziele für die eigene Entwicklung; sie evaluieren den eigenen Sprachlernerfolg und setzen neue Ziele,"
Wirtschaftsingenieurwesen (B.Sc.),TH Mittelhessen,1061,Einführung in die chinesische Sprache und Kultur (A1) /,19,"reflektieren ihre Lernstrategien und deren Erfolg, probieren neue Sprachlernstrategien aus und evaluieren diese angemessen,"
Wirtschaftsingenieurwesen (B.Sc.),TH Mittelhessen,1061,Einführung in die chinesische Sprache und Kultur (A1) /,20,reflektieren und passen ihre Sprachverwendungsstrategien an oder erweitern das Repertoire.
Wirtschaftsingenieurwesen (B.Sc.),TH Mittelhessen,1061,Fachsprachkurs Deutsch für Studium und Beruf (ab C1),1,Der Kurs richtet sich an ausländische Studierende deutschsprachiger Studiengänge aller Fachbereiche.
Wirtschaftsingenieurwesen (B.Sc.),TH Mittelhessen,1061,Fachsprachkurs Deutsch für Studium und Beruf (ab C1),2,Das Ziel des Kurses ist Vertiefung und Erweiterung der Sprachkompetenz in der schriftlichen und mündlichen Kommunikation im fachsprachlichen Kontext.
Wirtschaftsingenieurwesen (B.Sc.),TH Mittelhessen,1061,Fachsprachkurs Deutsch für Studium und Beruf (ab C1),3,"Langfristiges Ziel ist, die Studierenden optimal auf den Berufseinstieg vorzubereiten."
Wirtschaftsingenieurwesen (B.Sc.),TH Mittelhessen,1061,Fachsprachkurs Deutsch für Studium und Beruf (ab C1),4,"Studierende verbessern ihre sprachlichen Fertigkeiten (Lesen, Schreiben, Sprechen und Hören), wobei der Schwerpunkt auf dem Schreiben und Lesen liegt Fach- und Methodenkompetenzen (fachlich & überfachlich)"
Wirtschaftsingenieurwesen (B.Sc.),TH Mittelhessen,1061,Fachsprachkurs Deutsch für Studium und Beruf (ab C1),5,"Interaktion (Begleitband des GeR 2020, S. 88ff): Die Studierenden diskutieren mündlich zum eigenen Spezialgebiet mit Spezialisten und Laien."
Wirtschaftsingenieurwesen (B.Sc.),TH Mittelhessen,1061,Fachsprachkurs Deutsch für Studium und Beruf (ab C1),6,Sie legen eine Angelegenheit oder ein Problem klar dar und stellen Vermutungen über Ursachen und Folgen an.
Wirtschaftsingenieurwesen (B.Sc.),TH Mittelhessen,1061,Fachsprachkurs Deutsch für Studium und Beruf (ab C1),7,"Sie können ein Thema systematisch erörtern und dabei entscheidende Punkte in angemessener Weise hervorheben (Produktion, ebd."
Wirtschaftsingenieurwesen (B.Sc.),TH Mittelhessen,1061,Fachsprachkurs Deutsch für Studium und Beruf (ab C1),8,"Die Studierenden verfassen geschäftliche Korrespondenz mit Geschäftspartnern in angemessenem Register, mit angemessenen Strukturen und unter Berücksichtigung aller Konventionen, wie."
Wirtschaftsingenieurwesen (B.Sc.),TH Mittelhessen,1061,Fachsprachkurs Deutsch für Studium und Beruf (ab C1),9,"Anfragen, Bitten, Anträge und Beschwerden."
Wirtschaftsingenieurwesen (B.Sc.),TH Mittelhessen,1061,Fachsprachkurs Deutsch für Studium und Beruf (ab C1),10,"Rezeption (ebd., S. 58ff): Die Studierenden verstehen gesprochene, im direkten Kontakt oder medial vermittelte Standardsprache oder eine vertraute Varietät, wenn es um vertraute Themen aus dem privaten, beruflichen oder akademischen Alltag geht."
Wirtschaftsingenieurwesen (B.Sc.),TH Mittelhessen,1061,Fachsprachkurs Deutsch für Studium und Beruf (ab C1),11,Sie verstehen die Hauptaussagen von komplexen Vorlesungen/Reden/Berichten mit akademischem oder beruflichem Bezug.
Wirtschaftsingenieurwesen (B.Sc.),TH Mittelhessen,1061,Fachsprachkurs Deutsch für Studium und Beruf (ab C1),12,"Die Studierenden entnehmen schriftlichen Quellen des eigenen Fachgebiets Informationen, Gedanken und Meinungen."
Wirtschaftsingenieurwesen (B.Sc.),TH Mittelhessen,1061,Fachsprachkurs Deutsch für Studium und Beruf (ab C1),13,"Mediation: Die Studierenden vermitteln schriftlich und mündlich zwischen verschiedenen Interessengruppen und drücken komplexe technische Probleme für Laien verständlich aus, ohne unzulässig zu vereinfachen."
Wirtschaftsingenieurwesen (B.Sc.),TH Mittelhessen,1061,Fachsprachkurs Deutsch für Studium und Beruf (ab C1),14,Hierbei kann es sich um verschiedene Sprachen (Zielsprache Englisch) oder verschiedene Register innerhalb der englischen Sprache handeln.
Wirtschaftsingenieurwesen (B.Sc.),TH Mittelhessen,1061,Fachsprachkurs Deutsch für Studium und Beruf (ab C1),15,"entwickeln in Gruppen kooperativ und effektiv Lösungen für Problemstellungen,"
Wirtschaftsingenieurwesen (B.Sc.),TH Mittelhessen,1061,Fachsprachkurs Deutsch für Studium und Beruf (ab C1),16,"können ihren Standpunkt in Diskussionen argumentativ sachlich vertreten,"
Wirtschaftsingenieurwesen (B.Sc.),TH Mittelhessen,1061,Fachsprachkurs Deutsch für Studium und Beruf (ab C1),17,"können das eigene Kooperationsverhalten in Gruppen reflektieren und erweitern,"
Wirtschaftsingenieurwesen (B.Sc.),TH Mittelhessen,1061,Fachsprachkurs Deutsch für Studium und Beruf (ab C1),18,"können die Perspektive eines Laien einnehmen und komplexe (technische) Sachverhalte adäquat erklären,"
Wirtschaftsingenieurwesen (B.Sc.),TH Mittelhessen,1061,Fachsprachkurs Deutsch für Studium und Beruf (ab C1),19,geben anhand von Kriterien anderen Studierenden Feedback zu ihrer Sprachproduktion.
Wirtschaftsingenieurwesen (B.Sc.),TH Mittelhessen,1061,Fachsprachkurs Deutsch für Studium und Beruf (ab C1),20,"verfügen über geeignete Strategien, Fehler in eigenen Texten zu finden und erfolgreich zu korrigieren,"
Wirtschaftsingenieurwesen (B.Sc.),TH Mittelhessen,1061,Fachsprachkurs Deutsch für Studium und Beruf (ab C1),21,"reflektieren ihre individuellen Sprachkenntnisse und definieren Ziele für die eigene Entwicklung; sie evaluieren den eigenen Sprachlernerfolg und setzen neue Ziele,"
Wirtschaftsingenieurwesen (B.Sc.),TH Mittelhessen,1061,Fachsprachkurs Deutsch für Studium und Beruf (ab C1),22,"reflektieren ihre Lernstrategien und deren Erfolg, probieren neue Sprachlernstrategien aus und evaluieren diese angemessen,"
Wirtschaftsingenieurwesen (B.Sc.),TH Mittelhessen,1061,Fachsprachkurs Deutsch für Studium und Beruf (ab C1),23,reflektieren und passen ihre Sprachverwendungsstrategien an oder erweitern das Repertoire.
Wirtschaftsingenieurwesen (B.Sc.),TH Mittelhessen,Modulbezeichnung,1062,1,"Die Studierenden können die Teilbereiche und -aufgaben einer Unternehmensplanung erklären, Interdependenzen herausstellen und diskutieren,"
Wirtschaftsingenieurwesen (B.Sc.),TH Mittelhessen,Modulbezeichnung,1062,2,"aufbauend auf den Ergebnissen einer Unternehmens-, Konkurrenz- und Umfeldanalyse Unternehmensziele formulieren,"
Wirtschaftsingenieurwesen (B.Sc.),TH Mittelhessen,Modulbezeichnung,1062,3,"zur Planerreichung alternative Handlungsmöglichkeiten (z.B. für die Bereiche Beschaffung, Produktion, Marketing, Investition und Finanzierung) entwickeln, die Alternativen bewerten und geeignete auswählen."
Wirtschaftsingenieurwesen (B.Sc.),TH Mittelhessen,Modulbezeichnung,1062,4,"Methoden zur Unternehmens-, Konkurrenz- und Umfeldanalyse anwenden, Ergebnisse auswerten und interpretieren,"
Wirtschaftsingenieurwesen (B.Sc.),TH Mittelhessen,Modulbezeichnung,1062,5,Die Studierenden können betriebswirtschaftliche Kenntnisse und Methoden zur Bearbeitung von Aufgabenstellungen im Rahmen der Unternehmensplanung anwenden.
Wirtschaftsingenieurwesen (B.Sc.),TH Mittelhessen,Modulbezeichnung,1062,6,"Die Studierenden können sich im Team organisieren und einen Handlungsrahmen entwickeln,"
Wirtschaftsingenieurwesen (B.Sc.),TH Mittelhessen,Modulbezeichnung,1062,7,Entscheidungen unter Zeitdruck und Unsicherheit im Team gemeinsam treffen.
Wirtschaftsingenieurwesen (B.Sc.),TH Mittelhessen,Modulbezeichnung,1062,8,"Die Studierenden können ihre Zielsetzungen und Entscheidungen fachkompetent gegenüber Dritten argumentativ vertreten und bereit sein, sich (konstruktiv) mit anderen Vorstellungen, Anregungen und Kritik auseinanderzusetzen,"
Wirtschaftsingenieurwesen (B.Sc.),TH Mittelhessen,Modulbezeichnung,1062,9,die Ergebnisse reflektieren und präsentieren.
Wirtschaftsingenieurwesen (B.Sc.),TH Mittelhessen,1071,Praxisphase,1,"Die Studierenden können über organisatorische und rechtliche Rahmenbedingungen bei der Suche nach einer geeigneten Stelle im In- und Ausland aufgeklärt werden,"
Wirtschaftsingenieurwesen (B.Sc.),TH Mittelhessen,1071,Praxisphase,2,"studiengangsadäquate berufsqualifizierende Tätigkeiten zur Vorbereitung auf das künftige Berufsfeld ausüben,"
Wirtschaftsingenieurwesen (B.Sc.),TH Mittelhessen,1071,Praxisphase,3,"eine praktische Ausbildung an fest umrissenen, konkreten Projekten erhalten, die inhaltlich den Vorlesungen des Bachelorstudiums entsprechen."
Wirtschaftsingenieurwesen (B.Sc.),TH Mittelhessen,1071,Praxisphase,4,"können ihre Recherche-Arbeit professionalisieren,"
Wirtschaftsingenieurwesen (B.Sc.),TH Mittelhessen,1071,Praxisphase,5,"lernen, die Informationen aus der Recherche entsprechend zu bewerten,"
Wirtschaftsingenieurwesen (B.Sc.),TH Mittelhessen,1071,Praxisphase,6,"lernen durch verschiedene (Schreib-)Übungen wie sie ihren Praxisphasenbericht entwerfen und gestalten können,"
Wirtschaftsingenieurwesen (B.Sc.),TH Mittelhessen,1071,Praxisphase,7,können die ausgeübten Tätigkeiten in einem Bericht beschreiben und ein abschließendes Fachgespräch mit ihrem/ihrer THM-Betreuer/in führen.
Wirtschaftsingenieurwesen (B.Sc.),TH Mittelhessen,1071,Praxisphase,8,"vertiefen in Gruppenübungen das Arbeiten im Team mit den zugehörigen Kommunikationsprozessen,"
Wirtschaftsingenieurwesen (B.Sc.),TH Mittelhessen,1071,Praxisphase,9,"können sich mit der Berufswelt vertraut machen,"
Wirtschaftsingenieurwesen (B.Sc.),TH Mittelhessen,1071,Praxisphase,10,"entwickeln Menschenkenntnis und Empathie,"
Wirtschaftsingenieurwesen (B.Sc.),TH Mittelhessen,1071,Praxisphase,11,"versuchen sich zu integrieren,"
Wirtschaftsingenieurwesen (B.Sc.),TH Mittelhessen,1071,Praxisphase,12,"lernen Kritikfähigkeit,"
Wirtschaftsingenieurwesen (B.Sc.),TH Mittelhessen,1071,Praxisphase,13,lernen Umgangsstile kennen.
Wirtschaftsingenieurwesen (B.Sc.),TH Mittelhessen,1071,Praxisphase,14,"können sich weiterführende Literatur selbständig erarbeiten,"
Wirtschaftsingenieurwesen (B.Sc.),TH Mittelhessen,1071,Praxisphase,15,"können Themen in Form von Arbeitskonferenzen vortragen und diskutieren,"
Wirtschaftsingenieurwesen (B.Sc.),TH Mittelhessen,1071,Praxisphase,16,"lernen, sich in neuen Situationen zurecht zu finden und sich damit auseinanderzusetzen,"
Wirtschaftsingenieurwesen (B.Sc.),TH Mittelhessen,1071,Praxisphase,17,"entwickeln Selbstvertrauen, Selbstdisziplin und Selbstreflexion,"
Wirtschaftsingenieurwesen (B.Sc.),TH Mittelhessen,1071,Praxisphase,18,"übernehmen Eigenverantwortung,"
Wirtschaftsingenieurwesen (B.Sc.),TH Mittelhessen,1071,Praxisphase,19,"lernen mit Stress umzugehen,"
Wirtschaftsingenieurwesen (B.Sc.),TH Mittelhessen,1071,Praxisphase,20,"entwickeln ein neues Zeitmanagement,"
Wirtschaftsingenieurwesen (B.Sc.),TH Mittelhessen,1071,Praxisphase,21,"werden in ihrer Kreativität mehr gefordert,"
Wirtschaftsingenieurwesen (B.Sc.),TH Mittelhessen,1071,Praxisphase,22,erhalten eine andere Wahrnehmung.
Wirtschaftsingenieurwesen (B.Sc.),TH Mittelhessen,1072,Bachelorarbeit,1,"erweitern ihre fachspezifischen Kenntnisse,"
Wirtschaftsingenieurwesen (B.Sc.),TH Mittelhessen,1072,Bachelorarbeit,2,bearbeiten eine praktische oder theoretische Problemlösung in ihrem ausgewählten Themengebiet.
Wirtschaftsingenieurwesen (B.Sc.),TH Mittelhessen,1072,Bachelorarbeit,3,"Die Studierenden können ihr Thema mit angemessenen wissenschaftlichen Methoden bearbeiten,"
Wirtschaftsingenieurwesen (B.Sc.),TH Mittelhessen,1072,Bachelorarbeit,4,die Aussagekraft ihrer Ergebnisse kritisch reflektieren.
Wirtschaftsingenieurwesen (B.Sc.),TH Mittelhessen,1072,Bachelorarbeit,5,"Die Studierenden können sich aufgrund der angeeigneten sozialen Kompetenz im beruflichen Umfeld integrieren,"
Wirtschaftsingenieurwesen (B.Sc.),TH Mittelhessen,1072,Bachelorarbeit,6,"im Team fachspezifische Probleme diskutieren, ggf. auch in englischer Sprache."
Wirtschaftsingenieurwesen (B.Sc.),TH Mittelhessen,1072,Bachelorarbeit,7,"Die Studierenden können unter Einbehaltung der zeitlichen Vorgaben selbständig und zielorientiert arbeiten,"
Wirtschaftsingenieurwesen (B.Sc.),TH Mittelhessen,1072,Bachelorarbeit,8,"bei Bedarf Beratungsangebote ihrer Betreuer*innen annehmen,"
Wirtschaftsingenieurwesen (B.Sc.),TH Mittelhessen,1072,Bachelorarbeit,9,ihre Arbeitsweise kontinuierlich kritisch reflektieren und
Wirtschaftsingenieurwesen (B.Sc.),TH Mittelhessen,1072,Bachelorarbeit,10,für andere Projekte/Projektphasen adaptieren.
Wirtschaftsingenieurwesen (B.Sc.),TH Mittelhessen,1073,Kolloquium zur Bachelorarbeit,1,Die Studierenden können die Ergebnisse der Bachelorarbeit verständlich und kompetent darstellen.
Wirtschaftsingenieurwesen (B.Sc.),TH Mittelhessen,1073,Kolloquium zur Bachelorarbeit,2,Die Darstellung ist fundiert und in ihrer Tiefe und Komplexität der Fragestellung angepasst.
Wirtschaftsingenieurwesen (B.Sc.),TH Mittelhessen,1073,Kolloquium zur Bachelorarbeit,3,"die zur Lösung der gegebenen Fragestellung verwendeten Methoden verständlich und kompetent darstellen,"
Wirtschaftsingenieurwesen (B.Sc.),TH Mittelhessen,1073,Kolloquium zur Bachelorarbeit,4,auf Nachfrage zum präsentierten Thema kompetent antworten.
Wirtschaftsingenieurwesen (B.Sc.),TH Mittelhessen,1073,Kolloquium zur Bachelorarbeit,5,"Die Studierenden können ihre Ergebnisse in angemessener, medial unterstützter und wissenschaftlich fundierter Form zu präsentieren."
Wirtschaftsingenieurwesen (B.Sc.),TH Mittelhessen,1073,Kolloquium zur Bachelorarbeit,6,Die Studierenden können ihren Lösungsweg und ihre Erkenntnisse während des Kolloquiums argumentieren und verteidigen.
Wirtschaftsingenieurwesen (B.Sc.),TH Mittelhessen,1073,Kolloquium zur Bachelorarbeit,7,Die Studierenden können ihre persönlichen Stärken und Schwächen in Bezug auf die Darstellung komplexer Sachverhalte reflektieren und verbessern.
Wirtschaftsingenieurwesen (B.Sc.),TH Mittelhessen,1111,Materialwissenschaften,1,"Die Studierenden können den atomaren Aufbau und die Eigenschaften von metallischen Werkstoffen beschreiben,"
Wirtschaftsingenieurwesen (B.Sc.),TH Mittelhessen,1111,Materialwissenschaften,2,"die Grundbegriffe der Legierungskunde benennen,"
Wirtschaftsingenieurwesen (B.Sc.),TH Mittelhessen,1111,Materialwissenschaften,3,"die wesentlichen Merkmale der Wärmebehandlung darstellen,"
Wirtschaftsingenieurwesen (B.Sc.),TH Mittelhessen,1111,Materialwissenschaften,4,"die Grundlagen von Nichteisenmetallen, Kunststoffen, Keramiken und Verbundwerkstoffen"
Wirtschaftsingenieurwesen (B.Sc.),TH Mittelhessen,1111,Materialwissenschaften,5,"wiedergeben, die Grundlagen von biotischen/biobasierten Werkstoffen wiedergeben, Werkstoffe anhand der mechanischen Eigenschaften unterscheiden, Umwelteigenschaften von Werkstoffen unterscheiden, alternative umweltschonende Werkstoffe auswählen."
Wirtschaftsingenieurwesen (B.Sc.),TH Mittelhessen,1111,Materialwissenschaften,6,"Die Studierenden können anwendungsbezogen Werkstoffe auswählen,"
Wirtschaftsingenieurwesen (B.Sc.),TH Mittelhessen,1111,Materialwissenschaften,7,Verfahren der Werkstoffprüfung erläutern
Wirtschaftsingenieurwesen (B.Sc.),TH Mittelhessen,1111,Materialwissenschaften,8,Die Studierenden können zielorientiert mit anderen zusammenarbeiten.
Wirtschaftsingenieurwesen (B.Sc.),TH Mittelhessen,1111,Materialwissenschaften,9,"Die Studierenden können eigene Wissenslücken erkennen und schließen,"
Wirtschaftsingenieurwesen (B.Sc.),TH Mittelhessen,1111,Materialwissenschaften,10,ihren Lernfortschritt reflektieren.
Wirtschaftsingenieurwesen (B.Sc.),TH Mittelhessen,1112,Technische Mechanik 1 (TM1),1,"Die Studierenden können ruhende Tragwerke in der Natur und in der Technik identifizieren und untersuchen,"
Wirtschaftsingenieurwesen (B.Sc.),TH Mittelhessen,1112,Technische Mechanik 1 (TM1),2,"mechanische Modelle aus der Realität extrahieren, klassifizieren und statisch bestimmte Systeme mithilfe der erlernten Methoden analysieren,"
Wirtschaftsingenieurwesen (B.Sc.),TH Mittelhessen,1112,Technische Mechanik 1 (TM1),3,"die Wirkungen von Lasten auf starre Körper und deren Wirkungen auf das betrachtete Bauteil aufgrund einwirkender Kräfte erkennen und berechnen,"
Wirtschaftsingenieurwesen (B.Sc.),TH Mittelhessen,1112,Technische Mechanik 1 (TM1),4,die Wirkungen von Lasten auf Körper und deren Wirkungen im betrachteten Bauteil aufgrund einwirkender Kräfte erkennen und berechnen.
Wirtschaftsingenieurwesen (B.Sc.),TH Mittelhessen,1112,Technische Mechanik 1 (TM1),5,"Die Studierenden können auf verschiedene Arten und Weisen komplexe Zustände, z.B. Maschinen und Anlagenteile, Fahrzeugkomponenten usw. in einfachere Teilsysteme zerlegen,"
Wirtschaftsingenieurwesen (B.Sc.),TH Mittelhessen,1112,Technische Mechanik 1 (TM1),6,auf verschiedene Arten und Weisen z.B. zeichnerisch oder mit verschiedenen Methoden analytisch statische Probleme lösen.
Wirtschaftsingenieurwesen (B.Sc.),TH Mittelhessen,1112,Technische Mechanik 1 (TM1),7,"Die Studierenden können das Erlernte wiedergeben, so dass im späteren Berufsleben die angewendeten Methoden auch erklären werden können,"
Wirtschaftsingenieurwesen (B.Sc.),TH Mittelhessen,1112,Technische Mechanik 1 (TM1),8,"ihr Wissen anderen vermitteln, indem die Inhalte der Technischen Mechanik dargestellt, die Ergebnisse begründet und interpretiert werden"
Wirtschaftsingenieurwesen (B.Sc.),TH Mittelhessen,1112,Technische Mechanik 1 (TM1),9,"Die Studierenden können selbstständig die Problematik eines komplexen Systems erkennen, dieses auf das Wesentliche so reduzieren, dass es berechnet werden kann,"
Wirtschaftsingenieurwesen (B.Sc.),TH Mittelhessen,1112,Technische Mechanik 1 (TM1),10,"das ermittelte Ergebnis mittels verschiedener erlernter Methoden selbst prüfen,"
Wirtschaftsingenieurwesen (B.Sc.),TH Mittelhessen,1112,Technische Mechanik 1 (TM1),11,anhand erlernter Methoden schnell und einfach die Ergebnisse anderer überprüfen bzw. kontrollieren.
Wirtschaftsingenieurwesen (B.Sc.),TH Mittelhessen,1122,Technische Mechanik 2 (TM2),1,"Die Studierenden können die Zusammenhänge zwischen Kräften und Verformungen über Materialgesetze in elastischen Körpern verstehen,"
Wirtschaftsingenieurwesen (B.Sc.),TH Mittelhessen,1122,Technische Mechanik 2 (TM2),2,"mit den zugrundeliegenden Methoden und Gesetzen die Verformungen prognostizieren und auch komplexere, statisch unbestimmte Systeme analysieren und beurteilen,"
Wirtschaftsingenieurwesen (B.Sc.),TH Mittelhessen,1122,Technische Mechanik 2 (TM2),3,"mit Einführung des zentralen Begriffs der Spannung die Tragfähigkeit von Bauteilen bewerten,"
Wirtschaftsingenieurwesen (B.Sc.),TH Mittelhessen,1122,Technische Mechanik 2 (TM2),4,"ein Versagen von Bauteilen in Folge verschiedener Belastungen prognostizieren,"
Wirtschaftsingenieurwesen (B.Sc.),TH Mittelhessen,1122,Technische Mechanik 2 (TM2),5,"Bauteile so auslegen, dass ein Versagen vermieden wird."
Wirtschaftsingenieurwesen (B.Sc.),TH Mittelhessen,1122,Technische Mechanik 2 (TM2),6,"Die Studierenden können mittels verschiedener Methoden mögliche Versagensursachen von Bauteilen kritisch hinterfragen und deuten,"
Wirtschaftsingenieurwesen (B.Sc.),TH Mittelhessen,1122,Technische Mechanik 2 (TM2),7,"Berechnungen innerhalb bestimmter Beanspruchungsformen anstellen,"
Wirtschaftsingenieurwesen (B.Sc.),TH Mittelhessen,1122,Technische Mechanik 2 (TM2),8,Methoden zur Deutung und Berechnung von Stabilitätsproblemen anwenden.
Wirtschaftsingenieurwesen (B.Sc.),TH Mittelhessen,1122,Technische Mechanik 2 (TM2),9,"Die Studierenden können das Erlernte wiedergeben, so dass Sie im späteren Berufsleben die angewendeten Methoden auch erklären können,"
Wirtschaftsingenieurwesen (B.Sc.),TH Mittelhessen,1122,Technische Mechanik 2 (TM2),10,"anderen die Inhalte der Technischen Mechanik vermitteln, die Ergebnisse begründen und interpretieren."
Wirtschaftsingenieurwesen (B.Sc.),TH Mittelhessen,1122,Technische Mechanik 2 (TM2),11,"Die Studierenden können selbstständig die Problematik eines komplexen Systems erkennen, dieses auf das Wesentliche so reduzieren, um es zu berechnen,"
Wirtschaftsingenieurwesen (B.Sc.),TH Mittelhessen,1122,Technische Mechanik 2 (TM2),12,"das ermittelte Ergebnis mittels verschiedener erlernter Methoden selbst prüfen,"
Wirtschaftsingenieurwesen (B.Sc.),TH Mittelhessen,1122,Technische Mechanik 2 (TM2),13,Methoden und die Ergebnisse anderer erkennen und diese kritisch hinterfragen und ggf. alternative Lösungsansätze einsetzen.
Wirtschaftsingenieurwesen (B.Sc.),TH Mittelhessen,1121,Fertigungsverfahren,1,können die wesentlichen Fertigungsverfahren in den Bereichen Metall- und Kunststoffbearbeitung benennen.
Wirtschaftsingenieurwesen (B.Sc.),TH Mittelhessen,1121,Fertigungsverfahren,2,können die Fertigungsverfahren in deren Hauptgruppe einteilen.
Wirtschaftsingenieurwesen (B.Sc.),TH Mittelhessen,1121,Fertigungsverfahren,3,verstehen die Funktionsweise der verschiedenen Fertigungsverfahren.
Wirtschaftsingenieurwesen (B.Sc.),TH Mittelhessen,1121,Fertigungsverfahren,4,können den Ablauf industrierelevanter Fertigungsverfahren sowie deren Vor- und Nachteile erläutern.
Wirtschaftsingenieurwesen (B.Sc.),TH Mittelhessen,1121,Fertigungsverfahren,5,können für gegebene Werkstücke passende Fertigungsverfahren auswählen.
Wirtschaftsingenieurwesen (B.Sc.),TH Mittelhessen,1121,Fertigungsverfahren,6,können Fertigungsverfahren für ein Werkstück in eine sinnvolle Reihenfolge bringen.
Wirtschaftsingenieurwesen (B.Sc.),TH Mittelhessen,1121,Fertigungsverfahren,7,können alternative Fertigungsverfahren auswählen.
Wirtschaftsingenieurwesen (B.Sc.),TH Mittelhessen,1121,Fertigungsverfahren,8,können die Wirtschaftlichkeit von Fertigungsverfahren beurteilen.
Wirtschaftsingenieurwesen (B.Sc.),TH Mittelhessen,1121,Fertigungsverfahren,9,können die Wechselwirkungen und Zusammenhänge zwischen den Disziplinen Fertigungs- und Konstruktionstechnik erläutern.
Wirtschaftsingenieurwesen (B.Sc.),TH Mittelhessen,1121,Fertigungsverfahren,10,Die Studierenden können zielorientiert mit anderen zusammenarbeiten.
Wirtschaftsingenieurwesen (B.Sc.),TH Mittelhessen,1121,Fertigungsverfahren,11,"Die Studierenden können eigene Wissenslücken erkennen und schließen,"
Wirtschaftsingenieurwesen (B.Sc.),TH Mittelhessen,1121,Fertigungsverfahren,12,ihren Lernfortschritt reflektieren.
Wirtschaftsingenieurwesen (B.Sc.),TH Mittelhessen,1123,Konstruktionslehre,1,Die Studierenden sind in der Lage
Wirtschaftsingenieurwesen (B.Sc.),TH Mittelhessen,1123,Konstruktionslehre,2,"Normen auf technische Produkte anzuwenden,"
Wirtschaftsingenieurwesen (B.Sc.),TH Mittelhessen,1123,Konstruktionslehre,3,"Darstellungen in technischen Zeichnungen normgerecht zu erstellen,"
Wirtschaftsingenieurwesen (B.Sc.),TH Mittelhessen,1123,Konstruktionslehre,4,"Bauteile und Baugruppen zeichnerisch darstellen zu können,"
Wirtschaftsingenieurwesen (B.Sc.),TH Mittelhessen,1123,Konstruktionslehre,5,"technische Zeichnungen lesen, interpretieren und beurteilen zu können,"
Wirtschaftsingenieurwesen (B.Sc.),TH Mittelhessen,1123,Konstruktionslehre,6,"Skizzen, Volumenkörper und Zeichnungen für Einzelteile im CAD-System erstellen zu können."
Wirtschaftsingenieurwesen (B.Sc.),TH Mittelhessen,1123,Konstruktionslehre,7,"Bauteile und Baugruppen unter Berücksichtigung von Funktions-, Herstellungs-, Wirtschaftlichkeits- und Umweltanforderungen konzipieren, entwickeln und konstruieren,"
Wirtschaftsingenieurwesen (B.Sc.),TH Mittelhessen,1123,Konstruktionslehre,8,"Die Studierenden können eigenständig Skizzen und Handzeichnungen der Bauteile und Baugruppen unter Berücksichtigung der gängigen Normen und Richtlinien erstellen,"
Wirtschaftsingenieurwesen (B.Sc.),TH Mittelhessen,1123,Konstruktionslehre,9,einfache Zeichnungen in ein 3D System überführen und mittels des Systems alle notwendigen Zeichnungsangaben zur fertigungsgerechten Bemaßung vornehmen.
Wirtschaftsingenieurwesen (B.Sc.),TH Mittelhessen,1123,Konstruktionslehre,10,"Die Studierenden können in Teams Entwicklungs- und Konstruktionsaufgaben organisieren,"
Wirtschaftsingenieurwesen (B.Sc.),TH Mittelhessen,1123,Konstruktionslehre,11,"zielgerichtet Aufgabenstellungen lösen,"
Wirtschaftsingenieurwesen (B.Sc.),TH Mittelhessen,1123,Konstruktionslehre,12,"sich in Gruppen kooperativ verhalten, um die Gruppenentwicklung zu unterstützen und kollektive Strategien umzusetzen,"
Wirtschaftsingenieurwesen (B.Sc.),TH Mittelhessen,1123,Konstruktionslehre,13,"Problemlösungen erfassen, klar formulieren, zielgruppengerecht präsentieren und argumentativ verteidigen."
Wirtschaftsingenieurwesen (B.Sc.),TH Mittelhessen,1123,Konstruktionslehre,14,Die Studierenden können im Zuge der Übungen ihren Lernfortschritt reflektieren und Ihr Lernverhalten eigenständig anpassen.
Wirtschaftsingenieurwesen (B.Sc.),TH Mittelhessen,1131,Elektrotechnik,1,"Die Studierenden können das Verhalten grundlegender Bauteile und Verfahren der Elektrotechnik erklären,"
Wirtschaftsingenieurwesen (B.Sc.),TH Mittelhessen,1131,Elektrotechnik,2,"einfache elektrische Schaltkreise aufbauen,"
Wirtschaftsingenieurwesen (B.Sc.),TH Mittelhessen,1131,Elektrotechnik,3,"die Einsatzmöglichkeiten einer speicherprogrammierbaren Steuerung erkennen,"
Wirtschaftsingenieurwesen (B.Sc.),TH Mittelhessen,1131,Elektrotechnik,4,"Grundschaltungen skizzieren und mathematisch lösen,"
Wirtschaftsingenieurwesen (B.Sc.),TH Mittelhessen,1131,Elektrotechnik,5,"Die Studierenden können wesentliche elektrische Größen durch Messungen ermitteln,"
Wirtschaftsingenieurwesen (B.Sc.),TH Mittelhessen,1131,Elektrotechnik,6,"die gelernten Grundlagen zu neuen Schaltungen oder Programmierungen kombinieren,"
Wirtschaftsingenieurwesen (B.Sc.),TH Mittelhessen,1131,Elektrotechnik,7,einfache elektrische Schaltungen aufbauen und verdrahten.
Wirtschaftsingenieurwesen (B.Sc.),TH Mittelhessen,1131,Elektrotechnik,8,"vertiefen in Gruppenübungen das Arbeiten im Team mit den zugehörigen Kommunikationsprozessen,"
Wirtschaftsingenieurwesen (B.Sc.),TH Mittelhessen,1131,Elektrotechnik,9,können ihre Meinung deutlich vertreten.
Wirtschaftsingenieurwesen (B.Sc.),TH Mittelhessen,1131,Elektrotechnik,10,"erlangen die Fähigkeit, neue Ideen und Lösungen zu entwickeln,"
Wirtschaftsingenieurwesen (B.Sc.),TH Mittelhessen,1131,Elektrotechnik,11,arbeiten effizient auf ein Ziel hin.
Wirtschaftsingenieurwesen (B.Sc.),TH Mittelhessen,1132,Informatik,1,"Die Studierenden können das Grundverständnis für Datenverarbeitung erklären,"
Wirtschaftsingenieurwesen (B.Sc.),TH Mittelhessen,1132,Informatik,2,"die Möglichkeiten und Grenzen der Informationsverarbeitung bewerten,"
Wirtschaftsingenieurwesen (B.Sc.),TH Mittelhessen,1132,Informatik,3,"Einsatzmöglichkeiten, Chancen und Risiken moderner Informationstechnologien einschätzen und neue Trends erkennen."
Wirtschaftsingenieurwesen (B.Sc.),TH Mittelhessen,1132,Informatik,4,Die Studierenden können die Grundprinzipien für das Programmieren anwenden.
Wirtschaftsingenieurwesen (B.Sc.),TH Mittelhessen,1132,Informatik,5,"nehmen aktiv am Lernen teil,"
Wirtschaftsingenieurwesen (B.Sc.),TH Mittelhessen,1132,Informatik,6,stellen ihre Standpunkte und Interessen sachlich dar.
Wirtschaftsingenieurwesen (B.Sc.),TH Mittelhessen,1132,Informatik,7,"Die Studierenden können eigene Wissenslücken erkennen und schließen,"
Wirtschaftsingenieurwesen (B.Sc.),TH Mittelhessen,1132,Informatik,8,ihren Lernfortschritt reflektieren.
Wirtschaftsingenieurwesen (B.Sc.),TH Mittelhessen,1141,Maschinenelemente,1,"Die Studierenden können die Funktion von Maschinenelementen beschreiben,"
Wirtschaftsingenieurwesen (B.Sc.),TH Mittelhessen,1141,Maschinenelemente,2,"die Funktion der Maschinenelemente in verschiedenen technischen Systemen differenzieren,"
Wirtschaftsingenieurwesen (B.Sc.),TH Mittelhessen,1141,Maschinenelemente,3,"den Festigkeitsnachweis von Maschinenelementen praktisch durchführen,"
Wirtschaftsingenieurwesen (B.Sc.),TH Mittelhessen,1141,Maschinenelemente,4,"die Ansätze einer systematischen Produktentwicklung im Team erkennen und praktizieren,"
Wirtschaftsingenieurwesen (B.Sc.),TH Mittelhessen,1141,Maschinenelemente,5,Bauteile und Baugruppen unter einem ganzheitlichen Aspekt entwickeln und verifizieren.
Wirtschaftsingenieurwesen (B.Sc.),TH Mittelhessen,1141,Maschinenelemente,6,"Techniken zur Entwicklung und Konstruktion von Bauteilen und Baugruppen anwenden,"
Wirtschaftsingenieurwesen (B.Sc.),TH Mittelhessen,1141,Maschinenelemente,7,"Die Studierenden können verschiedene Maschinenelemente eigenständig dimensionieren und auslegen,"
Wirtschaftsingenieurwesen (B.Sc.),TH Mittelhessen,1141,Maschinenelemente,8,"für unterschiedliche Maschinenelemente einen Festigkeitsnachweis führen, diesen bewerten und Maßnahme zur Optimierung ergreifen,"
Wirtschaftsingenieurwesen (B.Sc.),TH Mittelhessen,1141,Maschinenelemente,9,vorhandene Maschinenelemente im Hinblick auf die Wirtschaftlichkeit optimieren.
Wirtschaftsingenieurwesen (B.Sc.),TH Mittelhessen,1141,Maschinenelemente,10,"Entwicklungs- und Konstruktionsaufgaben im Team organisieren,"
Wirtschaftsingenieurwesen (B.Sc.),TH Mittelhessen,1141,Maschinenelemente,11,"Die Studierenden können zielgerichtet technische Aufgabenstellungen lösen,"
Wirtschaftsingenieurwesen (B.Sc.),TH Mittelhessen,1141,Maschinenelemente,12,"sich in Gruppen kooperativ verhalten, um die Gruppenentwicklung zu unterstützen und kollektive Strategien umzusetzen,"
Wirtschaftsingenieurwesen (B.Sc.),TH Mittelhessen,1141,Maschinenelemente,13,"Problemlösungen erfassen, klar formulieren, zielgruppengerecht präsentieren und argumentativ verteidigen."
Wirtschaftsingenieurwesen (B.Sc.),TH Mittelhessen,1141,Maschinenelemente,14,Die Studierenden können im Zuge der Übungen ihren Lernfortschritt reflektieren und Ihr Lernverhalten eigenständig anpassen.
Wirtschaftsingenieurwesen (B.Sc.),TH Mittelhessen,1142,Technische Thermodynamik,1,"verstehen die fachübliche Sprache der Thermodynamik und wenden sie an,"
Wirtschaftsingenieurwesen (B.Sc.),TH Mittelhessen,1142,Technische Thermodynamik,2,"können Sinnbilder für Anlagen-Komponenten identifizieren sowie Anlagenschaltpläne lesen und darstellen,"
Wirtschaftsingenieurwesen (B.Sc.),TH Mittelhessen,1142,Technische Thermodynamik,3,können die Grundprinzipien von thermodynamischen Kreisprozessen erläutern.
Wirtschaftsingenieurwesen (B.Sc.),TH Mittelhessen,1142,Technische Thermodynamik,4,"führen durch systematisches Vorgehen komplexe Zustands- und Prozess-Berechnungen durch,"
Wirtschaftsingenieurwesen (B.Sc.),TH Mittelhessen,1142,Technische Thermodynamik,5,"erstellen Energiebilanzen für geschlossene und offene Systeme,"
Wirtschaftsingenieurwesen (B.Sc.),TH Mittelhessen,1142,Technische Thermodynamik,6,"unterscheiden mithilfe der Zustandsgröße Entropie zwischen möglichen und unmöglichen Prozessen,"
Wirtschaftsingenieurwesen (B.Sc.),TH Mittelhessen,1142,Technische Thermodynamik,7,"analysieren Vorgänge in realen technischen Apparaten und Anlagen,"
Wirtschaftsingenieurwesen (B.Sc.),TH Mittelhessen,1142,Technische Thermodynamik,8,simulieren technische Vorgänge durch Anwendung der Beziehungen und Methoden der Thermodynamik.
Wirtschaftsingenieurwesen (B.Sc.),TH Mittelhessen,1142,Technische Thermodynamik,9,"Die Studierenden können in Gruppen kooperativ und effektiv Lösungen für Problemstellungen entwickeln,"
Wirtschaftsingenieurwesen (B.Sc.),TH Mittelhessen,1142,Technische Thermodynamik,10,ihren Standpunkt in Diskussionen argumentativ sachlich vertreten.
Wirtschaftsingenieurwesen (B.Sc.),TH Mittelhessen,1142,Technische Thermodynamik,11,"Die Studierenden können eigene Wissenslücken erkennen und schließen,"
Wirtschaftsingenieurwesen (B.Sc.),TH Mittelhessen,1142,Technische Thermodynamik,12,"ihren Lernfortschritt reflektieren,"
Wirtschaftsingenieurwesen (B.Sc.),TH Mittelhessen,1142,Technische Thermodynamik,13,ihren Lernprozess den individuellen Ressourcen entsprechend sinnvoll planen und strukturieren.
Wirtschaftsingenieurwesen (B.Sc.),TH Mittelhessen,1211,Einführung in die Elektrotechnik 1,1,ermitteln in Schaltungen mit Kondensatoren und Spulen die Zusammenhänge zwischen Strom und Spannung bzw. deren zeitlicher Änderungen und analysieren das transiente Verhalten der Schaltung
Wirtschaftsingenieurwesen (B.Sc.),TH Mittelhessen,1211,Einführung in die Elektrotechnik 1,2,unterscheiden die Grundbegriffe der Wechselstromtechnik und können charakteristische Größen aus gegebenen Signalverläufen ermitteln
Wirtschaftsingenieurwesen (B.Sc.),TH Mittelhessen,1211,Einführung in die Elektrotechnik 1,3,"wenden die grundlegenden Gleichungen der Elektrotechnik an, um elektrische Größen in linearen Gleichstromnetzen analytisch zu berechnen"
Wirtschaftsingenieurwesen (B.Sc.),TH Mittelhessen,1211,Einführung in die Elektrotechnik 1,4,berechnen Kapazitäten und Induktivitäten von Anordnungen bzw. legen diese anhand der geforderten Parameter aus
Wirtschaftsingenieurwesen (B.Sc.),TH Mittelhessen,1211,Einführung in die Elektrotechnik 1,5,wenden die komplexe Wechselstromrechnung einschließlich zugehöriger Zeigerdiagramme zur Analyse von Wechselstromnetzen im eingeschwungenen Zustand an
Wirtschaftsingenieurwesen (B.Sc.),TH Mittelhessen,1211,Einführung in die Elektrotechnik 1,6,"analysieren die Funktionsweise grundlegender Wechselstromschaltungen und legen diese zur Erzielung vorgegebener Eigenschaften (z.B. Effektivwerte oder Phasenwinkel von Strom und Spannung, Wirk- / Schein- / Blindleistungsbedarf) aus"
Wirtschaftsingenieurwesen (B.Sc.),TH Mittelhessen,1211,Einführung in die Elektrotechnik 1,7,sind sich der technischen Bedeutung der sinusförmigen Wechselgrößen bewusst
Wirtschaftsingenieurwesen (B.Sc.),TH Mittelhessen,1211,Einführung in die Elektrotechnik 1,8,unterscheiden die verschiedenen physikalischen Größen der Elektrotechnik und deren Einheiten
Wirtschaftsingenieurwesen (B.Sc.),TH Mittelhessen,1211,Einführung in die Elektrotechnik 1,9,lösen Gleichungen mit einer Variablen sowie lineare Gleichungssysteme und lineare Differenzialgleichungen erster Ordnung
Wirtschaftsingenieurwesen (B.Sc.),TH Mittelhessen,1211,Einführung in die Elektrotechnik 1,10,verwenden komplexe Zahlen zur Darstellung und Berechnung sinusförmiger Größen
Wirtschaftsingenieurwesen (B.Sc.),TH Mittelhessen,1211,Einführung in die Elektrotechnik 1,11,gebrauchen eine Software für numerische Mathematik zum Lösen von Gleichungssystemen und Darstellen von Funktionsverläufen
Wirtschaftsingenieurwesen (B.Sc.),TH Mittelhessen,1211,Einführung in die Elektrotechnik 1,12,erarbeiten und diskutieren Lösungen zu Aufgabenstellungen in Kleingruppen
Wirtschaftsingenieurwesen (B.Sc.),TH Mittelhessen,1211,Einführung in die Elektrotechnik 1,13,fassen wesentliche Ergebnisse zusammen und erläutern diese in einem Kurzvortrag
Wirtschaftsingenieurwesen (B.Sc.),TH Mittelhessen,1211,Einführung in die Elektrotechnik 1,14,"Die Studierenden können eigene Wissenslücken erkennen und schließen,"
Wirtschaftsingenieurwesen (B.Sc.),TH Mittelhessen,1211,Einführung in die Elektrotechnik 1,15,ihren Lernfortschritt reflektieren.
Wirtschaftsingenieurwesen (B.Sc.),TH Mittelhessen,1212,Informatik 1,1,"kennen den Aufbau und die Formulierung von funktionalen Programmeinheiten,,"
Wirtschaftsingenieurwesen (B.Sc.),TH Mittelhessen,1212,Informatik 1,2,"kennen die strukturierte Interaktion zwischen Programmeinheiten,"
Wirtschaftsingenieurwesen (B.Sc.),TH Mittelhessen,1212,Informatik 1,3,"können Zahlenformate darstellen,"
Wirtschaftsingenieurwesen (B.Sc.),TH Mittelhessen,1212,Informatik 1,4,"sind in der Lage, funktionale Programmeinheiten basierend auf zu implementierenden Aufgabenstellungen zu erstellen, beherrschen den Umgang mit einer integrierten Entwicklungsumgebung."
Wirtschaftsingenieurwesen (B.Sc.),TH Mittelhessen,1212,Informatik 1,5,"Algorithmen in Form von Struktogrammen formulieren und Struktogramme „lesen“,"
Wirtschaftsingenieurwesen (B.Sc.),TH Mittelhessen,1212,Informatik 1,6,"Die Studierenden können wichtige Programmierwerkzeuge wie Debugger, Compiler und Linker bedienen,"
Wirtschaftsingenieurwesen (B.Sc.),TH Mittelhessen,1212,Informatik 1,7,"computerrelevante Zahlensysteme darstellen und handhaben,"
Wirtschaftsingenieurwesen (B.Sc.),TH Mittelhessen,1212,Informatik 1,8,einfache Aufgaben in der Programmiersprache „C“ programmieren.
Wirtschaftsingenieurwesen (B.Sc.),TH Mittelhessen,1212,Informatik 1,9,Programmieraufgaben in Gruppenarbeit lösen.
Wirtschaftsingenieurwesen (B.Sc.),TH Mittelhessen,1212,Informatik 1,10,"Die Studierenden können ihre persönliche Programmierkompetenz einschätzen und eigene Lernstrategien anwenden, um ihre Lösungskompetenz für Programmieraufgaben zu verbessern."
Wirtschaftsingenieurwesen (B.Sc.),TH Mittelhessen,1221,Einführung in die Elektrotechnik 2,1,"Die Studierenden können die Funktion und Anwendung grundlegender aktiver, digital gesteuerter Bauteile der Elektrotechnik beschreiben,"
Wirtschaftsingenieurwesen (B.Sc.),TH Mittelhessen,1221,Einführung in die Elektrotechnik 2,2,"den Begriff von Leistung in der Gleichstrom- und Wechselstromtechnik verstehen,"
Wirtschaftsingenieurwesen (B.Sc.),TH Mittelhessen,1221,Einführung in die Elektrotechnik 2,3,"typischen, digitalen Problemstellungen Komponenten zuordnen,"
Wirtschaftsingenieurwesen (B.Sc.),TH Mittelhessen,1221,Einführung in die Elektrotechnik 2,4,einfache Logikverknüpfungen entwerfen.
Wirtschaftsingenieurwesen (B.Sc.),TH Mittelhessen,1221,Einführung in die Elektrotechnik 2,5,"Leistung, Wirkungsgrad und Leistungsfaktor bei Schaltungen bestimmen,"
Wirtschaftsingenieurwesen (B.Sc.),TH Mittelhessen,1221,Einführung in die Elektrotechnik 2,6,Die Studierenden können einfache digitale Schaltungen mit aktiven Komponenten der Elektrotechnik berechnen und analysieren.
Wirtschaftsingenieurwesen (B.Sc.),TH Mittelhessen,1221,Einführung in die Elektrotechnik 2,7,"Die Studierenden können in kleinen Gruppe effektiv zusammenarbeiten,"
Wirtschaftsingenieurwesen (B.Sc.),TH Mittelhessen,1221,Einführung in die Elektrotechnik 2,8,Konflikte in einer Arbeitsgruppe selbständig erkennen und lösen.
Wirtschaftsingenieurwesen (B.Sc.),TH Mittelhessen,1221,Einführung in die Elektrotechnik 2,9,"Die Studierenden können ihren Lernfortschritt reflektieren und geeignete Maßnahmen ergreifen, um das Lernziel zu erreichen."
Wirtschaftsingenieurwesen (B.Sc.),TH Mittelhessen,1222,Informatik 2,1,"kennen die Bedeutung von struct, typedef, union und enum,"
Wirtschaftsingenieurwesen (B.Sc.),TH Mittelhessen,1222,Informatik 2,2,"kennen dynamische Speicherverwaltung mit malloc, calloc, ralloc, free, einfach und zweifach verkettete Listen,"
Wirtschaftsingenieurwesen (B.Sc.),TH Mittelhessen,1222,Informatik 2,3,"können strukturierte Datentypen deklarieren und Datentypen für verkettete Listen definieren,"
Wirtschaftsingenieurwesen (B.Sc.),TH Mittelhessen,1222,Informatik 2,4,"erlangen Fertigkeiten zum Öffnen und Schließen von Dateien sowie zum Schreiben in und Lesen aus Dateien,"
Wirtschaftsingenieurwesen (B.Sc.),TH Mittelhessen,1222,Informatik 2,5,kennen den Aufbau von CSV-Dateien.
Wirtschaftsingenieurwesen (B.Sc.),TH Mittelhessen,1222,Informatik 2,6,"verwenden verkettete Listen zur Speicherung von Daten, typedef und enum,"
Wirtschaftsingenieurwesen (B.Sc.),TH Mittelhessen,1222,Informatik 2,7,"können komplexere Programme in ANSI-C erstellen und übersetzen, können geeignete Datenstrukturen für eine Aufgabenstellung auswählen und in ein ANSI-C-Programm implementieren."
Wirtschaftsingenieurwesen (B.Sc.),TH Mittelhessen,1222,Informatik 2,8,Die Studierenden können komplexere Programme in Aufgabenpakete zerlegen und als Gruppenarbeit erstellen.
Wirtschaftsingenieurwesen (B.Sc.),TH Mittelhessen,1222,Informatik 2,9,"Die Studierenden können ihre persönliche Programmierkompetenz einschätzen und eigene Lernstrategien anwenden, um ihre Lösungskompetenz für Programmieraufgaben zu verbessern."
Wirtschaftsingenieurwesen (B.Sc.),TH Mittelhessen,1223,Elektrotechnik Labor,1,"lernen an ausgewählten Beispielen alle relevanten Bereiche der Elektrotechnik in der Praxis kennen,"
Wirtschaftsingenieurwesen (B.Sc.),TH Mittelhessen,1223,Elektrotechnik Labor,2,können reale Schaltungen und Systeme aufbauen.
Wirtschaftsingenieurwesen (B.Sc.),TH Mittelhessen,1223,Elektrotechnik Labor,3,"können die zugehörigen Mess- und Analysemethoden anwenden,"
Wirtschaftsingenieurwesen (B.Sc.),TH Mittelhessen,1223,Elektrotechnik Labor,4,können reale Schaltungen und Systeme analysieren
Wirtschaftsingenieurwesen (B.Sc.),TH Mittelhessen,1223,Elektrotechnik Labor,5,"können in Gruppen kooperativ und effektiv Lösungen für die gestellten Aufgaben entwickeln,"
Wirtschaftsingenieurwesen (B.Sc.),TH Mittelhessen,1223,Elektrotechnik Labor,6,"nehmen aktiv am Lernen teil,"
Wirtschaftsingenieurwesen (B.Sc.),TH Mittelhessen,1223,Elektrotechnik Labor,7,stellen ihre Standpunkte und Interessen sachlich dar.
Wirtschaftsingenieurwesen (B.Sc.),TH Mittelhessen,1223,Elektrotechnik Labor,8,"Die Studierenden können eigenständig und verantwortlich handeln,"
Wirtschaftsingenieurwesen (B.Sc.),TH Mittelhessen,1223,Elektrotechnik Labor,9,"ihr eigenes Handeln und das der anderen Gruppenteilnehmer reflektieren,"
Wirtschaftsingenieurwesen (B.Sc.),TH Mittelhessen,1223,Elektrotechnik Labor,10,die eigene Handlungsfähigkeit weiterentwickeln.
Wirtschaftsingenieurwesen (B.Sc.),TH Mittelhessen,1231,Regelungstechnik für WI,1,"Steuerung und Regelung unterscheiden und die jeweiligen Vor- und Nachteile benennen,"
Wirtschaftsingenieurwesen (B.Sc.),TH Mittelhessen,1231,Regelungstechnik für WI,2,"Die Studierenden können mathematische Werkzeuge zur Systembeschreibung gezielt einsetzen,"
Wirtschaftsingenieurwesen (B.Sc.),TH Mittelhessen,1231,Regelungstechnik für WI,3,"das Verhalten dynamischer Systeme in Zeit- und Frequenzbereich darstellen und interpretieren,"
Wirtschaftsingenieurwesen (B.Sc.),TH Mittelhessen,1231,Regelungstechnik für WI,4,"Regelkreise aus linear-zeitinvarianten Teilsystemen im Zeit- und Frequenzbereich analysieren,"
Wirtschaftsingenieurwesen (B.Sc.),TH Mittelhessen,1231,Regelungstechnik für WI,5,"Systemstabilität analysieren,"
Wirtschaftsingenieurwesen (B.Sc.),TH Mittelhessen,1231,Regelungstechnik für WI,6,PID- und einfache Zustandsregler auslegen und optimieren.
Wirtschaftsingenieurwesen (B.Sc.),TH Mittelhessen,1231,Regelungstechnik für WI,7,"Die Studierenden können interdisziplinäre Ansätze zur Modellbildung technischer Systeme verstehen und anwenden,"
Wirtschaftsingenieurwesen (B.Sc.),TH Mittelhessen,1231,Regelungstechnik für WI,8,"die Struktur eines Regelkreises analysieren und deuten,"
Wirtschaftsingenieurwesen (B.Sc.),TH Mittelhessen,1231,Regelungstechnik für WI,9,"verschiedene Systemdarstellungen interpretieren und ineinander umwandeln,"
Wirtschaftsingenieurwesen (B.Sc.),TH Mittelhessen,1231,Regelungstechnik für WI,10,"wichtige Regelungsansä¤tze hinsichtlich ihrer Eignung für ein gegebenes Problem beurteilen, das Verhalten des Gesamtregelsystems im Hinblick auf vorgegebene Ziele optimieren."
Wirtschaftsingenieurwesen (B.Sc.),TH Mittelhessen,1231,Regelungstechnik für WI,11,"Die Studierenden können in kleinen Gruppen interdisziplinär orientiertenfachspezifische Fragen gemeinsam bearbeiten und ihre Reglerentwürfe testen und bewerten,"
Wirtschaftsingenieurwesen (B.Sc.),TH Mittelhessen,1231,Regelungstechnik für WI,12,"ihren Standpunkt in Diskussionen argumentativ sachlich vertreten,"
Wirtschaftsingenieurwesen (B.Sc.),TH Mittelhessen,1231,Regelungstechnik für WI,13,das eigene Kooperationsverhalten in Gruppen reflektieren und erweitern.
Wirtschaftsingenieurwesen (B.Sc.),TH Mittelhessen,1231,Regelungstechnik für WI,14,"Die Studierenden können eine regelungstechnische Problemstellung erkennen,"
Wirtschaftsingenieurwesen (B.Sc.),TH Mittelhessen,1231,Regelungstechnik für WI,15,"die regelungstechnischen Teilaufgaben in einem Entwicklungsprozess identifizieren,"
Wirtschaftsingenieurwesen (B.Sc.),TH Mittelhessen,1231,Regelungstechnik für WI,16,"einzeln und in Kleingruppen praktische regelungstechnische Problemstellungen selbstständig bearbeiten,"
Wirtschaftsingenieurwesen (B.Sc.),TH Mittelhessen,1231,Regelungstechnik für WI,17,"ihre persönlichen Ressourcen reflektieren und Ziele für die eigene Entwicklung definieren,"
Wirtschaftsingenieurwesen (B.Sc.),TH Mittelhessen,1231,Regelungstechnik für WI,18,"ihren Lernprozess den individuellen Ressourcen entsprechend sinnvoll planen und strukturieren,"
Wirtschaftsingenieurwesen (B.Sc.),TH Mittelhessen,1231,Regelungstechnik für WI,19,ihren Lernfortschritt reflektieren und ihr Lernverhalten ggf. (methodisch/zeitlich) anpassen.
Wirtschaftsingenieurwesen (B.Sc.),TH Mittelhessen,1283,Elektronische Energieumformung,1,"unterscheiden die grundlegenden Eigenschaften leistungselektronischer Bauelemente hinsichtlich Ansteuerung und Verlustmechanismen sowie Einsatzbereichen und –grenzen,"
Wirtschaftsingenieurwesen (B.Sc.),TH Mittelhessen,1283,Elektronische Energieumformung,2,"legen Bauteilparameter nach vorgegebenen Kriterien aus, erklären die Notwendigkeit des Schaltbetriebs in der Leistungselektronik, wählen für einen Einsatzzweck die geeignete Schaltung, modifizieren die behandelten Schaltungen zur Anpassung auf den Anwendungsfall, kombinieren mehrere Schaltungsteile zur Umsetzung der Anwendungsaufgabe, analysieren das Verhalten der behandelten Schaltungen insbesondere in Bezug auf Einsatzzweck Stromwelligkeit, Oberschwingungen und Verluste."
Wirtschaftsingenieurwesen (B.Sc.),TH Mittelhessen,1283,Elektronische Energieumformung,3,"ermitteln Zeitverläufe von Strömen und Spannungen in leistungselektronischen Schaltungen und stellen diese fachgerecht dar,"
Wirtschaftsingenieurwesen (B.Sc.),TH Mittelhessen,1283,Elektronische Energieumformung,4,gebrauchen eine Simulationssoftware für numerische Mathematik sowie zur Schaltungssimulation.
Wirtschaftsingenieurwesen (B.Sc.),TH Mittelhessen,1283,Elektronische Energieumformung,5,"erarbeiten und diskutieren in zufällig zusammengesetzten Kleingruppen Lösungen zu vorgegebenen Aufgabenstellungen,"
Wirtschaftsingenieurwesen (B.Sc.),TH Mittelhessen,1283,Elektronische Energieumformung,6,"fassen wesentliche Ergebnisse gemeinsam zusammen und erläutern bzw. vertreten diese in Kurzvorträgen,"
Wirtschaftsingenieurwesen (B.Sc.),TH Mittelhessen,1283,Elektronische Energieumformung,7,geben Mitstudierenden Rückmeldung und Verbesserungsvorschläge zu eingereichten Übungsaufgaben.
Wirtschaftsingenieurwesen (B.Sc.),TH Mittelhessen,1283,Elektronische Energieumformung,8,"planen und überprüfen selbstständig die Vorbereitung auf die Veranstaltungseinheiten anhand der bereitgestellten Materialien und erscheinen vorbereitet zum Präsenzunterricht,"
Wirtschaftsingenieurwesen (B.Sc.),TH Mittelhessen,1283,Elektronische Energieumformung,9,reflektieren aufgrund von Kurztests und Rückmeldung von Mitstudierenden und Lehrenden kontinuierlich ihren persönlichen Lernfortschritt und passen ihr Lernverhalten ggf. an.
Wirtschaftsingenieurwesen (B.Sc.),TH Mittelhessen,1241,Projekt Elektrotechnik Project Electrical Engineering,1,"Die Problemstellungen können als Gruppenarbeit mit maximal zwei Studierenden bearbeitet werden Erstellung strukturierter, verständlicher und nachvollziehbarer Dokumentation des Lösungsweges und der Ergebnisse in englischer Sprache Analyse und Bewertung von wissenschaftlichen Veröffentlichungen"
Wirtschaftsingenieurwesen (B.Sc.),TH Mittelhessen,1241,Projekt Elektrotechnik Project Electrical Engineering,2,"Die Studierenden können technische Problemstellungen aufnehmen und analysieren,"
Wirtschaftsingenieurwesen (B.Sc.),TH Mittelhessen,1241,Projekt Elektrotechnik Project Electrical Engineering,3,"erworbene fachliche Kompetenzen zielgerichtet einsetzen,"
Wirtschaftsingenieurwesen (B.Sc.),TH Mittelhessen,1241,Projekt Elektrotechnik Project Electrical Engineering,4,"sich notwendige, aber fehlende Kompetenzen selbständig aneignen."
Wirtschaftsingenieurwesen (B.Sc.),TH Mittelhessen,1241,Projekt Elektrotechnik Project Electrical Engineering,5,"Die Studierenden können für gegebene Problemstellungen Lösungsoptionen entwickeln,"
Wirtschaftsingenieurwesen (B.Sc.),TH Mittelhessen,1241,Projekt Elektrotechnik Project Electrical Engineering,6,"aus mehreren Lösungsoptionen die geeignetste auswählen,"
Wirtschaftsingenieurwesen (B.Sc.),TH Mittelhessen,1241,Projekt Elektrotechnik Project Electrical Engineering,7,"die Umsetzung einer Lösung planen und realisieren,"
Wirtschaftsingenieurwesen (B.Sc.),TH Mittelhessen,1241,Projekt Elektrotechnik Project Electrical Engineering,8,"den Fortschritt der Arbeit überwachen und reflektieren,"
Wirtschaftsingenieurwesen (B.Sc.),TH Mittelhessen,1241,Projekt Elektrotechnik Project Electrical Engineering,9,über ihre Arbeit mündlich und schriftlich berichten.
Wirtschaftsingenieurwesen (B.Sc.),TH Mittelhessen,1241,Projekt Elektrotechnik Project Electrical Engineering,10,"Die Studierenden können effizient und effektiv mit Kommilitonen und Kommilitoninnen zusammenarbeiten,"
Wirtschaftsingenieurwesen (B.Sc.),TH Mittelhessen,1241,Projekt Elektrotechnik Project Electrical Engineering,11,effizient und effektiv mit einem fachlichen Betreuer zusammenarbeiten.
Wirtschaftsingenieurwesen (B.Sc.),TH Mittelhessen,1241,Projekt Elektrotechnik Project Electrical Engineering,12,Die Studierenden können sich und ihre Arbeit organisieren und adäquat über ihre Fortschritte oder Schwierigkeiten kommunizieren.
Wirtschaftsingenieurwesen (B.Sc.),TH Mittelhessen,1242,Energiewirtschaft,1,"Die Studierenden können die wirtschaftlichen und rechtlichen Zusammenhänge in der Stromversorgungsbranche benennen,"
Wirtschaftsingenieurwesen (B.Sc.),TH Mittelhessen,1242,Energiewirtschaft,2,"die Kostenstrukturen und die rechtlichen Rahmenbedingungen beschreiben,"
Wirtschaftsingenieurwesen (B.Sc.),TH Mittelhessen,1242,Energiewirtschaft,3,"die Funktionsweise der Strombeschaffung und der Strombörse darstellen,"
Wirtschaftsingenieurwesen (B.Sc.),TH Mittelhessen,1242,Energiewirtschaft,4,"Gesetzestexte verstehen und anwenden,"
Wirtschaftsingenieurwesen (B.Sc.),TH Mittelhessen,1242,Energiewirtschaft,5,die Bedeutung von Strom im Energiemix bewerten.
Wirtschaftsingenieurwesen (B.Sc.),TH Mittelhessen,1242,Energiewirtschaft,6,"Die Studierenden können die Kosten für die Erzeugung (Umwandlung) und Durchleitung der Energie ermitteln,"
Wirtschaftsingenieurwesen (B.Sc.),TH Mittelhessen,1242,Energiewirtschaft,7,"Stromlieferverträge analysieren, erstellen und beurteilen,"
Wirtschaftsingenieurwesen (B.Sc.),TH Mittelhessen,1242,Energiewirtschaft,8,Versorgungsvarianten wirtschaftliche bewerten.
Wirtschaftsingenieurwesen (B.Sc.),TH Mittelhessen,1242,Energiewirtschaft,10,"Die Studierenden sind in der Lage,"
Wirtschaftsingenieurwesen (B.Sc.),TH Mittelhessen,1242,Energiewirtschaft,11,"die wirtschaftlichen, gesellschaftspolitischen und sozialen Zusammenhänge der Stromwirtschaft zu verstehen,"
Wirtschaftsingenieurwesen (B.Sc.),TH Mittelhessen,1242,Energiewirtschaft,12,die gesellschaftliche Verantwortung des Strommarktes zu beurteilen.
Wirtschaftsingenieurwesen (B.Sc.),TH Mittelhessen,1242,Energiewirtschaft,13,"Die Studierenden können eigene Wissenslücken erkennen und schließen,"
Wirtschaftsingenieurwesen (B.Sc.),TH Mittelhessen,1242,Energiewirtschaft,14,"ihren Lernfortschritt reflektieren,"
Wirtschaftsingenieurwesen (B.Sc.),TH Mittelhessen,1242,Energiewirtschaft,15,"Themen eigenständig in Form einer Hausarbeit darstellen,"
Wirtschaftsingenieurwesen (B.Sc.),TH Mittelhessen,1242,Energiewirtschaft,16,einen eigenständig erarbeiteten Vortrag präsentieren.
Wirtschaftsingenieurwesen (B.Sc.),TH Mittelhessen,1311,Life Cycle Management 1,1,"Die Studierenden können zentrale Herausforderungen und Zusammenhänge zwischen globalen ökonomischen, ökologischen und sozialen Entwicklungen erkennen,"
Wirtschaftsingenieurwesen (B.Sc.),TH Mittelhessen,1311,Life Cycle Management 1,2,"die Bedeutung und den Begriff der Nachhaltigkeit verstehen und Konsequenzen für das Unternehmen und seine Produkte / Dienstleistungen ableiten,"
Wirtschaftsingenieurwesen (B.Sc.),TH Mittelhessen,1311,Life Cycle Management 1,3,"bestehende Lebenszyklen von technischen Produkten aufzeigen,"
Wirtschaftsingenieurwesen (B.Sc.),TH Mittelhessen,1311,Life Cycle Management 1,4,"Grundlagen zu unterschiedlichen natürlichen Ressourcen und Umweltwirkungen benennen, beschreiben und durch Beispiele erläutern,"
Wirtschaftsingenieurwesen (B.Sc.),TH Mittelhessen,1311,Life Cycle Management 1,5,"mit Hilfe von ausgewählten Methoden ökologische, ökonomische und soziale Auswirkungen analysieren."
Wirtschaftsingenieurwesen (B.Sc.),TH Mittelhessen,1311,Life Cycle Management 1,6,"Die Studierenden können ausgewählte Methoden und Konzepte und Instrumente im Kontext Nachhaltigkeit auf unterschiedlichen Ebenen (Mikro, Meso, Makro und International, National, Regional, Lokal) beschreiben und einordnen,"
Wirtschaftsingenieurwesen (B.Sc.),TH Mittelhessen,1311,Life Cycle Management 1,7,"ausgewählte Methoden, Konzepte und Instrumente des LCM erkennen und unterscheiden,"
Wirtschaftsingenieurwesen (B.Sc.),TH Mittelhessen,1311,Life Cycle Management 1,8,Methoden und Instrumente zur Messung und Bewertung der Nutzung natürlicher Ressourcen und von Umweltwirkungen beschreiben und durch Beispiele erläutern
Wirtschaftsingenieurwesen (B.Sc.),TH Mittelhessen,1311,Life Cycle Management 1,9,"können die Modulinhalte in angemessener Fachsprache kommunizieren,"
Wirtschaftsingenieurwesen (B.Sc.),TH Mittelhessen,1311,Life Cycle Management 1,10,"können in kleinen Gruppen Sachverhalte diskutieren und Aufgaben bearbeiten,"
Wirtschaftsingenieurwesen (B.Sc.),TH Mittelhessen,1311,Life Cycle Management 1,11,"können auf Fragen und in Diskussionen sachlich antworten und argumentieren,"
Wirtschaftsingenieurwesen (B.Sc.),TH Mittelhessen,1311,Life Cycle Management 1,12,diskutieren offen und kritisch umwelt- und nachhaltigkeitsrelevante Fragestellung.
Wirtschaftsingenieurwesen (B.Sc.),TH Mittelhessen,1311,Life Cycle Management 1,13,"Die Studierenden können selbstständig eigene und fremd gesetzte Lern- und Arbeitsziele verfolgen,"
Wirtschaftsingenieurwesen (B.Sc.),TH Mittelhessen,1311,Life Cycle Management 1,14,können ihren Lernprozess eigenständig planen und umsetzen.
Wirtschaftsingenieurwesen (B.Sc.),TH Mittelhessen,1311,Life Cycle Management 1,15,"Die Vor- und Nachbereitung des Vorlesungsstoffes sowie das Bearbeiten von Übungen sind dabei Teile des Selbststudiums der eigenständig gestaltet werden kann,"
Wirtschaftsingenieurwesen (B.Sc.),TH Mittelhessen,1311,Life Cycle Management 1,16,können Ergebnisse begründen und über Grundlagen des Life Cycle Managements umfassend kommunizieren.
Wirtschaftsingenieurwesen (B.Sc.),TH Mittelhessen,1112,Technische Mechanik 1 (TM1),1,"Die Studierenden können ruhende Tragwerke in der Natur und in der Technik identifizieren und untersuchen,"
Wirtschaftsingenieurwesen (B.Sc.),TH Mittelhessen,1112,Technische Mechanik 1 (TM1),2,"mechanische Modelle aus der Realität extrahieren, klassifizieren und statisch bestimmte Systeme mithilfe der erlernten Methoden analysieren,"
Wirtschaftsingenieurwesen (B.Sc.),TH Mittelhessen,1112,Technische Mechanik 1 (TM1),3,"die Wirkungen von Lasten auf starre Körper und deren Wirkungen auf das betrachtete Bauteil aufgrund einwirkender Kräfte erkennen und berechnen,"
Wirtschaftsingenieurwesen (B.Sc.),TH Mittelhessen,1112,Technische Mechanik 1 (TM1),4,die Wirkungen von Lasten auf Körper und deren Wirkungen im betrachteten Bauteil aufgrund einwirkender Kräfte erkennen und berechnen.
Wirtschaftsingenieurwesen (B.Sc.),TH Mittelhessen,1112,Technische Mechanik 1 (TM1),6,"Die Studierenden können auf verschiedene Arten und Weisen komplexe Zustände, z.B. Maschinen und Anlagenteile, Fahrzeugkomponenten usw. in einfachere Teilsysteme zerlegen,"
Wirtschaftsingenieurwesen (B.Sc.),TH Mittelhessen,1112,Technische Mechanik 1 (TM1),7,auf verschiedene Arten und Weisen z.B. zeichnerisch oder mit verschiedenen Methoden analytisch statische Probleme lösen.
Wirtschaftsingenieurwesen (B.Sc.),TH Mittelhessen,1112,Technische Mechanik 1 (TM1),8,"Die Studierenden können das Erlernte wiedergeben, so dass im späteren Berufsleben die angewendeten Methoden auch erklären werden können,"
Wirtschaftsingenieurwesen (B.Sc.),TH Mittelhessen,1112,Technische Mechanik 1 (TM1),9,"ihr Wissen anderen vermitteln, indem die Inhalte der Technischen Mechanik dargestellt, die Ergebnisse begründet und interpretiert werden"
Wirtschaftsingenieurwesen (B.Sc.),TH Mittelhessen,1112,Technische Mechanik 1 (TM1),10,"Die Studierenden können selbstständig die Problematik eines komplexen Systems erkennen, dieses auf das Wesentliche so reduzieren, dass es berechnet werden kann,"
Wirtschaftsingenieurwesen (B.Sc.),TH Mittelhessen,1112,Technische Mechanik 1 (TM1),11,"das ermittelte Ergebnis mittels verschiedener erlernter Methoden selbst prüfen,"
Wirtschaftsingenieurwesen (B.Sc.),TH Mittelhessen,1112,Technische Mechanik 1 (TM1),12,anhand erlernter Methoden schnell und einfach die Ergebnisse anderer überprüfen bzw. kontrollieren.
Wirtschaftsingenieurwesen (B.Sc.),TH Mittelhessen,1111,Materialwissenschaften,1,"Die Studierenden können den atomaren Aufbau und die Eigenschaften von metallischen Werkstoffen beschreiben,"
Wirtschaftsingenieurwesen (B.Sc.),TH Mittelhessen,1111,Materialwissenschaften,2,"die Grundbegriffe der Legierungskunde benennen,"
Wirtschaftsingenieurwesen (B.Sc.),TH Mittelhessen,1111,Materialwissenschaften,3,"die wesentlichen Merkmale der Wärmebehandlung darstellen,"
Wirtschaftsingenieurwesen (B.Sc.),TH Mittelhessen,1111,Materialwissenschaften,4,"die Grundlagen von Nichteisenmetallen, Kunststoffen, Keramiken und Verbundwerkstoffen wiedergeben,"
Wirtschaftsingenieurwesen (B.Sc.),TH Mittelhessen,1111,Materialwissenschaften,5,"die Grundlagen von biotischen/biobasierten Werkstoffen wiedergeben,"
Wirtschaftsingenieurwesen (B.Sc.),TH Mittelhessen,1111,Materialwissenschaften,6,"Werkstoffe anhand der mechanischen Eigenschaften unterscheiden,"
Wirtschaftsingenieurwesen (B.Sc.),TH Mittelhessen,1111,Materialwissenschaften,7,"Umwelteigenschaften von Werkstoffen unterscheiden,"
Wirtschaftsingenieurwesen (B.Sc.),TH Mittelhessen,1111,Materialwissenschaften,8,alternative umweltschonende Werkstoffe auswählen.
Wirtschaftsingenieurwesen (B.Sc.),TH Mittelhessen,1111,Materialwissenschaften,10,"Die Studierenden können anwendungsbezogen Werkstoffe auswählen,"
Wirtschaftsingenieurwesen (B.Sc.),TH Mittelhessen,1111,Materialwissenschaften,11,Verfahren der Werkstoffprüfung erläutern
Wirtschaftsingenieurwesen (B.Sc.),TH Mittelhessen,1111,Materialwissenschaften,12,Die Studierenden können zielorientiert mit anderen zusammenarbeiten.
Wirtschaftsingenieurwesen (B.Sc.),TH Mittelhessen,1111,Materialwissenschaften,13,"Die Studierenden können eigene Wissenslücken erkennen und schließen,"
Wirtschaftsingenieurwesen (B.Sc.),TH Mittelhessen,1111,Materialwissenschaften,14,ihren Lernfortschritt reflektieren.
Wirtschaftsingenieurwesen (B.Sc.),TH Mittelhessen,1122,Technische Mechanik 2 (TM2),1,"Die Studierenden können die Zusammenhänge zwischen Kräften und Verformungen über Materialgesetze in elastischen Körpern verstehen,"
Wirtschaftsingenieurwesen (B.Sc.),TH Mittelhessen,1122,Technische Mechanik 2 (TM2),2,"mit den zugrundeliegenden Methoden und Gesetzen die Verformungen prognostizieren und auch komplexere, statisch unbestimmte Systeme analysieren und beurteilen,"
Wirtschaftsingenieurwesen (B.Sc.),TH Mittelhessen,1122,Technische Mechanik 2 (TM2),3,"mit Einführung des zentralen Begriffs der Spannung die Tragfähigkeit von Bauteilen bewerten,"
Wirtschaftsingenieurwesen (B.Sc.),TH Mittelhessen,1122,Technische Mechanik 2 (TM2),4,"ein Versagen von Bauteilen in Folge verschiedener Belastungen prognostizieren,"
Wirtschaftsingenieurwesen (B.Sc.),TH Mittelhessen,1122,Technische Mechanik 2 (TM2),5,"Bauteile so auslegen, dass ein Versagen vermieden wird."
Wirtschaftsingenieurwesen (B.Sc.),TH Mittelhessen,1122,Technische Mechanik 2 (TM2),7,"Die Studierenden können mittels verschiedener Methoden mögliche Versagensursachen von Bauteilen kritisch hinterfragen und deuten,"
Wirtschaftsingenieurwesen (B.Sc.),TH Mittelhessen,1122,Technische Mechanik 2 (TM2),8,"Berechnungen innerhalb bestimmter Beanspruchungsformen anstellen,"
Wirtschaftsingenieurwesen (B.Sc.),TH Mittelhessen,1122,Technische Mechanik 2 (TM2),9,Methoden zur Deutung und Berechnung von Stabilitätsproblemen anwenden.
Wirtschaftsingenieurwesen (B.Sc.),TH Mittelhessen,1122,Technische Mechanik 2 (TM2),10,"Die Studierenden können das Erlernte wiedergeben, so dass Sie im späteren Berufsleben die angewendeten Methoden auch erklären können,"
Wirtschaftsingenieurwesen (B.Sc.),TH Mittelhessen,1122,Technische Mechanik 2 (TM2),11,"anderen die Inhalte der Technischen Mechanik vermitteln, die Ergebnisse begründen und interpretieren."
Wirtschaftsingenieurwesen (B.Sc.),TH Mittelhessen,1122,Technische Mechanik 2 (TM2),12,"Die Studierenden können selbstständig die Problematik eines komplexen Systems erkennen, dieses auf das Wesentliche so reduzieren, um es zu berechnen,"
Wirtschaftsingenieurwesen (B.Sc.),TH Mittelhessen,1122,Technische Mechanik 2 (TM2),13,"das ermittelte Ergebnis mittels verschiedener erlernter Methoden selbst prüfen,"
Wirtschaftsingenieurwesen (B.Sc.),TH Mittelhessen,1122,Technische Mechanik 2 (TM2),14,Methoden und die Ergebnisse anderer erkennen und diese kritisch hinterfragen und ggf. alternative Lösungsansätze einsetzen.
Wirtschaftsingenieurwesen (B.Sc.),TH Mittelhessen,1123,Konstruktionslehre,1,Die Studierenden sind in der Lage
Wirtschaftsingenieurwesen (B.Sc.),TH Mittelhessen,1123,Konstruktionslehre,2,"Normen auf technische Produkte anzuwenden,"
Wirtschaftsingenieurwesen (B.Sc.),TH Mittelhessen,1123,Konstruktionslehre,3,"Darstellungen in technischen Zeichnungen normgerecht zu erstellen,"
Wirtschaftsingenieurwesen (B.Sc.),TH Mittelhessen,1123,Konstruktionslehre,4,"Bauteile und Baugruppen zeichnerisch darstellen zu können,"
Wirtschaftsingenieurwesen (B.Sc.),TH Mittelhessen,1123,Konstruktionslehre,5,"technische Zeichnungen lesen, interpretieren und beurteilen zu können,"
Wirtschaftsingenieurwesen (B.Sc.),TH Mittelhessen,1123,Konstruktionslehre,6,"Skizzen, Volumenkörper und Zeichnungen für Einzelteile im CAD-System erstellen zu können."
Wirtschaftsingenieurwesen (B.Sc.),TH Mittelhessen,1123,Konstruktionslehre,7,"Bauteile und Baugruppen unter Berücksichtigung von Funktions-, Herstellungs-, Wirtschaftlichkeits- und Umweltanforderungen konzipieren, entwickeln und konstruieren,"
Wirtschaftsingenieurwesen (B.Sc.),TH Mittelhessen,1123,Konstruktionslehre,8,"Die Studierenden können eigenständig Skizzen und Handzeichnungen der Bauteile und Baugruppen unter Berücksichtigung der gängigen Normen und Richtlinien erstellen,"
Wirtschaftsingenieurwesen (B.Sc.),TH Mittelhessen,1123,Konstruktionslehre,9,einfache Zeichnungen in ein 3D System überführen und mittels des Systems alle notwendigen Zeichnungsangaben zur fertigungsgerechten Bemaßung vornehmen.
Wirtschaftsingenieurwesen (B.Sc.),TH Mittelhessen,1123,Konstruktionslehre,10,"Die Studierenden können in Teams Entwicklungs- und Konstruktionsaufgaben organisieren,"
Wirtschaftsingenieurwesen (B.Sc.),TH Mittelhessen,1123,Konstruktionslehre,11,"zielgerichtet Aufgabenstellungen lösen,"
Wirtschaftsingenieurwesen (B.Sc.),TH Mittelhessen,1123,Konstruktionslehre,12,"sich in Gruppen kooperativ verhalten, um die Gruppenentwicklung zu unterstützen und kollektive Strategien umzusetzen,"
Wirtschaftsingenieurwesen (B.Sc.),TH Mittelhessen,1123,Konstruktionslehre,13,"Problemlösungen erfassen, klar formulieren, zielgruppengerecht präsentieren und argumentativ verteidigen."
Wirtschaftsingenieurwesen (B.Sc.),TH Mittelhessen,1123,Konstruktionslehre,14,Die Studierenden können im Zuge der Übungen ihren Lernfortschritt reflektieren und Ihr Lernverhalten eigenständig anpassen.
Wirtschaftsingenieurwesen (B.Sc.),TH Mittelhessen,1331,Life Cycle Management 2,1,"Die Studierenden können unterschiedliche Konzepte des Life Cycle Managements aufzeigen,"
Wirtschaftsingenieurwesen (B.Sc.),TH Mittelhessen,1331,Life Cycle Management 2,2,"Ziele und daraus resultierende Aufgaben für ein ganzheitliches Life Cycle Management herausarbeiten,"
Wirtschaftsingenieurwesen (B.Sc.),TH Mittelhessen,1331,Life Cycle Management 2,3,"Managementsysteme und komplexe Systeme verstehen und erklären, ausgewählte Fragestellungen des Life Cycle Managements bearbeiten und weitergeben, ausgewählte Methoden, Konzepte und Instrumente des LCM beschreiben, charakterisieren und anhand ausgewählter Beispiele anwenden, ausgewählte Methoden, Konzepte und Instrumente des LCM unterscheiden und in Beziehung setzen, ausgewählte Methoden, Konzepte und Instrumente des LCM in den Bezugsrahmen für ein ganzheitliches Life Cycle Management einordnen."
Wirtschaftsingenieurwesen (B.Sc.),TH Mittelhessen,1331,Life Cycle Management 2,4,"Die Studierenden können ausgewählte betriebliche und produktbezogene Methoden, Konzepte und Instrumente des LCM vertiefend charakterisieren und auswählen,"
Wirtschaftsingenieurwesen (B.Sc.),TH Mittelhessen,1331,Life Cycle Management 2,5,"ausgewählte betriebliche und produktbezogene Methoden, Konzepte und Instrumente des LCM anwenden und kritisch reflektieren,"
Wirtschaftsingenieurwesen (B.Sc.),TH Mittelhessen,1331,Life Cycle Management 2,6,ausgewählte Methoden und Konzepte und Instrumente des LCM ordnen und aufeinander beziehen.
Wirtschaftsingenieurwesen (B.Sc.),TH Mittelhessen,1331,Life Cycle Management 2,7,"Die ausgewählten oben benannten Methoden, Konzepte und Instrumente des LCM umfassen u.a. PIUS, Ressourceneffizienzanalyse, Umweltmanagementsysteme (EMAS, ISO 14001) Carbon-, Material-, Water-, Ecological Footprint, ökologische und soziale Label und Standards, Kreislaufwirtschaft, Eco-Design Richtlinie, Design und Produktentwicklung (Recyclinggerechtes Konstruieren, Umweltgerechtes und Nachhaltiges Design), Hot Spot Analyse, Ökobilanzierung."
Wirtschaftsingenieurwesen (B.Sc.),TH Mittelhessen,1331,Life Cycle Management 2,8,"Die Studierenden können die Modulinhalte in angemessener Fachsprache kommunizieren,"
Wirtschaftsingenieurwesen (B.Sc.),TH Mittelhessen,1331,Life Cycle Management 2,9,"in kleinen Gruppen Sachverhalte diskutieren und Aufgaben bearbeiten,"
Wirtschaftsingenieurwesen (B.Sc.),TH Mittelhessen,1331,Life Cycle Management 2,10,"auf Fragen und in Diskussionen sachlich antworten und argumentieren,"
Wirtschaftsingenieurwesen (B.Sc.),TH Mittelhessen,1331,Life Cycle Management 2,11,"gegenseitig wertschätzendes Feedback geben und dabei ihre Kritikfähigkeit erproben,"
Wirtschaftsingenieurwesen (B.Sc.),TH Mittelhessen,1331,Life Cycle Management 2,12,offen und kritisch umwelt- und nachhaltigkeitsrelevante Fragestellungen diskutieren.
Wirtschaftsingenieurwesen (B.Sc.),TH Mittelhessen,1331,Life Cycle Management 2,13,"Die Studierenden können selbstständig eigene und fremd gesetzte Lern- und Arbeitsziele verfolgen,"
Wirtschaftsingenieurwesen (B.Sc.),TH Mittelhessen,1331,Life Cycle Management 2,14,ihren Lernprozess eigenständig planen und umsetzen.
Wirtschaftsingenieurwesen (B.Sc.),TH Mittelhessen,1331,Life Cycle Management 2,15,"Die Vor- und Nachbereitung des Vorlesungsstoffes sowie das Bearbeiten von Übungen sind dabei Teile des Selbststudiums der eigenständig gestaltet werden kann,"
Wirtschaftsingenieurwesen (B.Sc.),TH Mittelhessen,1331,Life Cycle Management 2,16,"wissenschaftliche Sachverhalte anhand von Fachliteratur für ausgewählte Instrumente des LCM erarbeiten und Adressatengerecht präsentieren,"
Wirtschaftsingenieurwesen (B.Sc.),TH Mittelhessen,1331,Life Cycle Management 2,17,"Ergebnisse begründen und über ausgewählte betriebliche und produktbezogene Methoden, Konzepte und Instrumente des Life Cycle Managements umfassend kommunizieren."
Wirtschaftsingenieurwesen (B.Sc.),TH Mittelhessen,1121,Fertigungsverfahren,1,können die wesentlichen Fertigungsverfahren in den Bereichen Metall- und Kunststoffbearbeitung benennen.
Wirtschaftsingenieurwesen (B.Sc.),TH Mittelhessen,1121,Fertigungsverfahren,2,können die Fertigungsverfahren in deren Hauptgruppe einteilen.
Wirtschaftsingenieurwesen (B.Sc.),TH Mittelhessen,1121,Fertigungsverfahren,3,verstehen die Funktionsweise der verschiedenen Fertigungsverfahren.
Wirtschaftsingenieurwesen (B.Sc.),TH Mittelhessen,1121,Fertigungsverfahren,4,können den Ablauf industrierelevanter Fertigungsverfahren sowie deren Vor- und Nachteile erläutern.
Wirtschaftsingenieurwesen (B.Sc.),TH Mittelhessen,1121,Fertigungsverfahren,5,können für gegebene Werkstücke passende Fertigungsverfahren auswählen.
Wirtschaftsingenieurwesen (B.Sc.),TH Mittelhessen,1121,Fertigungsverfahren,6,können Fertigungsverfahren für ein Werkstück in eine sinnvolle Reihenfolge bringen.
Wirtschaftsingenieurwesen (B.Sc.),TH Mittelhessen,1121,Fertigungsverfahren,7,können alternative Fertigungsverfahren auswählen.
Wirtschaftsingenieurwesen (B.Sc.),TH Mittelhessen,1121,Fertigungsverfahren,8,können die Wirtschaftlichkeit von Fertigungsverfahren beurteilen.
Wirtschaftsingenieurwesen (B.Sc.),TH Mittelhessen,1121,Fertigungsverfahren,9,können die Wechselwirkungen und Zusammenhänge zwischen den Disziplinen Fertigungs- und Konstruktionstechnik erläutern.
Wirtschaftsingenieurwesen (B.Sc.),TH Mittelhessen,1121,Fertigungsverfahren,10,Die Studierenden können zielorientiert mit anderen zusammenarbeiten.
Wirtschaftsingenieurwesen (B.Sc.),TH Mittelhessen,1121,Fertigungsverfahren,11,"Die Studierenden können eigene Wissenslücken erkennen und schließen,"
Wirtschaftsingenieurwesen (B.Sc.),TH Mittelhessen,1121,Fertigungsverfahren,12,ihren Lernfortschritt reflektieren.
Wirtschaftsingenieurwesen (B.Sc.),TH Mittelhessen,1341,Industrial Ecology,1,"Die Studierenden können den Leitgedanken der Industrial Ecology wiedergeben,"
Wirtschaftsingenieurwesen (B.Sc.),TH Mittelhessen,1341,Industrial Ecology,2,"die gesellschaftliche Bedeutung des Umweltschutzes einordnen,"
Wirtschaftsingenieurwesen (B.Sc.),TH Mittelhessen,1341,Industrial Ecology,3,"die wichtigsten Umweltwirkungskategorie beschreiben und einordnen,"
Wirtschaftsingenieurwesen (B.Sc.),TH Mittelhessen,1341,Industrial Ecology,4,"wesentliche Methoden und Konzepte der Industrial Ecology beschreiben, charakterisieren und anhand ausgewählter Beispiele anwenden,"
Wirtschaftsingenieurwesen (B.Sc.),TH Mittelhessen,1341,Industrial Ecology,5,"die Stoffströme in betrieblichen Prozessen und Produktionssystemen sowie in überbetrieblichen Produktionssystemen und von Produkten untersuchen und darstellen,"
Wirtschaftsingenieurwesen (B.Sc.),TH Mittelhessen,1341,Industrial Ecology,6,"die Ressourceneffizienz von Prozessen, Unternehmen, Produkten und Dienstleistungen analysieren, messen, modellieren, bewerten und Verbesserungspotenziale ableiten."
Wirtschaftsingenieurwesen (B.Sc.),TH Mittelhessen,1341,Industrial Ecology,7,"Methoden und Konzepte der Industrial Ecology praxisorientiert anwenden,"
Wirtschaftsingenieurwesen (B.Sc.),TH Mittelhessen,1341,Industrial Ecology,8,"Die Studierenden können die Stromstoffanalyse als wichtigstes Werkzeug der Industrial Ecology einsetzen,"
Wirtschaftsingenieurwesen (B.Sc.),TH Mittelhessen,1341,Industrial Ecology,9,"Methoden zur Datenerhebung, -recherche,- validierung im Rahmen von Stoffstromanalysen anwenden"
Wirtschaftsingenieurwesen (B.Sc.),TH Mittelhessen,1341,Industrial Ecology,10,"Software und Datenbanken zur Analyse, Bewertung und Visualisierung im Kontext der Industrial Ecology (z.B. Visio, Eco-Cockpit, e!Sankey, Umberto, Ecoinvent, Gabi) einsetzen und auf Praxisbeispiele anwenden,"
Wirtschaftsingenieurwesen (B.Sc.),TH Mittelhessen,1341,Industrial Ecology,11,"Methoden des Life Cycle Assessment (u.a. Ökobilanzierung nach ISO 14044, Carbon Footprint) anwenden und Ergebnisse kritisch reflektieren."
Wirtschaftsingenieurwesen (B.Sc.),TH Mittelhessen,1341,Industrial Ecology,12,"Die Studierenden können die Modulinhalte in angemessener Fachsprache (auch in Englisch) kommunizieren,"
Wirtschaftsingenieurwesen (B.Sc.),TH Mittelhessen,1341,Industrial Ecology,13,"in kleinen Gruppen Sachverhalte diskutieren und Aufgaben bearbeiten,"
Wirtschaftsingenieurwesen (B.Sc.),TH Mittelhessen,1341,Industrial Ecology,14,"auf Fragen und in Diskussionen sachlich antworten und argumentieren,"
Wirtschaftsingenieurwesen (B.Sc.),TH Mittelhessen,1341,Industrial Ecology,15,"bei Übungen und Gruppenarbeiten gegenseitig wertschätzendes Feedback geben und dabei ihre Kritikfähigkeit erproben,"
Wirtschaftsingenieurwesen (B.Sc.),TH Mittelhessen,1341,Industrial Ecology,16,offen und kritisch umwelt- und nachhaltigkeitsrelevante Fragestellungen diskutieren.
Wirtschaftsingenieurwesen (B.Sc.),TH Mittelhessen,1341,Industrial Ecology,17,"Die Studierenden können selbstständig eigene und fremd gesetzte Lern- und Arbeitsziele verfolgen,"
Wirtschaftsingenieurwesen (B.Sc.),TH Mittelhessen,1341,Industrial Ecology,18,ihren Lernprozess eigenständig planen und umsetzen.
Wirtschaftsingenieurwesen (B.Sc.),TH Mittelhessen,1341,Industrial Ecology,19,"Die Vor- und Nachbereitung des Vorlesungsstoffes sowie das Bearbeiten von Übungen und/ oder Testaten sind dabei Teile des Selbststudiums der eigenständig gestaltet werden kann,"
Wirtschaftsingenieurwesen (B.Sc.),TH Mittelhessen,1341,Industrial Ecology,20,"selbständig wissenschaftliche Sachverhalte und Zusammenhänge anhand von Fachliteratur für ausgewählte Fragestellungen der Industrial Ecology recherchieren, aufbereiten und Adressatengerecht präsentieren,"
Wirtschaftsingenieurwesen (B.Sc.),TH Mittelhessen,1341,Industrial Ecology,21,Ergebnisse begründen und über angewandte Industrial Ecology umfassend kommunizieren.
Wirtschaftsingenieurwesen (B.Sc.),TH Mittelhessen,1141,Maschinenelemente,1,"Die Studierenden können die Funktion von Maschinenelementen beschreiben,"
Wirtschaftsingenieurwesen (B.Sc.),TH Mittelhessen,1141,Maschinenelemente,2,"die Funktion der Maschinenelemente in verschiedenen technischen Systemen differenzieren,"
Wirtschaftsingenieurwesen (B.Sc.),TH Mittelhessen,1141,Maschinenelemente,3,"den Festigkeitsnachweis von Maschinenelementen praktisch durchführen,"
Wirtschaftsingenieurwesen (B.Sc.),TH Mittelhessen,1141,Maschinenelemente,4,"die Ansätze einer systematischen Produktentwicklung im Team erkennen und praktizieren, Bauteile und Baugruppen unter einem ganzheitlichen Aspekt entwickeln und verifizieren."
Wirtschaftsingenieurwesen (B.Sc.),TH Mittelhessen,1141,Maschinenelemente,5,"Techniken zur Entwicklung und Konstruktion von Bauteilen und Baugruppen anwenden,"
Wirtschaftsingenieurwesen (B.Sc.),TH Mittelhessen,1141,Maschinenelemente,6,"Die Studierenden können verschiedene Maschinenelemente eigenständig dimensionieren und auslegen,"
Wirtschaftsingenieurwesen (B.Sc.),TH Mittelhessen,1141,Maschinenelemente,7,"für unterschiedliche Maschinenelemente einen Festigkeitsnachweis führen, diesen bewerten und Maßnahme zur Optimierung ergreifen,"
Wirtschaftsingenieurwesen (B.Sc.),TH Mittelhessen,1141,Maschinenelemente,8,vorhandene Maschinenelemente im Hinblick auf die Wirtschaftlichkeit optimieren.
Wirtschaftsingenieurwesen (B.Sc.),TH Mittelhessen,1141,Maschinenelemente,9,"Entwicklungs- und Konstruktionsaufgaben im Team organisieren,"
Wirtschaftsingenieurwesen (B.Sc.),TH Mittelhessen,1141,Maschinenelemente,10,"Die Studierenden können zielgerichtet technische Aufgabenstellungen lösen,"
Wirtschaftsingenieurwesen (B.Sc.),TH Mittelhessen,1141,Maschinenelemente,11,"sich in Gruppen kooperativ verhalten, um die Gruppenentwicklung zu unterstützen und kollektive Strategien umzusetzen,"
Wirtschaftsingenieurwesen (B.Sc.),TH Mittelhessen,1141,Maschinenelemente,12,"Problemlösungen erfassen, klar formulieren, zielgruppengerecht präsentieren und argumentativ verteidigen."
Wirtschaftsingenieurwesen (B.Sc.),TH Mittelhessen,1141,Maschinenelemente,13,Die Studierenden können im Zuge der Übungen ihren Lernfortschritt reflektieren und Ihr Lernverhalten eigenständig anpassen.
Wirtschaftsingenieurwesen (B.Sc.),TH Mittelhessen,1142,Technische Thermodynamik,1,"verstehen die fachübliche Sprache der Thermodynamik und wenden sie an,"
Wirtschaftsingenieurwesen (B.Sc.),TH Mittelhessen,1142,Technische Thermodynamik,2,"können Sinnbilder für Anlagen-Komponenten identifizieren sowie Anlagenschaltpläne lesen und darstellen,"
Wirtschaftsingenieurwesen (B.Sc.),TH Mittelhessen,1142,Technische Thermodynamik,3,können die Grundprinzipien von thermodynamischen Kreisprozessen erläutern.
Wirtschaftsingenieurwesen (B.Sc.),TH Mittelhessen,1142,Technische Thermodynamik,4,"führen durch systematisches Vorgehen komplexe Zustands- und Prozess-Berechnungen durch,"
Wirtschaftsingenieurwesen (B.Sc.),TH Mittelhessen,1142,Technische Thermodynamik,5,"erstellen Energiebilanzen für geschlossene und offene Systeme,"
Wirtschaftsingenieurwesen (B.Sc.),TH Mittelhessen,1142,Technische Thermodynamik,6,"unterscheiden mithilfe der Zustandsgröße Entropie zwischen möglichen und unmöglichen Prozessen,"
Wirtschaftsingenieurwesen (B.Sc.),TH Mittelhessen,1142,Technische Thermodynamik,7,"analysieren Vorgänge in realen technischen Apparaten und Anlagen,"
Wirtschaftsingenieurwesen (B.Sc.),TH Mittelhessen,1142,Technische Thermodynamik,8,simulieren technische Vorgänge durch Anwendung der Beziehungen und Methoden der Thermodynamik.
Wirtschaftsingenieurwesen (B.Sc.),TH Mittelhessen,1142,Technische Thermodynamik,9,"Die Studierenden können in Gruppen kooperativ und effektiv Lösungen für Problemstellungen entwickeln,"
Wirtschaftsingenieurwesen (B.Sc.),TH Mittelhessen,1142,Technische Thermodynamik,10,ihren Standpunkt in Diskussionen argumentativ sachlich vertreten.
Wirtschaftsingenieurwesen (B.Sc.),TH Mittelhessen,1142,Technische Thermodynamik,11,"Die Studierenden können eigene Wissenslücken erkennen und schließen,"
Wirtschaftsingenieurwesen (B.Sc.),TH Mittelhessen,1142,Technische Thermodynamik,12,"ihren Lernfortschritt reflektieren,"
Wirtschaftsingenieurwesen (B.Sc.),TH Mittelhessen,1142,Technische Thermodynamik,13,ihren Lernprozess den individuellen Ressourcen entsprechend sinnvoll planen und strukturieren.
Wirtschaftsingenieurwesen (B.Sc.),TH Mittelhessen,1382,Corporate Social Responsibility,1,"Die Studierenden können die Grundlagen von Managementkonzepten- und modellen beschreiben und einordnen,"
Wirtschaftsingenieurwesen (B.Sc.),TH Mittelhessen,1382,Corporate Social Responsibility,2,"die Grundlagen, Grundbegriffe und übergeordnete Zusammenhänge von Corporate Social Responsibility (CSR), Nachhaltigkeitsmanagement und –berichterstattung wiedergeben,"
Wirtschaftsingenieurwesen (B.Sc.),TH Mittelhessen,1382,Corporate Social Responsibility,3,"die gesellschaftliche Bedeutung von CSR und Nachhaltigkeitsmanagement einordnen,"
Wirtschaftsingenieurwesen (B.Sc.),TH Mittelhessen,1382,Corporate Social Responsibility,4,"die Relevanz und wichtigsten Anwendungsfelder für Organisationen (inkl. Unternehmen) erkennen,"
Wirtschaftsingenieurwesen (B.Sc.),TH Mittelhessen,1382,Corporate Social Responsibility,5,"Methoden und Konzepte des Nachhaltigkeitsmanagements in Unternehmen einordnen und abgrenzen,"
Wirtschaftsingenieurwesen (B.Sc.),TH Mittelhessen,1382,Corporate Social Responsibility,6,"das Nachhaltigkeitsmanagement und –berichterstattung von Organisationen analysieren, bewerten und vergleichen."
Wirtschaftsingenieurwesen (B.Sc.),TH Mittelhessen,1382,Corporate Social Responsibility,7,"Methoden und Konzepte des Nachhaltigkeitsmanagements praxisorientiert anwenden,"
Wirtschaftsingenieurwesen (B.Sc.),TH Mittelhessen,1382,Corporate Social Responsibility,8,"Die Studierenden können wesentliche Standards zur Nachhaltigkeitsbewertung von Unternehmen (z.B. Deutscher Nachhaltigkeitskodex, Gemeinwohlbewertung, Global Reporting Initiative) beschreiben, einordnen und auf Praxisbeispiele anwenden,"
Wirtschaftsingenieurwesen (B.Sc.),TH Mittelhessen,1382,Corporate Social Responsibility,9,"Methoden zur Analyse und Bewertung von CSR- und Nachhaltigkeitsberichten darstellen, auf konkrete Praxisfälle anwenden und die Ergebnisse kritisch reflektieren."
Wirtschaftsingenieurwesen (B.Sc.),TH Mittelhessen,1382,Corporate Social Responsibility,10,"Die Studierenden können die Modulinhalte in angemessener Fachsprache (auch in Englisch) kommunizieren,"
Wirtschaftsingenieurwesen (B.Sc.),TH Mittelhessen,1382,Corporate Social Responsibility,11,"die Anwendung der vermittelten Methoden und Konzepte auf ausgewählte Fallbeispiele transferieren,"
Wirtschaftsingenieurwesen (B.Sc.),TH Mittelhessen,1382,Corporate Social Responsibility,12,"selbständig und im Team wissenschaftliche Sachverhalte recherchieren, aufbereiten und präsentieren, sowie ihre erworbenen Kenntnisse an Dritte weitergeben,"
Wirtschaftsingenieurwesen (B.Sc.),TH Mittelhessen,1382,Corporate Social Responsibility,13,ihre erworbenen Kenntnisse in CSR / Nachhaltigkeitsmanagement an Dritte weitergeben.
Wirtschaftsingenieurwesen (B.Sc.),TH Mittelhessen,1382,Corporate Social Responsibility,14,"CSR, Nachhaltigkeitsmanagement und ihre Umsetzung in Organisationen kritisch reflektieren,"
Wirtschaftsingenieurwesen (B.Sc.),TH Mittelhessen,1382,Corporate Social Responsibility,15,"Die Studierenden können selbständig und im Team wissenschaftliche Sachverhalte recherchieren, aufbereiten und präsentieren,"
Wirtschaftsingenieurwesen (B.Sc.),TH Mittelhessen,1382,Corporate Social Responsibility,16,"Ergebnisse begründen und über Sachverhalte der Modulinhalte umfassend kommunizieren,"
Wirtschaftsingenieurwesen (B.Sc.),TH Mittelhessen,1382,Corporate Social Responsibility,17,"ihre Arbeitsweise und Zeiteinteilung in einer konkreten Projektarbeit so koordinieren, dass sie diese Arbeit eigenverantwortlich und selbstständig zum erfolgreichen Abschluss bringen,"
Wirtschaftsingenieurwesen (B.Sc.),TH Mittelhessen,1382,Corporate Social Responsibility,18,ihre Arbeitsergebnisse und Vorgehensweise kritisch reflektieren.
Wirtschaftsingenieurwesen (B.Sc.),TH Mittelhessen,1081,Produktionsplanungs- und –steuerungssysteme (PPS) /,1,"Grundbegriffe der PPS und der zugehörigen ERP-Systeme wissen,"
Wirtschaftsingenieurwesen (B.Sc.),TH Mittelhessen,1081,Produktionsplanungs- und –steuerungssysteme (PPS) /,2,"PPS und andere Systeme voneinander abgrenzen und die Zusammenhänge in einem ERP verstehen,"
Wirtschaftsingenieurwesen (B.Sc.),TH Mittelhessen,1081,Produktionsplanungs- und –steuerungssysteme (PPS) /,3,"Organisationsstrukturen in der Produktion und die Arbeitsweise eines PPS verstehen,"
Wirtschaftsingenieurwesen (B.Sc.),TH Mittelhessen,1081,Produktionsplanungs- und –steuerungssysteme (PPS) /,4,"Kapazitäts- und Terminplanungen anwenden, das Vokabular, die grundlegenden Methoden und beispielhafte Werkzeuge (z.B. SAP) für die zielgerichtete Durchführung von PPS-orientierten Geschäftsvorfällen in Grundzügen anwenden Einsatzpotentiale und Anwendungsbereiche von PPS beurteilen."
Wirtschaftsingenieurwesen (B.Sc.),TH Mittelhessen,1081,Produktionsplanungs- und –steuerungssysteme (PPS) /,5,"Die Studierenden können lernen die methodische Bearbeitung einer neuen fachlichen Aufgabe des Berufsfeldes PPS,"
Wirtschaftsingenieurwesen (B.Sc.),TH Mittelhessen,1081,Produktionsplanungs- und –steuerungssysteme (PPS) /,6,können ausgewählte Techniken des PPS darstellen und in eigenen Aufgabenbereichen einsetzen.
Wirtschaftsingenieurwesen (B.Sc.),TH Mittelhessen,1081,Produktionsplanungs- und –steuerungssysteme (PPS) /,7,"vertiefen in Gruppenübungen das Arbeiten im Team mit den zugehörigen Kommunikationsprozessen und lernen, mit Kolleg(inn)en und Vorgesetzten im Rahmen der Aufgabenbearbeitung zu kommunizieren."
Wirtschaftsingenieurwesen (B.Sc.),TH Mittelhessen,1081,Produktionsplanungs- und –steuerungssysteme (PPS) /,8,Die Studierenden können ihren Lernfortschritt reflektieren und
Wirtschaftsingenieurwesen (B.Sc.),TH Mittelhessen,1081,Produktionsplanungs- und –steuerungssysteme (PPS) /,9,ihr Lernverhalten anpassen.
Wirtschaftsingenieurwesen (B.Sc.),TH Mittelhessen,1081,Fabikplanung,1,"Die Studierenden können den Fabrikplanungsprozess grundlegend beschreiben,"
Wirtschaftsingenieurwesen (B.Sc.),TH Mittelhessen,1081,Fabikplanung,2,"den Planungsprozess unter technischen, organisatorischen und wirtschaftlichen Gesichtspunkten erklären,"
Wirtschaftsingenieurwesen (B.Sc.),TH Mittelhessen,1081,Fabikplanung,3,"einzelne Planungsaufgaben umsetzen,"
Wirtschaftsingenieurwesen (B.Sc.),TH Mittelhessen,1081,Fabikplanung,4,"Aufgaben zu Problemstellungen der Fabrikplanung lösen und mit anderen Disziplinen verknüpfen,"
Wirtschaftsingenieurwesen (B.Sc.),TH Mittelhessen,1081,Fabikplanung,5,"die Grundlagen der Arbeitswissenschaft, bezogen auf die Arbeitsplätze in einer Fabrik wiedergeben, die Arbeitssicherheit von Arbeitsplätzen analysieren, Anhand von Fallbeispielen einen Arbeitsplatz unter ergonomischen Gesichtspunkten gestalten."
Wirtschaftsingenieurwesen (B.Sc.),TH Mittelhessen,1081,Fabikplanung,6,"Die Studierenden können den Fabrikplanungsprozess aufteilen und anwenden,"
Wirtschaftsingenieurwesen (B.Sc.),TH Mittelhessen,1081,Fabikplanung,7,"Arbeitsplätze auf Ergonomie untersuchen,"
Wirtschaftsingenieurwesen (B.Sc.),TH Mittelhessen,1081,Fabikplanung,8,die Verfahren der Zeiterfassung anwenden.
Wirtschaftsingenieurwesen (B.Sc.),TH Mittelhessen,1081,Fabikplanung,9,Die Studierenden können während Gruppenübungen mit anderen konstruktiv zusammenarbeiten.
Wirtschaftsingenieurwesen (B.Sc.),TH Mittelhessen,1081,Fabikplanung,10,Die Studierenden können ihre eigene und die Arbeitsumgebung anderer kritisch bewerten und gestalten.
Wirtschaftsingenieurwesen (B.Sc.),TH Mittelhessen,1084,Lean Management,1,"Die Studierenden können können die wesentlichen Instrumente und Begriffe des Lean Managements benennen und hinsichtlich ihrer Wirkungsweise/Aussage charakterisieren,"
Wirtschaftsingenieurwesen (B.Sc.),TH Mittelhessen,1084,Lean Management,2,"können erklären, was die Lean-Management-Unternehmenskultur charakterisiert."
Wirtschaftsingenieurwesen (B.Sc.),TH Mittelhessen,1084,Lean Management,3,Die Studierenden können ausgewählte Instrumente des Lean Managements anwenden.
Wirtschaftsingenieurwesen (B.Sc.),TH Mittelhessen,1084,Lean Management,4,Die Studierenden können zielorientiert in Gruppen Aufgabenstellungen bearbeiten und Ergebnisse gemeinsam präsentieren.
Wirtschaftsingenieurwesen (B.Sc.),TH Mittelhessen,1084,Lean Management,5,"Die Studierenden können ihre Entscheidungen fachkompetent gegenüber Dritten argumentativ vertreten und sich konstruktiv mit anderen Vorstellungen, Anregungen und Kritik auseinandersetzen."
Wirtschaftsingenieurwesen (B.Sc.),TH Mittelhessen,1084,Digitale Transformation,1,"können die wesentlichen Einflussfaktoren der Digitalisierung und ihre Auswirkungen auf die Gesellschaft/ Wirtschaft benennen,"
Wirtschaftsingenieurwesen (B.Sc.),TH Mittelhessen,1084,Digitale Transformation,2,"haben sich mit ausgewählten Aspekten des digitalen Wandels auseinandergesetzt und können diese interpretieren und erklären,"
Wirtschaftsingenieurwesen (B.Sc.),TH Mittelhessen,1084,Digitale Transformation,3,"können die aktuellen Konzepte, Rahmenbedingungen und Frameworks für digitale Transformationsinitiativen beschreiben,"
Wirtschaftsingenieurwesen (B.Sc.),TH Mittelhessen,1084,Digitale Transformation,4,"haben Managementfähigkeiten erworben, die zur Bewältigung von digitalen Transformationsinitiativen erforderlich sind,"
Wirtschaftsingenieurwesen (B.Sc.),TH Mittelhessen,1084,Digitale Transformation,5,"können Digitalisierungspotenziale analysieren,"
Wirtschaftsingenieurwesen (B.Sc.),TH Mittelhessen,1084,Digitale Transformation,6,eigene Ansätze zur Umsetzung im Unternehmen entwickeln und einschätzen.
Wirtschaftsingenieurwesen (B.Sc.),TH Mittelhessen,1084,Digitale Transformation,7,"lernen die methodische Bearbeitung einer neuen fachlichen Aufgabe ihres Berufsfeldes,"
Wirtschaftsingenieurwesen (B.Sc.),TH Mittelhessen,1084,Digitale Transformation,8,"können die Methodik der Geschäftsmodellentwicklung darstellen und in eigenen Projekten einsetzen,"
Wirtschaftsingenieurwesen (B.Sc.),TH Mittelhessen,1084,Digitale Transformation,9,"vertiefen in Gruppenübungen das Arbeiten im Team mit den zugehörigen Kommunikationsprozessen und lernen, mit Kolleg(inn)en und Vorgesetzten im Rahmen der Projektarbeit zu kommunizieren."
Wirtschaftsingenieurwesen (B.Sc.),TH Mittelhessen,1084,Digitale Transformation,10,"Die Studierenden können sich weiterführende Literatur selbständig erarbeiten,"
Wirtschaftsingenieurwesen (B.Sc.),TH Mittelhessen,1084,Digitale Transformation,11,ihren Lernfortschritt reflektieren und ihr Lernverhalten anpassen.
Wirtschaftsingenieurwesen (B.Sc.),TH Mittelhessen,1181,Handhabungs- und Montagetechnik inkl. Labor /,1,"Die Studierenden können die Fügeverfahren der Montagetechnik benennen,"
Wirtschaftsingenieurwesen (B.Sc.),TH Mittelhessen,1181,Handhabungs- und Montagetechnik inkl. Labor /,2,"die wesentlichen Elemente der Handhabungs- und Montagetechnik benennen,"
Wirtschaftsingenieurwesen (B.Sc.),TH Mittelhessen,1181,Handhabungs- und Montagetechnik inkl. Labor /,3,"die Prinzipien montagegerechter Werkstückgestaltung illustrieren, die Verkettung von Systemen arrangieren,"
Wirtschaftsingenieurwesen (B.Sc.),TH Mittelhessen,1181,Handhabungs- und Montagetechnik inkl. Labor /,4,"Die Studierenden können die wesentlichen Kennzahlen von Montageanlagen berechnen,"
Wirtschaftsingenieurwesen (B.Sc.),TH Mittelhessen,1181,Handhabungs- und Montagetechnik inkl. Labor /,5,"die Ergebnisse von Berechnungen methodisch bewerten,"
Wirtschaftsingenieurwesen (B.Sc.),TH Mittelhessen,1181,Handhabungs- und Montagetechnik inkl. Labor /,6,Montageanlagen planen.
Wirtschaftsingenieurwesen (B.Sc.),TH Mittelhessen,1181,Handhabungs- und Montagetechnik inkl. Labor /,7,Die Studierenden können während der Praktika die gegebenen Aufgaben aufteilen und mit anderen konstruktiv zusammenarbeiten.
Wirtschaftsingenieurwesen (B.Sc.),TH Mittelhessen,1181,Handhabungs- und Montagetechnik inkl. Labor /,8,"Laborpraktika an Montageanlagen bzw. Komponenten unter Anleitung durchführen,"
Wirtschaftsingenieurwesen (B.Sc.),TH Mittelhessen,1181,Handhabungs- und Montagetechnik inkl. Labor /,9,Die Studierenden können die Labore selbstständig vorbereiten.
Wirtschaftsingenieurwesen (B.Sc.),TH Mittelhessen,1181,Werkzeugmaschinen inkl. Labor,1,"können die verschiedenen Typen von Werkzeugmaschinen und deren Aufbau benennen,"
Wirtschaftsingenieurwesen (B.Sc.),TH Mittelhessen,1181,Werkzeugmaschinen inkl. Labor,2,"können die Funktion der Komponenten von Werkzeugmaschinen erklären (Gestelle, Führungen, Lager, Achsaufbauten, Haupt- und Nebenantriebe, Messsysteme, NC-Steuerung und Regelung),"
Wirtschaftsingenieurwesen (B.Sc.),TH Mittelhessen,1181,Werkzeugmaschinen inkl. Labor,3,"verstehen den Zusammenhang von Maschinengenauigkeit und physikalischen Parametern wie z.B. Reibung,"
Wirtschaftsingenieurwesen (B.Sc.),TH Mittelhessen,1181,Werkzeugmaschinen inkl. Labor,4,"verstehen einfache NC-Programme,"
Wirtschaftsingenieurwesen (B.Sc.),TH Mittelhessen,1181,Werkzeugmaschinen inkl. Labor,5,"können Komponenten aufgrund von Anforderungen (z.B. Genauigkeit, Preis, …) auswählen,"
Wirtschaftsingenieurwesen (B.Sc.),TH Mittelhessen,1181,Werkzeugmaschinen inkl. Labor,6,können Werkzeugmaschinen für gegebene Werkstücke aufgrund von technischen und ökonomischen Gesichtspunkten bewerten und auswählen.
Wirtschaftsingenieurwesen (B.Sc.),TH Mittelhessen,1181,Werkzeugmaschinen inkl. Labor,7,"unterscheiden die wesentlichen Verfahren zur Ermittlung der Herstell- und Arbeitsgenauigkeit,"
Wirtschaftsingenieurwesen (B.Sc.),TH Mittelhessen,1181,Werkzeugmaschinen inkl. Labor,8,"können einfache NC-Programme erstellen,"
Wirtschaftsingenieurwesen (B.Sc.),TH Mittelhessen,1181,Werkzeugmaschinen inkl. Labor,9,können Versuche an Werkzeugmaschinen planen und diese durchführen.
Wirtschaftsingenieurwesen (B.Sc.),TH Mittelhessen,1181,Werkzeugmaschinen inkl. Labor,10,Die Studierenden können während der Labore die gegebenen Aufgaben aufteilen und mit anderen löungsorientiert zusammenarbeiten.
Wirtschaftsingenieurwesen (B.Sc.),TH Mittelhessen,1181,Werkzeugmaschinen inkl. Labor,11,"Laborpraktika an Werkzeugmaschinen bzw. Komponenten unter Anleitung durchführen,"
Wirtschaftsingenieurwesen (B.Sc.),TH Mittelhessen,1181,Werkzeugmaschinen inkl. Labor,12,Die Studierenden können die Labore selbstständig vorbereiten.
Wirtschaftsingenieurwesen (B.Sc.),TH Mittelhessen,1098,Konstruktionsmethodik 4.0,1,"Die Studierenden können die unterschiedlichen Simulationstechniken im Produktlebenszyklus beschreiben und ihre Einsatzmöglichkeiten bewerten, die theoretischen Grundlagen der Virtuellen Realität, der digitalen Fabrikplanung und der allgemeinen Gebäudeplanung beschreiben,"
Wirtschaftsingenieurwesen (B.Sc.),TH Mittelhessen,1098,Konstruktionsmethodik 4.0,2,"Systeme effizient konzipieren, planen und prüfen, um Ihre Arbeitsabläufe zu straffen und die Anlagen optimal zu platzieren,"
Wirtschaftsingenieurwesen (B.Sc.),TH Mittelhessen,1098,Konstruktionsmethodik 4.0,3,"z.B. ein ganzheitliches Model von Gebäudemodellen in 3D erstellen, virtuelle Systeme erstellen und für die Bearbeitung in unterschiedlichen Ausgabemedien bereitstellen, mit Hilfe von virtuellen Modellen Produktverbesserungen erarbeiten sowie Kommunikationsunterlagen (Filme, Fotos) zum Informationsaustausch zu erstellen, die digitalen oder virtuellen Modelle aus Sicht eines „Ingenieurs“ interpretieren, um daraus eine Produktoptimierung abzuleiten, Bauteile mittels verschiedener Methoden digitalisieren."
Wirtschaftsingenieurwesen (B.Sc.),TH Mittelhessen,1098,Konstruktionsmethodik 4.0,4,"Die Studierenden können wissenschaftlich komplexe Systeme betrachten,"
Wirtschaftsingenieurwesen (B.Sc.),TH Mittelhessen,1098,Konstruktionsmethodik 4.0,5,"die richtigen Tools für verschiedene Anwendungsfälle wählen,"
Wirtschaftsingenieurwesen (B.Sc.),TH Mittelhessen,1098,Konstruktionsmethodik 4.0,6,Präsentationen erstellen sowie vorstellen.
Wirtschaftsingenieurwesen (B.Sc.),TH Mittelhessen,1098,Konstruktionsmethodik 4.0,7,"Die Studierenden können mittels virtueller und digitaler Techniken komplexe Systeme so abbilden, dass Sie von Unbeteiligten schnell und einfach zu verstehen sind,"
Wirtschaftsingenieurwesen (B.Sc.),TH Mittelhessen,1098,Konstruktionsmethodik 4.0,8,"anhand virtueller Modelle Sachverhalte erklären,"
Wirtschaftsingenieurwesen (B.Sc.),TH Mittelhessen,1098,Konstruktionsmethodik 4.0,9,im Team arbeiten.
Wirtschaftsingenieurwesen (B.Sc.),TH Mittelhessen,1098,Konstruktionsmethodik 4.0,10,"Die Studierenden können eigenverantwortlich die richtigen Methoden zur Bearbeitung komplexer Problemfälle wählen,"
Wirtschaftsingenieurwesen (B.Sc.),TH Mittelhessen,1098,Konstruktionsmethodik 4.0,11,sich abstrakte Systeme besser vorstellen oder wahlweise diese virtuell und/oder digital darstellen.
Wirtschaftsingenieurwesen (B.Sc.),TH Mittelhessen,1183,"Mess-, Steuer- Regeltechnik",1,"Die Studierenden können grundlegende regelungstechnische Problemstellungen klassifizieren, Simulationen von Regelkreisen erstellen, simulierte regelungstechnische Aufgaben interpretieren, die Einsatzgebiete von konventioneller Elektroinstallationstechnik sowie aktuellen busfähigen Geräten unterscheiden."
Wirtschaftsingenieurwesen (B.Sc.),TH Mittelhessen,1183,"Mess-, Steuer- Regeltechnik",2,"Die Studierenden können regelungstechnische Aufgaben mit Hilfe von Software simulieren,"
Wirtschaftsingenieurwesen (B.Sc.),TH Mittelhessen,1183,"Mess-, Steuer- Regeltechnik",3,DDC-Systemen zum Einsatz in der Gebäudetechnik und Industrie aufbauen und programmieren.
Wirtschaftsingenieurwesen (B.Sc.),TH Mittelhessen,1183,"Mess-, Steuer- Regeltechnik",4,"nehmen aktiv an den Übungen im Labor teil,"
Wirtschaftsingenieurwesen (B.Sc.),TH Mittelhessen,1183,"Mess-, Steuer- Regeltechnik",5,erarbeiten Lösungen in Gruppenarbeit.
Wirtschaftsingenieurwesen (B.Sc.),TH Mittelhessen,1183,"Mess-, Steuer- Regeltechnik",6,"Die Studierenden können eigene Wissenslücken erkennen und schließen,"
Wirtschaftsingenieurwesen (B.Sc.),TH Mittelhessen,1183,"Mess-, Steuer- Regeltechnik",7,"ihren Lernfortschritt reflektieren,"
Wirtschaftsingenieurwesen (B.Sc.),TH Mittelhessen,1183,"Mess-, Steuer- Regeltechnik",8,relevante Themen der Gebäudeautomation erkennen und darüber diskutieren.
Wirtschaftsingenieurwesen (B.Sc.),TH Mittelhessen,1183,Energietechnik,1,"durchdringen anwendungsbezogene Fragestellungen aus der Energietechnik analytisch,"
Wirtschaftsingenieurwesen (B.Sc.),TH Mittelhessen,1183,Energietechnik,2,kennen die Eigenschaften von realen Fluiden und von Fluidgemischen.
Wirtschaftsingenieurwesen (B.Sc.),TH Mittelhessen,1183,Energietechnik,3,"ermitteln die energietechnischen Parameter, stellen die zwischen diesen Größen vorliegenden Zusammenhänge dar und lösen praktische Aufgaben systematisch,"
Wirtschaftsingenieurwesen (B.Sc.),TH Mittelhessen,1183,Energietechnik,4,"bestimmen und bewerten die Effizienz von Energiewandlungsanlagen auf der Basis von Wirkungsgraden und Umwandlungsverlusten,"
Wirtschaftsingenieurwesen (B.Sc.),TH Mittelhessen,1183,Energietechnik,5,berechnen das Zustandsverhalten von feuchter Luft z.B. in den Komponenten von Klimaanlagen.
Wirtschaftsingenieurwesen (B.Sc.),TH Mittelhessen,1183,Energietechnik,6,"Die Studierenden können sich sachkompetent an Diskussionen über Energiefragen beteiligen,"
Wirtschaftsingenieurwesen (B.Sc.),TH Mittelhessen,1183,Energietechnik,7,"in Gruppen kooperativ und effektiv Lösungen für Problemstellungen entwickeln,"
Wirtschaftsingenieurwesen (B.Sc.),TH Mittelhessen,1183,Energietechnik,8,ihren Standpunkt in Diskussionen argumentativ sachlich vertreten.
Wirtschaftsingenieurwesen (B.Sc.),TH Mittelhessen,1183,Energietechnik,9,"Die Studierenden können an Lösungen über Energiefragen mitwirken und die erzielten Ergebnisse beurteilen,"
Wirtschaftsingenieurwesen (B.Sc.),TH Mittelhessen,1183,Energietechnik,10,"ihre persönlichen Ressourcen reflektieren und Ziele für die eigene Entwicklung definieren,"
Wirtschaftsingenieurwesen (B.Sc.),TH Mittelhessen,1183,Energietechnik,11,"ihren Lernprozess den individuellen Ressourcen entsprechend sinnvoll planen und strukturieren,"
Wirtschaftsingenieurwesen (B.Sc.),TH Mittelhessen,1183,Energietechnik,12,ihren Lernfortschritt reflektieren und ihr Lernverhalten ggf. anpassen.
Wirtschaftsingenieurwesen (B.Sc.),TH Mittelhessen,1184,Maschinendesign,1,"Die Studierenden können den Aufbau und die Funktion von verschiedenen Maschinen und Anlagen (Pumpen, Turbinen, Baumaschinen, Kompressoren usw.) beschreiben, analysieren und interpretieren,"
Wirtschaftsingenieurwesen (B.Sc.),TH Mittelhessen,1184,Maschinendesign,2,"die wesentlichen Inhalte und Unterschiede von Lasten- und Pflichtenheft beschreiben sowie eigene Anforderungslisten in ihren Grundzügen erarbeiten,"
Wirtschaftsingenieurwesen (B.Sc.),TH Mittelhessen,1184,Maschinendesign,3,"Kreativitätstechniken des methodischen Konstruierens sowie gängige Auswahl- und Bewertungsmethoden benennen,"
Wirtschaftsingenieurwesen (B.Sc.),TH Mittelhessen,1184,Maschinendesign,4,"die Grundlagen des Entwerfens, insbesondere Gestaltungsregeln, -prinzipien und –richtlinien sachlogisch einordnen und beurteilen,"
Wirtschaftsingenieurwesen (B.Sc.),TH Mittelhessen,1184,Maschinendesign,5,"Maschinen und Anlagen hinsichtlich geltender europäischer Sicherheitsnormen sowie der Maschinenrichtlinie beurteilen,"
Wirtschaftsingenieurwesen (B.Sc.),TH Mittelhessen,1184,Maschinendesign,6,Strategien zur Wartung und Instandhaltung technischer Systeme benennen und beurteilen
Wirtschaftsingenieurwesen (B.Sc.),TH Mittelhessen,1184,Maschinendesign,7,"die wesentlichen Inhalte einer technischen Dokumentation benennen,"
Wirtschaftsingenieurwesen (B.Sc.),TH Mittelhessen,1184,Maschinendesign,8,"Die Studierenden können die grundlegenden Prinzipien der Lösungssuche und –bewertung benennen und auf technisch relevante Problemstellungen übertragen und anwenden,"
Wirtschaftsingenieurwesen (B.Sc.),TH Mittelhessen,1184,Maschinendesign,9,"die Methoden und Vorgehensweisen bei der Entwicklung miteinander vergleichen, ihre Vor- und Nachteile analysieren und sie anwendungsspezifisch für eine präferierte Methode entscheiden,"
Wirtschaftsingenieurwesen (B.Sc.),TH Mittelhessen,1184,Maschinendesign,10,"Maschinen- und Anlagenkonzepte mit Bezug auf die Fächer Konstruktionslehre, Maschinenelemente und Mess- Steuerungs- und Regelungstechnik sowie Werkstoffkunde konzipieren, planen und auslegen,"
Wirtschaftsingenieurwesen (B.Sc.),TH Mittelhessen,1184,Maschinendesign,11,"konzipieren und planen von Antriebskonzepten für Maschinen und Anlagen,"
Wirtschaftsingenieurwesen (B.Sc.),TH Mittelhessen,1184,Maschinendesign,12,"Konzepte zur Umrüstung und Erweiterung von Maschinen und Anlagen erstellen,"
Wirtschaftsingenieurwesen (B.Sc.),TH Mittelhessen,1184,Maschinendesign,13,"einfache Vorkalkulationen erstellen, Angebote einholen und interpretieren,"
Wirtschaftsingenieurwesen (B.Sc.),TH Mittelhessen,1184,Maschinendesign,14,"Konzepte und Pläne für Inbetriebnahme, Wartung- und Instandhaltung sowie Außerbetriebnahme und Recycling erstellen,"
Wirtschaftsingenieurwesen (B.Sc.),TH Mittelhessen,1184,Maschinendesign,15,einfache Steuerungen und Regelungen von Maschinen und Anlagen konzipieren und auf Kleinsteuerungen übertragen.
Wirtschaftsingenieurwesen (B.Sc.),TH Mittelhessen,1184,Maschinendesign,16,"Die Studierenden können im Team Entwicklungs- und Konstruktionsaufgaben organisieren,"
Wirtschaftsingenieurwesen (B.Sc.),TH Mittelhessen,1184,Maschinendesign,17,"für ingenieursspezifische Problemstellungen Lösungen finden, deren technische Realisierbarkeit mit Bewertungsmethoden beurteilen,"
Wirtschaftsingenieurwesen (B.Sc.),TH Mittelhessen,1184,Maschinendesign,18,"in einer Gruppe kooperativ arbeiten und ihre eigenen Standpunkte argumentativ zu verteidigen,"
Wirtschaftsingenieurwesen (B.Sc.),TH Mittelhessen,1184,Maschinendesign,19,"bereits vorhandene Konzepte hinsichtlich ihrer Gestaltung beurteilen und kritisch hinterfragen, um Alternativlösungen zu benennen."
Wirtschaftsingenieurwesen (B.Sc.),TH Mittelhessen,1184,Maschinendesign,20,Die Studierenden können im Zuge der Übungen ihren Lernfortschritt reflektieren und Ihr Lernverhalten eigenständig anpassen.
Wirtschaftsingenieurwesen (B.Sc.),TH Mittelhessen,1184,Innovative Fertigungsprozesse,1,"erlernen zukunftsweisende Technologien und Strategien im Bereich der Produktion und Fertigung, die über die konventionellen Methoden der Produktionstechnologie hinausgehen,"
Wirtschaftsingenieurwesen (B.Sc.),TH Mittelhessen,1184,Innovative Fertigungsprozesse,2,"sollen dabei die Fähigkeit erlangen, die Möglichkeiten neuer Strategien in der Produktion einzuschätzen und umzusetzen,"
Wirtschaftsingenieurwesen (B.Sc.),TH Mittelhessen,1184,Innovative Fertigungsprozesse,3,betrachten Produktionsprozesse unter den Gesichtspunkten der Wettbewerbsfähigkeit sowie der Wirtschaftlichkeit Methodenkompetenz
Wirtschaftsingenieurwesen (B.Sc.),TH Mittelhessen,1184,Innovative Fertigungsprozesse,4,Die Studierenden können innovative Verfahren finden und für ihr Unternehmen gewinnbringend einsetzen.
Wirtschaftsingenieurwesen (B.Sc.),TH Mittelhessen,1184,Innovative Fertigungsprozesse,5,"Die Studierenden können ausgewählte Themenkomplexe innerhalb von Gruppen erarbeiten und anschließend präsentieren, welches die Teamfähigkeit sowie die Präsentationstechnik speziell bei der Erörterung technischer Fragestellungen fördert."
Wirtschaftsingenieurwesen (B.Sc.),TH Mittelhessen,1184,Innovative Fertigungsprozesse,6,"Die Studierenden können aktuelle Trends erkennen,"
Wirtschaftsingenieurwesen (B.Sc.),TH Mittelhessen,1184,Innovative Fertigungsprozesse,7,richtungsweisende Vorschläge erarbeiten.
Wirtschaftsingenieurwesen (B.Sc.),TH Mittelhessen,Modulbezeichnung,1283-1,1,"Die Studierenden können die Grundgrößen, Begriffe, physikalischen Wirkungsweisen und Zusammenhänge sowie"
Wirtschaftsingenieurwesen (B.Sc.),TH Mittelhessen,Modulbezeichnung,1283-1,2,"Gesetzmäßigkeiten von Drehstromsystemen benennen, erläutern, visualisieren, Drehstromnetzwerke analysieren und nach Vorgaben auslegen, die Fehlerarten in den Netzwerken erkennen und die Auswirkungen berechnen, Leistung und Energie bei periodischen sinusförmigen elektrischen Energieversorgungsnetzen berechnen, elektrische Schaltungen für die Berechnung der nicht periodischen Prozesse physikalisch (Differentialgleichungen) beschreiben, Leistung und Energie bei nicht periodischen elektrischen Prozessen (z.B. Einschaltvorgänge usw.) berechnen, die Anforderungen der öffentlichen Energieversorgung unterscheiden und erläutern, typische Netzformen identifizieren sowie erläutern und kennen die dazugehörigen Schutzmaßnahmen, Funktionsweisen sowie Vor- und Nachteile von Kraftwerken und Möglichkeiten zur Energieübertragung beschreiben und zuordnen, Leitungstypen unterscheiden und deren Eigenschaften und Vor- und Nachteile benennen, die Funktionsweise sowie Vor- und Nachteile unterschiedlicher Antriebstypen erläutern."
Wirtschaftsingenieurwesen (B.Sc.),TH Mittelhessen,Modulbezeichnung,1283-1,3,"Die Studierenden können einfache Drehstromnetze ohne und mit Fehler charakterisieren und alle Ströme, Spannungen und die aufgenommene bzw. abgegebene Leistung berechnen,"
Wirtschaftsingenieurwesen (B.Sc.),TH Mittelhessen,Modulbezeichnung,1283-1,4,"die Struktur der öffentlichen Energieversorgung erklären und veranschaulichen,"
Wirtschaftsingenieurwesen (B.Sc.),TH Mittelhessen,Modulbezeichnung,1283-1,5,"Schutzmaßnahmen für die Netzformen auslegen und die Funktionalität von Schutzmaßnahmen in einer gegebenen Anordnung bewerten,"
Wirtschaftsingenieurwesen (B.Sc.),TH Mittelhessen,Modulbezeichnung,1283-1,6,"einfache Kenngrößen der einzelnen Kraftwerkstypen aufschlüsseln und bewerten, Komponenten von Transformatoren und Leitungen anhand energietechnischer Anforderungen auslegen und berechnen,"
Wirtschaftsingenieurwesen (B.Sc.),TH Mittelhessen,Modulbezeichnung,1283-1,7,"Gleichstrommaschinen im Anlauf und Betriebsverhalten berechnen,"
Wirtschaftsingenieurwesen (B.Sc.),TH Mittelhessen,Modulbezeichnung,1283-1,8,"einfache Netzwerke physikalisch mit Differentialgleichungen beschreiben,"
Wirtschaftsingenieurwesen (B.Sc.),TH Mittelhessen,Modulbezeichnung,1283-1,9,"mehrere Berechnungsverfahren für nicht periodische elektrische Prozesse anwenden (z.B. Lösung der Differentialgleichungen, Zustandsraumdarstellung, Laplace-Transformation)."
Wirtschaftsingenieurwesen (B.Sc.),TH Mittelhessen,Modulbezeichnung,1283-1,10,"Die Studierenden können in Gruppen kooperativ und effektiv Lösungen für Problemstellungen entwickeln,"
Wirtschaftsingenieurwesen (B.Sc.),TH Mittelhessen,Modulbezeichnung,1283-1,11,"ihren Standpunkt in Diskussionen argumentativ sachlich vertreten,"
Wirtschaftsingenieurwesen (B.Sc.),TH Mittelhessen,Modulbezeichnung,1283-1,12,das eigene Kooperationsverhalten in Gruppen reflektierren und erweitern.
Wirtschaftsingenieurwesen (B.Sc.),TH Mittelhessen,Modulbezeichnung,1283-1,13,"Die Studierenden können ihre persönlichen Ressourcen reflektieren und Ziele für die eigene Entwicklung definierren,"
Wirtschaftsingenieurwesen (B.Sc.),TH Mittelhessen,Modulbezeichnung,1283-1,14,"ihren Lernprozess den individuellen Ressourcen entsprechend sinnvoll planen und strukturieren,"
Wirtschaftsingenieurwesen (B.Sc.),TH Mittelhessen,Modulbezeichnung,1283-1,15,ihren Lernfortschritt und ihr Lernverhalten ggf (methodisch/zeitlich) anpassen.
Wirtschaftsingenieurwesen (B.Sc.),TH Mittelhessen,Modulbezeichnung,1281-2,1,"Aufbau und Funktionsweise elektrischer Standardmaschinen darstellen,"
Wirtschaftsingenieurwesen (B.Sc.),TH Mittelhessen,Modulbezeichnung,1281-2,2,"Arbeitspunktberechnungen für einen gegebenen Versorgungs- und Belastungszustand selbständig durchführen,"
Wirtschaftsingenieurwesen (B.Sc.),TH Mittelhessen,Modulbezeichnung,1281-2,3,"Maschinenmodelle auswählen und für die Berechnungen bezüglich der Phasen- und Leistungsverhältnisse (cosφ, Wirkungsgrad) anwenden,"
Wirtschaftsingenieurwesen (B.Sc.),TH Mittelhessen,Modulbezeichnung,1281-2,4,"Die Studierenden können typische elektrische Maschinen in Betrieb nehmen,"
Wirtschaftsingenieurwesen (B.Sc.),TH Mittelhessen,Modulbezeichnung,1281-2,5,dynamische Eigenschaften von Stellglieder beurteilen und Regelungsparameter einstellen.
Wirtschaftsingenieurwesen (B.Sc.),TH Mittelhessen,Modulbezeichnung,1281-2,6,"Die Studierenden können elektrische Maschinen und Regelungssysteme unter der Berücksichtigung jeweiliger Vor- und Nachteile auswählen,"
Wirtschaftsingenieurwesen (B.Sc.),TH Mittelhessen,Modulbezeichnung,1281-2,7,"wichtigste Betriebsparameter unter der Berücksichtigung der Ersatzschaltbilder ermitteln,"
Wirtschaftsingenieurwesen (B.Sc.),TH Mittelhessen,Modulbezeichnung,1281-2,8,dynamisches Verhalten eines Antriebssystems beurteilen und die Regelungssysteme optimal auslegen.
Wirtschaftsingenieurwesen (B.Sc.),TH Mittelhessen,Modulbezeichnung,1281-2,9,"Die Studierenden können in Gruppen kooperativ und effektiv Lösungen für Problemstellungen entwickeln,"
Wirtschaftsingenieurwesen (B.Sc.),TH Mittelhessen,Modulbezeichnung,1281-2,10,"ihren Standpunkt in Diskussionen argumentativ sachlich vertreten,"
Wirtschaftsingenieurwesen (B.Sc.),TH Mittelhessen,Modulbezeichnung,1281-2,11,das eigene Kooperationsverhalten in Gruppen reflektieren und erweitern.
Wirtschaftsingenieurwesen (B.Sc.),TH Mittelhessen,Modulbezeichnung,1281-2,12,"Die Studierenden können ihre persönlichen Ressourcen reflektieren und Ziele für die eigene Entwicklung definieren,"
Wirtschaftsingenieurwesen (B.Sc.),TH Mittelhessen,Modulbezeichnung,1281-2,13,"ihren Lernprozess den individuellen Ressourcen entsprechend sinnvoll planen und strukturieren,"
Wirtschaftsingenieurwesen (B.Sc.),TH Mittelhessen,Modulbezeichnung,1281-2,14,ihren Lernfortschritt reflektieren und ihr Lernverhalten ggf. (methodisch/zeitlich) anpassen.
Wirtschaftsingenieurwesen (B.Sc.),TH Mittelhessen,1284,Internet of -things (IoT),1,"Systeme, Anwendungen, Technologien und aktuelle Trends des Internet der Dinge erläutern und bewerten,"
Wirtschaftsingenieurwesen (B.Sc.),TH Mittelhessen,1284,Internet of -things (IoT),2,"Anwendungsfelder für IoT-Technologien identifizieren und Systemkonzepte dafür entwickeln,"
Wirtschaftsingenieurwesen (B.Sc.),TH Mittelhessen,1284,Internet of -things (IoT),3,"Einfache IoT-Endgeräte entwickeln und mit IoT-Plattformen verbinden,"
Wirtschaftsingenieurwesen (B.Sc.),TH Mittelhessen,1284,Internet of -things (IoT),4,Anwendungen auf IoT-Plattformen realisieren.
Wirtschaftsingenieurwesen (B.Sc.),TH Mittelhessen,1284,Internet of -things (IoT),5,"IoT basierte Geschäftsmodelle entwickeln, IoT-Referenzarchitekturen erläutern und anwenden, Das Konzept des digitalen Zwillings erläutern und anwenden, Informationen aus Originalliteratur extrahieren, praktisches Projektmanagmenet umsetzen."
Wirtschaftsingenieurwesen (B.Sc.),TH Mittelhessen,1284,Internet of -things (IoT),6,"Die Studierenden können effektiv im Team kooperieren,"
Wirtschaftsingenieurwesen (B.Sc.),TH Mittelhessen,1284,Internet of -things (IoT),7,"aktiv an Gruppendiskussionen teilnehmen,"
Wirtschaftsingenieurwesen (B.Sc.),TH Mittelhessen,1284,Internet of -things (IoT),8,"mit unterschiedlichen Lösungsansätzen umgehen und diese akzeptieren,"
Wirtschaftsingenieurwesen (B.Sc.),TH Mittelhessen,1284,Internet of -things (IoT),9,Unsicherheiten im Innovationsprozess akzeptieren und mit diesen umgehen.
Wirtschaftsingenieurwesen (B.Sc.),TH Mittelhessen,1284,Internet of -things (IoT),10,Konflikte im Team ansprechen und diese versuchen zu lösen.
Wirtschaftsingenieurwesen (B.Sc.),TH Mittelhessen,BWI,Grundlagen der Elektroinstallationstechnik,1,"können Werkstoffe und Komponenten einer Elektroinstallation adäquat auswählen,"
Wirtschaftsingenieurwesen (B.Sc.),TH Mittelhessen,BWI,Grundlagen der Elektroinstallationstechnik,2,können wichtige Aspekte einer Elektroinstallation entsprechend gesetzlicher Vorgaben und
Wirtschaftsingenieurwesen (B.Sc.),TH Mittelhessen,BWI,Grundlagen der Elektroinstallationstechnik,3,"technischer Richtlinien verstehen und planen,"
Wirtschaftsingenieurwesen (B.Sc.),TH Mittelhessen,BWI,Grundlagen der Elektroinstallationstechnik,4,"kennen Sicherheitsmaßnahmen und deren Einsatzbereiche,"
Wirtschaftsingenieurwesen (B.Sc.),TH Mittelhessen,BWI,Grundlagen der Elektroinstallationstechnik,5,kennen die relevanten Richtlinien für eine Elektroinstallation.
Wirtschaftsingenieurwesen (B.Sc.),TH Mittelhessen,BWI,Grundlagen der Elektroinstallationstechnik,6,"Die Studierenden können die Anforderungen an eine Elektroinstallation aus der Nutzung ableiten,"
Wirtschaftsingenieurwesen (B.Sc.),TH Mittelhessen,BWI,Grundlagen der Elektroinstallationstechnik,7,"Leitungen entsprechend den technischen Rahmenbedingungen auslegen,"
Wirtschaftsingenieurwesen (B.Sc.),TH Mittelhessen,BWI,Grundlagen der Elektroinstallationstechnik,8,"Methode einer Installationsprüfung erläutern und anwenden,"
Wirtschaftsingenieurwesen (B.Sc.),TH Mittelhessen,BWI,Grundlagen der Elektroinstallationstechnik,9,Planungstools praktisch anwenden.
Wirtschaftsingenieurwesen (B.Sc.),TH Mittelhessen,BWI,Grundlagen der Elektroinstallationstechnik,10,"können im Team Aufgaben im Bereich der Elektroinstallation bearbeiten,"
Wirtschaftsingenieurwesen (B.Sc.),TH Mittelhessen,BWI,Grundlagen der Elektroinstallationstechnik,11,adäquat mit Auftraggebern und Kunden umgehen.
Wirtschaftsingenieurwesen (B.Sc.),TH Mittelhessen,BWI,Grundlagen der Elektroinstallationstechnik,12,können ihren Lernfortschritt einschätzen und planen.
Wirtschaftsingenieurwesen (B.Sc.),TH Mittelhessen,BWI,Elektropneumatik in der Automatisierungstechnik,1,"können die Steuerungs- und Regelungstechnik mit Bezug auf Pneumatik und Hydraulik beschreiben,"
Wirtschaftsingenieurwesen (B.Sc.),TH Mittelhessen,BWI,Elektropneumatik in der Automatisierungstechnik,2,"können die Grundlagen der SPS- Steuerung mit Bezug auf Kleinsteuerungen anwenden,"
Wirtschaftsingenieurwesen (B.Sc.),TH Mittelhessen,BWI,Elektropneumatik in der Automatisierungstechnik,3,"können die Komponenten der Automatisierungstechnik mit Bezug auf Pneumatik und Hydraulik beschreiben,"
Wirtschaftsingenieurwesen (B.Sc.),TH Mittelhessen,BWI,Elektropneumatik in der Automatisierungstechnik,4,"können automatisierte Prozesse energieeffizient gestalten,"
Wirtschaftsingenieurwesen (B.Sc.),TH Mittelhessen,BWI,Elektropneumatik in der Automatisierungstechnik,5,"können Wirtschaftlichkeitsbetrachtungen (Entwicklung, Konstruktion, Umsetzung und Umrüstungen) durchführen,"
Wirtschaftsingenieurwesen (B.Sc.),TH Mittelhessen,BWI,Elektropneumatik in der Automatisierungstechnik,6,"können zwischen den Antriebstechniken (pneumatisch, hydraulisch elektrisch) abgrenzen,"
Wirtschaftsingenieurwesen (B.Sc.),TH Mittelhessen,BWI,Elektropneumatik in der Automatisierungstechnik,7,"erhalten Einblick in die Feldbustechnologie,"
Wirtschaftsingenieurwesen (B.Sc.),TH Mittelhessen,BWI,Elektropneumatik in der Automatisierungstechnik,8,"sind in der Lage, die Integration von Prozessen durchzuführen,"
Wirtschaftsingenieurwesen (B.Sc.),TH Mittelhessen,BWI,Elektropneumatik in der Automatisierungstechnik,9,"können Normen, Vorschriften, Richtlinien für die Automatisierung anwenden,"
Wirtschaftsingenieurwesen (B.Sc.),TH Mittelhessen,BWI,Elektropneumatik in der Automatisierungstechnik,10,können Fallbeispiele in Bezug auf die Automatisierung von komplexen Applikationen bearbeiten.
Wirtschaftsingenieurwesen (B.Sc.),TH Mittelhessen,BWI,Elektropneumatik in der Automatisierungstechnik,11,Die Studierenden können unterschiedliche pneumatische und hydraulische Systeme inklusive der erforderlichen Steuerungsund Regelungstechnik für die Automatisierungstechnik entwickeln und konstruieren.
Wirtschaftsingenieurwesen (B.Sc.),TH Mittelhessen,BWI,Elektropneumatik in der Automatisierungstechnik,12,Die Studierenden können sowohl pneumatische wie auch hydraulische Lösungen für Insel- als auch integrierte Systeme auslegen.
Wirtschaftsingenieurwesen (B.Sc.),TH Mittelhessen,BWI,Elektropneumatik in der Automatisierungstechnik,13,"arbeiten bei den Laborübungen zielorientiert mit anderen zusammen,"
Wirtschaftsingenieurwesen (B.Sc.),TH Mittelhessen,BWI,Elektropneumatik in der Automatisierungstechnik,14,"stellen ihre Standpunkte und Interessen sachlich dar, können sich in der Gruppe kooperativ verhalten."
Wirtschaftsingenieurwesen (B.Sc.),TH Mittelhessen,BWI,Elektropneumatik in der Automatisierungstechnik,15,"Die Studierenden können eigene Wissenslücken erkennen und schließen, ihren Lernfortschritt reflektieren."
Wirtschaftsingenieurwesen (B.Sc.),TH Mittelhessen,1285,Rechnernetzwerktechnik Grundlagen,1,"IPv4 und IPv6 Adressierungen planen und nutzen,"
Wirtschaftsingenieurwesen (B.Sc.),TH Mittelhessen,1285,Rechnernetzwerktechnik Grundlagen,2,"Einfacvhe LAN-Topologien mit Routern und Switchern aufbauen und grundlegend konfigurieren,"
Wirtschaftsingenieurwesen (B.Sc.),TH Mittelhessen,1285,Rechnernetzwerktechnik Grundlagen,3,"Ende-zu-Ende-Verbindungen in kabelgebundenen und drahtlosen Netzen unter Verwendung von Netzwerkservices herstellen,"
Wirtschaftsingenieurwesen (B.Sc.),TH Mittelhessen,1285,Rechnernetzwerktechnik Grundlagen,4,"Sicherheitseinrichtungen in kabelgebundenen und drahtlosen LANs planen und umsetzen,"
Wirtschaftsingenieurwesen (B.Sc.),TH Mittelhessen,1285,Rechnernetzwerktechnik Grundlagen,5,Redundanzen und Ausfallsicherheiten einrichten.
Wirtschaftsingenieurwesen (B.Sc.),TH Mittelhessen,1285,Rechnernetzwerktechnik Grundlagen,6,"Netzwerkverbindungen und Gerätekonfigurationen kritisch überprüfen, Fehlöer finden und korrigieren (Troubleshooting),"
Wirtschaftsingenieurwesen (B.Sc.),TH Mittelhessen,1285,Rechnernetzwerktechnik Grundlagen,7,"Sicherheit der Netzwerke anhand von Best Practices beurteilen,"
Wirtschaftsingenieurwesen (B.Sc.),TH Mittelhessen,1285,Rechnernetzwerktechnik Grundlagen,8,Simulationstools zur Planung und Überprüfung nutzen.
Wirtschaftsingenieurwesen (B.Sc.),TH Mittelhessen,1285,Rechnernetzwerktechnik Grundlagen,9,"Die Studierenden können im Team arbeitsteilig Netzwerk- und Endgerätekonfigurationen planen, gemäß Planung umsetzen und erfolgreich lauffähig machen."
Wirtschaftsingenieurwesen (B.Sc.),TH Mittelhessen,1285,Rechnernetzwerktechnik Grundlagen,10,"Pläne, Vorgaben und Realisierungen kritisch hinterfragen, hypothese aufstellen und überprüfen."
Wirtschaftsingenieurwesen (B.Sc.),TH Mittelhessen,1285,Kommunikationssysteme,1,sind in der Lage mit den in den Modulinhalten genannten Theoremen und Gleichungen zielgerichtete Berechnungen anzustellen.
Wirtschaftsingenieurwesen (B.Sc.),TH Mittelhessen,1285,Kommunikationssysteme,2,"können mit Abschluss des Moduls die in den Modulinhalten aufgeführten wissenschaftlichen Methoden anwenden,"
Wirtschaftsingenieurwesen (B.Sc.),TH Mittelhessen,1285,Kommunikationssysteme,3,"sind in der Lage, unter Einsatz dieser Methoden relevante Informationen zu sammeln und"
Wirtschaftsingenieurwesen (B.Sc.),TH Mittelhessen,1285,Kommunikationssysteme,4,unter Berücksichtigung wissenschaftlicher Erkenntnisse den Fachstandards entsprechend zu interpretieren.
Wirtschaftsingenieurwesen (B.Sc.),TH Mittelhessen,1285,Kommunikationssysteme,5,können sowohl eigenständig als auch im Team zielorientiert und nachhaltig handeln und agieren.
Wirtschaftsingenieurwesen (B.Sc.),TH Mittelhessen,1285,Kommunikationssysteme,6,"können sowohl eigenständig als auch im Team die oben beschriebenen Methoden beurteilen, um diese selständig auf Probleme der Nachrichtentechnik anwenden zu können."
Wirtschaftsingenieurwesen (B.Sc.),TH Mittelhessen,1381,Nachhaltiges Wertschöpfungskettenmanagement,1,"Die Studierenden können grundlegende Konzepte für die Gestaltung von Strategien im Rahmen des Sustainable Supply Chain Managements unterscheiden und einordnen,"
Wirtschaftsingenieurwesen (B.Sc.),TH Mittelhessen,1381,Nachhaltiges Wertschöpfungskettenmanagement,2,"die Strategien auf die taktische und operative Ebene der Supply Chain übersetzen,"
Wirtschaftsingenieurwesen (B.Sc.),TH Mittelhessen,1381,Nachhaltiges Wertschöpfungskettenmanagement,3,"die unterschiedlichen Bereiche der Supply Chain (Beschaffungs-, Produktions-, Distributions und Entsorgungslogistik) unterscheiden, analysieren und ausgestalten,"
Wirtschaftsingenieurwesen (B.Sc.),TH Mittelhessen,1381,Nachhaltiges Wertschöpfungskettenmanagement,4,"die betriebliche Strukturierung des Produktmanagements vornehmen,"
Wirtschaftsingenieurwesen (B.Sc.),TH Mittelhessen,1381,Nachhaltiges Wertschöpfungskettenmanagement,5,"auf Grundlage vorhandener Unternehmensziele eine Produktidee konkretisieren und eine Aufgabenstellung daraus formulieren,"
Wirtschaftsingenieurwesen (B.Sc.),TH Mittelhessen,1381,Nachhaltiges Wertschöpfungskettenmanagement,6,Anforderungen an den Aufbau einer Wertschöpfungskette konkret formulieren und Vorgaben erstellen.
Wirtschaftsingenieurwesen (B.Sc.),TH Mittelhessen,1381,Nachhaltiges Wertschöpfungskettenmanagement,7,"Methoden zur Ausgestaltung von nachhaltigen Supply Chains auf der taktischen und operativen Ebene einordnen und beschreiben,"
Wirtschaftsingenieurwesen (B.Sc.),TH Mittelhessen,1381,Nachhaltiges Wertschöpfungskettenmanagement,8,"Methoden, Konzepte und Instrumente des Sustainable Supply Chain Managements praxisorientiert anwenden,"
Wirtschaftsingenieurwesen (B.Sc.),TH Mittelhessen,1381,Nachhaltiges Wertschöpfungskettenmanagement,9,Methoden des lebenszyklusorientierten Produktmanagements charakterisieren und anwenden.
Wirtschaftsingenieurwesen (B.Sc.),TH Mittelhessen,1381,Nachhaltiges Wertschöpfungskettenmanagement,10,"Die Studierenden können die Modulinhalte in angemessener Fachsprache (auch in Englisch) kommunizieren,"
Wirtschaftsingenieurwesen (B.Sc.),TH Mittelhessen,1381,Nachhaltiges Wertschöpfungskettenmanagement,11,"die Anwendung der vermittelten Methoden und Konzepte auf ausgewählte Fallbeispiele transferieren,"
Wirtschaftsingenieurwesen (B.Sc.),TH Mittelhessen,1381,Nachhaltiges Wertschöpfungskettenmanagement,12,"selbständig und im Team wissenschaftliche Sachverhalte recherchieren, aufbereiten und präsentieren sowie ihre erworbenen Kenntnisse an Dritte weitergeben."
Wirtschaftsingenieurwesen (B.Sc.),TH Mittelhessen,1381,Nachhaltiges Wertschöpfungskettenmanagement,13,"Sustainable Supply Chain Management und seine Umsetzung in Organisationen kritisch reflektieren,"
Wirtschaftsingenieurwesen (B.Sc.),TH Mittelhessen,1381,Nachhaltiges Wertschöpfungskettenmanagement,14,"Die Studierenden können wissenschaftliche Sachverhalte und Zusammenhänge anhand von Fachliteratur erarbeiten und Adressatengerecht präsentieren,"
Wirtschaftsingenieurwesen (B.Sc.),TH Mittelhessen,1381,Nachhaltiges Wertschöpfungskettenmanagement,15,"Ergebnisse begründen und über Sachverhalte der Modulinhalte umfassend kommunizieren,"
Wirtschaftsingenieurwesen (B.Sc.),TH Mittelhessen,1381,Nachhaltiges Wertschöpfungskettenmanagement,16,"ihre Arbeitsweise und Zeiteinteilung in einer konkreten Projektarbeit so koordinieren, dass sie diese Arbeit eigenverantwortlich und selbstständig zum erfolgreichen Abschluss bringen,"
Wirtschaftsingenieurwesen (B.Sc.),TH Mittelhessen,1381,Nachhaltiges Wertschöpfungskettenmanagement,17,ihre Arbeitsergebnisse und Vorgehensweise kritisch reflektieren.
Wirtschaftsingenieurwesen (B.Sc.),TH Mittelhessen,1383,Ökobilanzierung,1,"kennen Methoden und Konzepte des Life Cycle Assessments zur Analyse und Bewertung von Produkten und Unternehmen und können diese differenziert einordnen und abgrenzen,"
Wirtschaftsingenieurwesen (B.Sc.),TH Mittelhessen,1383,Ökobilanzierung,2,haben die Schnittstellen und Integration des Life Cycle Assessments in Prozessen und Managementsystemen von Organisationen verstanden und können diese beurteilen.
Wirtschaftsingenieurwesen (B.Sc.),TH Mittelhessen,1383,Ökobilanzierung,3,"Methoden und Konzepte des Life Cycle Assessment praxisorientiert anwenden,"
Wirtschaftsingenieurwesen (B.Sc.),TH Mittelhessen,1383,Ökobilanzierung,4,"Methoden und Konzepte des Life Cycle Assessments erklären, anwenden und reflektieren sowie Besonderheiten herausarbeiten,"
Wirtschaftsingenieurwesen (B.Sc.),TH Mittelhessen,1383,Ökobilanzierung,5,Die Studierenden können aus den Ergebnissen der Methodenanwendung Verbesserungsmaßnahmen ableiten und entwickeln sowie diese kritisch beurteilen.
Wirtschaftsingenieurwesen (B.Sc.),TH Mittelhessen,1383,Ökobilanzierung,6,"Die Studierenden können die Modulinhalte in angemessener Fachsprache (auch in Englisch) kommunizieren,"
Wirtschaftsingenieurwesen (B.Sc.),TH Mittelhessen,1383,Ökobilanzierung,7,"die Anwendung der vermittelten Methoden und Konzepte auf ausgewählte Fallbeispiele transferieren,"
Wirtschaftsingenieurwesen (B.Sc.),TH Mittelhessen,1383,Ökobilanzierung,8,"selbständig und im Team wissenschaftliche Sachverhalte recherchieren, aufbereiten und präsentieren sowie ihre erworbenen Kenntnisse an Dritte weitergeben."
Wirtschaftsingenieurwesen (B.Sc.),TH Mittelhessen,1383,Ökobilanzierung,9,"Die Studierenden können wissenschaftliche Sachverhalte und Zusammenhänge anhand von Fachliteratur erarbeiten und Adressatengerecht präsentieren,"
Wirtschaftsingenieurwesen (B.Sc.),TH Mittelhessen,1383,Ökobilanzierung,10,"Ergebnisse begründen und über Sachverhalte der Modulinhalte umfassend kommunizieren,"
Wirtschaftsingenieurwesen (B.Sc.),TH Mittelhessen,1383,Ökobilanzierung,11,"ihre Arbeitsweise und Zeiteinteilung in einer konkreten Projektarbeit so koordinieren, dass sie diese Arbeit eigenverantwortlich und selbstständig zum erfolgreichen Abschluss bringen"
Wirtschaftsingenieurwesen (B.Sc.),TH Mittelhessen,1383,Ökobilanzierung,12,"eigene Wissenslücken erkennen und schließen,"
Wirtschaftsingenieurwesen (B.Sc.),TH Mittelhessen,1383,Ökobilanzierung,13,ihre Arbeitsergebnisse und Vorgehensweise kritisch reflektieren.
Wirtschaftsingenieurwesen (B.Sc.),TH Mittelhessen,1384,XLab – Lernfabrik,1,"evaluieren Systeme und schaffen neue Lösungen,"
Wirtschaftsingenieurwesen (B.Sc.),TH Mittelhessen,1384,XLab – Lernfabrik,2,"erfinden, erstellen und integrieren soziale, ökologische und nachhaltige Produkte, Konzepte, Modelle und Strategien,"
Wirtschaftsingenieurwesen (B.Sc.),TH Mittelhessen,1384,XLab – Lernfabrik,3,"erlangen durch agil geführte Projekte das agile und unternehmerische Mindset,"
Wirtschaftsingenieurwesen (B.Sc.),TH Mittelhessen,1384,XLab – Lernfabrik,4,"entwickeln eigene soziale, ökologische und ökonomische Innovationsvorhaben und Verantwortung dafür zu übernehmen, erstellen Nachhaltigkeitsbewertung für die Innovationsvorhaben, Produkte, Prozesse und Systeme, konzipieren Startups und bauen Strukturen für erfolgreiche KMU auf."
Wirtschaftsingenieurwesen (B.Sc.),TH Mittelhessen,1384,XLab – Lernfabrik,5,"Methoden wie Design Thinking, Customer Development, Lean Startup und agilem Projektmanagement zur kreativen Entwicklung der eigenen Geschäftsidee oder gesellschaftlicher Fragestellungen zur Problemlösung anwenden,"
Wirtschaftsingenieurwesen (B.Sc.),TH Mittelhessen,1384,XLab – Lernfabrik,6,"Projekte agil gestalten und deren Fortschritt kontrollieren,"
Wirtschaftsingenieurwesen (B.Sc.),TH Mittelhessen,1384,XLab – Lernfabrik,7,"Die Studierenden können digitale Tools für die Zusammenarbeit anwenden,"
Wirtschaftsingenieurwesen (B.Sc.),TH Mittelhessen,1384,XLab – Lernfabrik,8,Workshops gestalten und moderieren.
Wirtschaftsingenieurwesen (B.Sc.),TH Mittelhessen,1384,XLab – Lernfabrik,9,Die Studierenden können:
Wirtschaftsingenieurwesen (B.Sc.),TH Mittelhessen,1384,XLab – Lernfabrik,10,"alleine und in Gruppen zielorientiert und auf Augenhöhe gestalterisch zusammenarbeiten,"
Wirtschaftsingenieurwesen (B.Sc.),TH Mittelhessen,1384,XLab – Lernfabrik,11,"die Sichtweise und Interessen anderer verstehen, analysieren und interpretieren sowie auf deren Ideen und Erkenntnissen aufbauen und neue Lösungen erarbeiten,"
Wirtschaftsingenieurwesen (B.Sc.),TH Mittelhessen,1384,XLab – Lernfabrik,12,"eigene Ideen und Ideen anderer in Frage stellen und konstruktiv gestalten,"
Wirtschaftsingenieurwesen (B.Sc.),TH Mittelhessen,1384,XLab – Lernfabrik,13,andere für eine eigene Sache mobilisieren und die Interessen der Gemeinschaft wahren.
Wirtschaftsingenieurwesen (B.Sc.),TH Mittelhessen,1384,XLab – Lernfabrik,14,"Die Studierenden können sich auf verändernde Umstände einstellen,"
Wirtschaftsingenieurwesen (B.Sc.),TH Mittelhessen,1384,XLab – Lernfabrik,15,"eigene Ideen und Lösungsansätze kreativ entwickeln,"
Wirtschaftsingenieurwesen (B.Sc.),TH Mittelhessen,1384,XLab – Lernfabrik,16,"Wissenslücken erkennen und schließen sie eigenständig,"
Wirtschaftsingenieurwesen (B.Sc.),TH Mittelhessen,1384,XLab – Lernfabrik,17,"ihren Lernfortschritt reflektieren und ihr Lernverhalten ggf. (methodisch/zeitlich) anpassen,"
Wirtschaftsingenieurwesen (B.Sc.),TH Mittelhessen,1384,XLab – Lernfabrik,18,ihren Lernprozess den individuellen Ressourcen entsprechend sinnvoll planen und strukturieren.
Wirtschaftsingenieurwesen (B.Sc.),TH Mittelhessen,1385,Nachhaltiges Ressourcenmanagement /,1,"Die Studierenden können die Grundlagen, Grundbegriffe und übergeordnete Zusammenhänge von Ressourcen und ihren Einsatzbereichen innerhalb des Lebenszyklus identifizieren und wiedergeben,"
Wirtschaftsingenieurwesen (B.Sc.),TH Mittelhessen,1385,Nachhaltiges Ressourcenmanagement /,2,"Umweltauswirkungen der eingesetzten Ressourcen beschreiben,"
Wirtschaftsingenieurwesen (B.Sc.),TH Mittelhessen,1385,Nachhaltiges Ressourcenmanagement /,3,"Rohstoffpolitik, Rohstoffsysteme und die Verfügbarkeit von Rohstoffen verstehen und Einflussfaktoren kennenlernen,"
Wirtschaftsingenieurwesen (B.Sc.),TH Mittelhessen,1385,Nachhaltiges Ressourcenmanagement /,4,"die Relevanz und wichtige Anwendungsfelder von Ressourcenmanagement für Organisationen (inkl. Unternehmen) erkennen,"
Wirtschaftsingenieurwesen (B.Sc.),TH Mittelhessen,1385,Nachhaltiges Ressourcenmanagement /,5,"betriebliche Umwelt-/Ökobilanzen konzipieren, erstellen und weiterentwickeln,"
Wirtschaftsingenieurwesen (B.Sc.),TH Mittelhessen,1385,Nachhaltiges Ressourcenmanagement /,6,"Maßnahmen zur Einsparung von Ressourcen und Ressourceneffizienzsteigerung planen,"
Wirtschaftsingenieurwesen (B.Sc.),TH Mittelhessen,1385,Nachhaltiges Ressourcenmanagement /,7,"Umweltbilanzen und -berichterstattung von Organisationen analysieren und vergleichen,"
Wirtschaftsingenieurwesen (B.Sc.),TH Mittelhessen,1385,Nachhaltiges Ressourcenmanagement /,8,"Umwelt- und Nachhaltigkeitskennzahlen von Organisationen einordnen, erstellen und bewerten."
Wirtschaftsingenieurwesen (B.Sc.),TH Mittelhessen,1385,Nachhaltiges Ressourcenmanagement /,9,"Methoden und Konzepte des nachhaltigen Ressourcenmanagements praxisorientiert anwenden,"
Wirtschaftsingenieurwesen (B.Sc.),TH Mittelhessen,1385,Nachhaltiges Ressourcenmanagement /,10,"Methoden zur Datenerhebung, -recherche,- validierung im Rahmen von nachhaltigem Ressourcenmanagement anwenden,"
Wirtschaftsingenieurwesen (B.Sc.),TH Mittelhessen,1385,Nachhaltiges Ressourcenmanagement /,11,"Software und Datenbanken zur Analyse, Bewertung und Visualisierung im Kontext nachhaltigen Ressourcenmanagements (z.B. Visio, Eco-Cockpit, e!Sankey, Umberto, Ecoinvent, Gabi) einsetzen und auf Praxisbeispiele anwenden,"
Wirtschaftsingenieurwesen (B.Sc.),TH Mittelhessen,1385,Nachhaltiges Ressourcenmanagement /,12,"Methoden des betrieblichen Ressourcenmanagements wie z.B. Betriebliche Umwelt-/Ökobilanzen, Corporate Carbon Footprint anwenden und Ergebnisse kritisch reflektieren."
Wirtschaftsingenieurwesen (B.Sc.),TH Mittelhessen,1385,Nachhaltiges Ressourcenmanagement /,13,"Die Studierenden können die Modulinhalte in angemessener Fachsprache (auch in Englisch) kommunizieren,"
Wirtschaftsingenieurwesen (B.Sc.),TH Mittelhessen,1385,Nachhaltiges Ressourcenmanagement /,14,"die Anwendung der vermittelten Methoden und Konzepte auf ausgewählte Fallbeispiele transferieren,"
Wirtschaftsingenieurwesen (B.Sc.),TH Mittelhessen,1385,Nachhaltiges Ressourcenmanagement /,15,"selbständig und im Team wissenschaftliche Sachverhalte recherchieren, aufbereiten und präsentieren,"
Wirtschaftsingenieurwesen (B.Sc.),TH Mittelhessen,1385,Nachhaltiges Ressourcenmanagement /,16,ihre erworbenen Kenntnisse in nachhaltigem Ressourcenmanagement an Dritte weitergeben.
Wirtschaftsingenieurwesen (B.Sc.),TH Mittelhessen,1385,Nachhaltiges Ressourcenmanagement /,17,"Ressourcenmanagement und dessen Umsetzung in Organisationen kritisch reflektieren,"
Wirtschaftsingenieurwesen (B.Sc.),TH Mittelhessen,1385,Nachhaltiges Ressourcenmanagement /,18,"Die Studierenden können selbständig und im Team wissenschaftliche Sachverhalte recherchieren, aufbereiten und präsentieren,"
Wirtschaftsingenieurwesen (B.Sc.),TH Mittelhessen,1385,Nachhaltiges Ressourcenmanagement /,19,"Ergebnisse begründen und über Sachverhalte der Modulinhalte umfassend kommunizieren,"
Wirtschaftsingenieurwesen (B.Sc.),TH Mittelhessen,1385,Nachhaltiges Ressourcenmanagement /,20,"ihre Arbeitsweise und Zeiteinteilung in einer konkreten Projektarbeit so koordinieren, dass sie diese Arbeit eigenverantwortlich und selbstständig zum erfolgreichen Abschluss bringen,"
Wirtschaftsingenieurwesen (B.Sc.),TH Mittelhessen,1385,Nachhaltiges Ressourcenmanagement /,21,ihre Arbeitsergebnisse und Vorgehensweise kritisch reflektieren.
Wirtschaftsingenieurwesen (B.Sc.),TH Mittelhessen,1386,Umweltkostenrechnung,1,"Grundlagen und Grundbegriffe von Umweltkostenrechnung wiedergeben,"
Wirtschaftsingenieurwesen (B.Sc.),TH Mittelhessen,1386,Umweltkostenrechnung,2,"Kostentreiber, insbesondere im Umweltbereich, identifizieren,"
Wirtschaftsingenieurwesen (B.Sc.),TH Mittelhessen,1386,Umweltkostenrechnung,3,"Interdependenzen zwischen (Umwelt-)Kosten oder den (Umwelt-)Kosten und Erlösen einzelner Lebensphasen aufdecken,"
Wirtschaftsingenieurwesen (B.Sc.),TH Mittelhessen,1386,Umweltkostenrechnung,4,"Investitionsalternativen zur strategischen Planung der Betriebsprozesse beurteilen,"
Wirtschaftsingenieurwesen (B.Sc.),TH Mittelhessen,1386,Umweltkostenrechnung,5,"Die Studierenden können die (Umwelt-)Kosten von Prozessen, Betrieben und Produkten über den gesamten Lebenszyklus unter Zuhilfenahme der verschiedenen Methoden und Instrumente des Rechnungswesens ganzheitlich und systematisch identifizieren und optimieren,"
Wirtschaftsingenieurwesen (B.Sc.),TH Mittelhessen,1386,Umweltkostenrechnung,6,"die Kosten- und Ressourceneffizienz von Prozessen, Unternehmen, Produkten und Dienstleistungen vergleichend analysieren, messen und bewerten."
Wirtschaftsingenieurwesen (B.Sc.),TH Mittelhessen,1386,Umweltkostenrechnung,7,"Die Studierenden können geeignete Methoden und Instrumente zur Erfassung, Berechnung und Darstellung von Umweltkosten auf betrieblicher Ebene und Produktebene auswählen"
Wirtschaftsingenieurwesen (B.Sc.),TH Mittelhessen,1386,Umweltkostenrechnung,8,"Methoden derUmweltkostenrechnung (z.B. Materialflusskostenrechnung) anwenden,"
Wirtschaftsingenieurwesen (B.Sc.),TH Mittelhessen,1386,Umweltkostenrechnung,9,"Software und Datenbanken zur Unterstützung und Durchführung von Umweltkostenrechnungsmethoden, insbesondere Materialflusskostenrechnung (z.B. Online-Tools, Excel, Umberto, Ecoinvent) einsetzen und auf Praxisbeispiele anwenden,"
Wirtschaftsingenieurwesen (B.Sc.),TH Mittelhessen,1386,Umweltkostenrechnung,10,"Methoden und Ergebnisse der betrieblichen Umweltkostenrechnung, wie z.B. Materialflusskostenrechnung, einordnen und kritisch reflektieren."
Wirtschaftsingenieurwesen (B.Sc.),TH Mittelhessen,1386,Umweltkostenrechnung,11,"Die Studierenden können die Modulinhalte in angemessener Fachsprache (auch in Englisch) kommunizieren,"
Wirtschaftsingenieurwesen (B.Sc.),TH Mittelhessen,1386,Umweltkostenrechnung,12,"die Anwendung der vermittelten Methoden und Konzepte auf ausgewählte Fallbeispiele transferieren,"
Wirtschaftsingenieurwesen (B.Sc.),TH Mittelhessen,1386,Umweltkostenrechnung,13,"selbständig und im Team wissenschaftliche Sachverhalte recherchieren, aufbereiten und präsentieren sowie ihre erworbenen Kenntnisse an Dritte weitergeben."
Wirtschaftsingenieurwesen (B.Sc.),TH Mittelhessen,1386,Umweltkostenrechnung,14,Umweltkostenrechnung und ihre Umsetzung in Organisationen kritisch reflektieren
Wirtschaftsingenieurwesen (B.Sc.),TH Mittelhessen,1386,Umweltkostenrechnung,15,"Die Studierenden können selbständig und im Team wissenschaftliche Sachverhalte recherchieren, aufbereiten und präsentieren,"
Wirtschaftsingenieurwesen (B.Sc.),TH Mittelhessen,1386,Umweltkostenrechnung,16,"Ergebnisse begründen und über Sachverhalte der Modulinhalte umfassend kommunizieren,"
Wirtschaftsingenieurwesen (B.Sc.),TH Mittelhessen,1386,Umweltkostenrechnung,17,"ihre Arbeitsweise und Zeiteinteilung in einer konkreten Projektarbeit so koordinieren, dass sie diese Arbeit eigenverantwortlich und selbstständig zum erfolgreichen Abschluss bringen,"
Wirtschaftsingenieurwesen (B.Sc.),TH Mittelhessen,1386,Umweltkostenrechnung,18,ihre Arbeitsergebnisse und Vorgehensweise kritisch reflektieren.
Wirtschaftsingenieurwesen (B.Sc.),TH Mittelhessen,1086,Total Quality Management (TQM),1,"lernen, dass TQM für jede Art von Organisation (inkl. Unternehmen) relevant ist,"
Wirtschaftsingenieurwesen (B.Sc.),TH Mittelhessen,1086,Total Quality Management (TQM),2,"kennen Grundbegriffe und übergeordnete Zusammenhänge des TQM,"
Wirtschaftsingenieurwesen (B.Sc.),TH Mittelhessen,1086,Total Quality Management (TQM),3,"betrachten TQM aus ganzheitlicher, nachhaltiger Sicht,"
Wirtschaftsingenieurwesen (B.Sc.),TH Mittelhessen,1086,Total Quality Management (TQM),4,"sind in der Lage prozessorientierte TQM-Strukturen- und Inhalte zu implementieren, zu analysieren und zu verbessern,"
Wirtschaftsingenieurwesen (B.Sc.),TH Mittelhessen,1086,Total Quality Management (TQM),5,"besitzen ein kritisches Verständnis für TQM als einen wichtigen Wettbewerbsfaktor,"
Wirtschaftsingenieurwesen (B.Sc.),TH Mittelhessen,1086,Total Quality Management (TQM),6,kennen die Struktur vom EFQM Modell und die Vorgehensweise zur Bewertung einer Organisation mit Hilfe des EFQM Modells.
Wirtschaftsingenieurwesen (B.Sc.),TH Mittelhessen,1086,Total Quality Management (TQM),7,"lernen die Grundlagen des TQM und seiner Methoden kennen,"
Wirtschaftsingenieurwesen (B.Sc.),TH Mittelhessen,1086,Total Quality Management (TQM),8,können die methodische Vorgehensweise der RADAR-Bewertung vom EFQM Modell anwenden.
Wirtschaftsingenieurwesen (B.Sc.),TH Mittelhessen,1086,Total Quality Management (TQM),9,"sind in der Lage in einem Team gemeinsam Problemstellungen zu bearbeiten,"
Wirtschaftsingenieurwesen (B.Sc.),TH Mittelhessen,1086,Total Quality Management (TQM),10,"in der Gruppe kooperativ und effektiv Lösungen für die Problemstellung entwickeln,"
Wirtschaftsingenieurwesen (B.Sc.),TH Mittelhessen,1086,Total Quality Management (TQM),11,in Diskussionen den eigenen Standpunkt argumentativ und sachlich darstellen.
Wirtschaftsingenieurwesen (B.Sc.),TH Mittelhessen,1086,Total Quality Management (TQM),12,"verstehen Total Quality Management als Managementmethode für die ganzheitliche Betrachtung einer Organisation und dem entsprechend als eine Unternehmensphilosophie,"
Wirtschaftsingenieurwesen (B.Sc.),TH Mittelhessen,1086,Total Quality Management (TQM),13,"sind in der Lage, ihre erworbenen Kenntnisse in TQM und vom EFQM Modell anzuwenden und an Dritte weiter zu geben."
Wirtschaftsingenieurwesen (B.Sc.),TH Mittelhessen,1087,Produktinnovation,1,Die Studierenden kennen
Wirtschaftsingenieurwesen (B.Sc.),TH Mittelhessen,1087,Produktinnovation,2,"die einzelnen Prozessschritte im Rahmen eines Innovationsprozesses,"
Wirtschaftsingenieurwesen (B.Sc.),TH Mittelhessen,1087,Produktinnovation,3,"Methoden, um in den einzelnen Phasen zielgerichtete Entscheidungen vorbereiten zu können,"
Wirtschaftsingenieurwesen (B.Sc.),TH Mittelhessen,1087,Produktinnovation,4,"Kennzahlen, mit deren Hilfe der Erfolg in den einzelnen Prozessschritten gemessen werden."
Wirtschaftsingenieurwesen (B.Sc.),TH Mittelhessen,1087,Produktinnovation,5,"Methoden zur Umsetzung der Ziele in den einzelnen Prozessschritten gezielt einsetzen,"
Wirtschaftsingenieurwesen (B.Sc.),TH Mittelhessen,1087,Produktinnovation,6,"Die Studierenden können die Übergänge zwischen den einzelnen Prozessschritten aktiv gestalten und in einen Gesamtzusammenhang bringen,"
Wirtschaftsingenieurwesen (B.Sc.),TH Mittelhessen,1087,Produktinnovation,7,"anhand eines konkreten Produktes den gesamten Innovationsprozess beschreiben,"
Wirtschaftsingenieurwesen (B.Sc.),TH Mittelhessen,1087,Produktinnovation,8,die Ergebnisse Ihrer Vorschläge bewerten.
Wirtschaftsingenieurwesen (B.Sc.),TH Mittelhessen,1087,Produktinnovation,10,"Teams bilden, strukturieren und gemeinsame Lösungen erarbeiten,"
Wirtschaftsingenieurwesen (B.Sc.),TH Mittelhessen,1087,Produktinnovation,11,"Die Studierenden können mit Kritik innerhalb der Gruppe konstruktiv umgehen und letztendlich auf das gemeinsame Ziel ausgerichtete Lösungen erarbeiten,"
Wirtschaftsingenieurwesen (B.Sc.),TH Mittelhessen,1087,Produktinnovation,12,"mit dem Dozenten kommunizieren, dessen Anregungen konstruktiv aufnehmen aber auch Ihre eigenen Standpunkte vertreten."
Wirtschaftsingenieurwesen (B.Sc.),TH Mittelhessen,1087,Produktinnovation,13,"Die Studierenden können ihre eigenen Verhaltensweisen kritisch hinterfragen und bewerten,"
Wirtschaftsingenieurwesen (B.Sc.),TH Mittelhessen,1087,Produktinnovation,14,"auf Kritik reagieren und diese positiv nutzen, um zukünftig noch bessere Entscheidungen treffen zu können,"
Wirtschaftsingenieurwesen (B.Sc.),TH Mittelhessen,1087,Produktinnovation,15,anhand der gemachten Erfahrungen konstruktiv an ihrer Weiterentwicklung arbeiten.
Wirtschaftsingenieurwesen (B.Sc.),TH Mittelhessen,1088,Pneumatik und Hydraulik in der Automatisierungstechnik,1,"können die Grundlagen der Automatisierungstechnik für einfache Applikationen beschreiben,"
Wirtschaftsingenieurwesen (B.Sc.),TH Mittelhessen,1088,Pneumatik und Hydraulik in der Automatisierungstechnik,2,"können die Grundlagen der Drucklufttechnik aus physikalischer Sicht erläutern,"
Wirtschaftsingenieurwesen (B.Sc.),TH Mittelhessen,1088,Pneumatik und Hydraulik in der Automatisierungstechnik,3,"können die notwendigen Komponenten zur Drucklufterzeugung und -aufbereitung beschreiben,"
Wirtschaftsingenieurwesen (B.Sc.),TH Mittelhessen,1088,Pneumatik und Hydraulik in der Automatisierungstechnik,4,"können den Aufbau, den Betrieb sowie die Wartung und Instandhaltung von Druckluftnetzen erklären,"
Wirtschaftsingenieurwesen (B.Sc.),TH Mittelhessen,1088,Pneumatik und Hydraulik in der Automatisierungstechnik,5,"können die notwendigen Komponenten zum Aufbau und Betrieb eines pneumatischen Systems im Bereich der Automatisierungstechnik beschreiben,"
Wirtschaftsingenieurwesen (B.Sc.),TH Mittelhessen,1088,Pneumatik und Hydraulik in der Automatisierungstechnik,6,"können unterschiedliche pneumatische Werkzeuge und Werkstückhändlingsysteme beschreiben und deren Einbindung in ein pneumatisches System erklären,"
Wirtschaftsingenieurwesen (B.Sc.),TH Mittelhessen,1088,Pneumatik und Hydraulik in der Automatisierungstechnik,7,"erhalten einen Einblick in die Bereiche Öl- Hydraulik und Vakuumtechnik,"
Wirtschaftsingenieurwesen (B.Sc.),TH Mittelhessen,1088,Pneumatik und Hydraulik in der Automatisierungstechnik,8,"erhalten einen Einblick in die aktuellen Normen, Vorschriften und Richtlinien für Kompressoren und pneumatische Anlagen."
Wirtschaftsingenieurwesen (B.Sc.),TH Mittelhessen,1088,Pneumatik und Hydraulik in der Automatisierungstechnik,9,Die Studierenden können können unterschiedliche pneumatische Systeme für die Automatisierungstechnik entwickeln und konstruieren.
Wirtschaftsingenieurwesen (B.Sc.),TH Mittelhessen,1088,Pneumatik und Hydraulik in der Automatisierungstechnik,10,"arbeiten bei den Laborübungen zielorientiert mit anderen zusammen,"
Wirtschaftsingenieurwesen (B.Sc.),TH Mittelhessen,1088,Pneumatik und Hydraulik in der Automatisierungstechnik,11,"stellen ihre Standpunkte und Interessen sachlich dar,"
Wirtschaftsingenieurwesen (B.Sc.),TH Mittelhessen,1088,Pneumatik und Hydraulik in der Automatisierungstechnik,12,können sich in der Gruppe kooperativ verhalten.
Wirtschaftsingenieurwesen (B.Sc.),TH Mittelhessen,1088,Pneumatik und Hydraulik in der Automatisierungstechnik,13,"Die Studierenden können eigene Wissenslücken erkennen und schließen,"
Wirtschaftsingenieurwesen (B.Sc.),TH Mittelhessen,1088,Pneumatik und Hydraulik in der Automatisierungstechnik,14,ihren Lernfortschritt reflektieren.
Wirtschaftsingenieurwesen (B.Sc.),TH Mittelhessen,1089,Logistische Spezialprobleme,1,"Transport- und Zuordnungsprobleme, Lagerhaltungsmodelle sowie die Methoden der Routen- und Tourenplanung in die logistischen Kernfunktionen und das Operations Research einordnen,"
Wirtschaftsingenieurwesen (B.Sc.),TH Mittelhessen,1089,Logistische Spezialprobleme,2,"Methoden zur Lösung der Transport- und Zuordnungsprobleme sowie der Routen- und Tourenplanung unterscheiden,"
Wirtschaftsingenieurwesen (B.Sc.),TH Mittelhessen,1089,Logistische Spezialprobleme,3,Die Studierenden können die Anwendung der vermittelten Methoden an eigens ausgewählten Beispielen demonstrieren.
Wirtschaftsingenieurwesen (B.Sc.),TH Mittelhessen,1089,Logistische Spezialprobleme,4,"Methoden zur Lösung der Transport- und Zuordnungsprobleme sowie der Routen- und Tourenplanung auswählen und anwenden,"
Wirtschaftsingenieurwesen (B.Sc.),TH Mittelhessen,1089,Logistische Spezialprobleme,5,Die Studierenden können die Methoden der verschiedenen Lagerhaltungsmodelle auswählen und anwenden.
Wirtschaftsingenieurwesen (B.Sc.),TH Mittelhessen,1089,Logistische Spezialprobleme,6,die vollständige Lieferkette von der Beschaffung über die Transportkosten bis hin zur Auslieferung mit Hilfe der Routen- und Tourenplanung an konkreten Beispielen anwenden.
Wirtschaftsingenieurwesen (B.Sc.),TH Mittelhessen,1089,Logistische Spezialprobleme,7,Die Studierenden können ihre Lösungen/Methodenauswahl in Diskussionen sachlich argumentativ vertreten und auf Fragen Ihrer Mitstudierenden antworten.
Wirtschaftsingenieurwesen (B.Sc.),TH Mittelhessen,1089,Logistische Spezialprobleme,8,Die Studierenden können ihren Lernfortschritt reflektieren und ggf. ihr Lernverhalten anpassen.
Wirtschaftsingenieurwesen (B.Sc.),TH Mittelhessen,1093,Digitales Produktdesign,1,"Die Studierenden können das allgemeine Vorgehen bei der Erstellung von Bauteilen in 3D-Cad Systemen beschreiben,"
Wirtschaftsingenieurwesen (B.Sc.),TH Mittelhessen,1093,Digitales Produktdesign,2,"zweidimensionale Skizzen erstellen,"
Wirtschaftsingenieurwesen (B.Sc.),TH Mittelhessen,1093,Digitales Produktdesign,3,"Verfahren zur Erzeugung von dreidimensionalen Körpern (Extrusion, Rotation etc.) anwenden,"
Wirtschaftsingenieurwesen (B.Sc.),TH Mittelhessen,1093,Digitales Produktdesign,4,"Features (Bohrungen, Feature – Muster etc.) zu Körpern hinzufügen,"
Wirtschaftsingenieurwesen (B.Sc.),TH Mittelhessen,1093,Digitales Produktdesign,5,"Bauteile mittleren bis hohen Schwierigkeitsgrades erzeugen,"
Wirtschaftsingenieurwesen (B.Sc.),TH Mittelhessen,1093,Digitales Produktdesign,6,"Bauteile zu einer Baugruppe zusammenbauen,"
Wirtschaftsingenieurwesen (B.Sc.),TH Mittelhessen,1093,Digitales Produktdesign,7,"die unterschiedlichen Vorgehensweisen zur Erzeugung von Bauteilen auf ihre Effektivität hin beurteilen,"
Wirtschaftsingenieurwesen (B.Sc.),TH Mittelhessen,1093,Digitales Produktdesign,8,"Fertigungszeichnungen von Bauteilen und Baugruppen inkl. der notwendigen Stücklisten erstellen,"
Wirtschaftsingenieurwesen (B.Sc.),TH Mittelhessen,1093,Digitales Produktdesign,9,"Die Studierenden können verschiedene Methoden zur Erstellung von Bauteilen und Baugruppen anwenden und den jeweils besten Weg für den speziellen Anwendungsfall den sie gerade bearbeiten werden wählen,"
Wirtschaftsingenieurwesen (B.Sc.),TH Mittelhessen,1093,Digitales Produktdesign,10,richtig und damit nach gängigen Normen Zeichnungen von Bauteilen und Baugruppen ableiten
Wirtschaftsingenieurwesen (B.Sc.),TH Mittelhessen,1093,Digitales Produktdesign,11,fertigungsgerecht konstruieren
Wirtschaftsingenieurwesen (B.Sc.),TH Mittelhessen,1093,Digitales Produktdesign,12,"Zeichnungen so anfertigen, dass diese für alle verständlich sind,"
Wirtschaftsingenieurwesen (B.Sc.),TH Mittelhessen,1093,Digitales Produktdesign,13,"3D Baugruppen mit Bewegungen in Form von kurzen Filmen darstellen,"
Wirtschaftsingenieurwesen (B.Sc.),TH Mittelhessen,1093,Digitales Produktdesign,14,Die Studierenden können anhand digitaler Modelle Sachverhalte erklären.
Wirtschaftsingenieurwesen (B.Sc.),TH Mittelhessen,1093,Digitales Produktdesign,15,"Die Studierenden können sich abstrakte Systeme besser vorstellen,"
Wirtschaftsingenieurwesen (B.Sc.),TH Mittelhessen,1093,Digitales Produktdesign,16,"selbstständig ein komplexes System in Form einer 3D Baugruppe und Zeichnung fertigungsgerecht darstellen,"
Wirtschaftsingenieurwesen (B.Sc.),TH Mittelhessen,1093,Digitales Produktdesign,17,schnell komplexe Systeme in 3D abbilden.
Wirtschaftsingenieurwesen (B.Sc.),TH Mittelhessen,1095,Anwendungsbezogenes Operations Research,1,"Die Studierenden können verschiedene Bereiche des Operations Research erklären,"
Wirtschaftsingenieurwesen (B.Sc.),TH Mittelhessen,1095,Anwendungsbezogenes Operations Research,2,"Einsatzmöglichkeiten des Operations Research in der Praxis erkennen,"
Wirtschaftsingenieurwesen (B.Sc.),TH Mittelhessen,1095,Anwendungsbezogenes Operations Research,3,"spieltheoretische Konzepte erklären, vergleichen und beurteilen,"
Wirtschaftsingenieurwesen (B.Sc.),TH Mittelhessen,1095,Anwendungsbezogenes Operations Research,4,"die Notwendigkeit der Ganzzahligkeit bei LP erkennen und erklären,"
Wirtschaftsingenieurwesen (B.Sc.),TH Mittelhessen,1095,Anwendungsbezogenes Operations Research,5,"Einsatzmöglichkeiten der Dynamischen Programmierung und der Warteschlangentheorie und der Simulation erkennen und beurteilen,"
Wirtschaftsingenieurwesen (B.Sc.),TH Mittelhessen,1095,Anwendungsbezogenes Operations Research,6,"verschiedene Verfahren von OR, Statistik und Logistischen Spezialproblemen erkennen und mit Hilfe von Anwendungsprogrammen am PC lösen und interpretieren."
Wirtschaftsingenieurwesen (B.Sc.),TH Mittelhessen,1095,Anwendungsbezogenes Operations Research,7,"Die Studierenden können betriebswirtschaftliche Probleme/Aufgaben und logistische Spezialprobleme mit Hilfe von Verfahren des OR modellieren, lösen und die Ergebnisse beurteilen,"
Wirtschaftsingenieurwesen (B.Sc.),TH Mittelhessen,1095,Anwendungsbezogenes Operations Research,8,betriebswirtschaftliche Probleme/Aufgaben und logistische Spezialprobleme mit Hilfe von spezieller Software am PC modellieren und lösen.
Wirtschaftsingenieurwesen (B.Sc.),TH Mittelhessen,1095,Anwendungsbezogenes Operations Research,9,Die Studierenden können alleine und kooperativ in Gruppen ihre Ergebnisse argumentativ sachlich vertreten und auf Fragen ihrer Mitstudierenden eingehen.
Wirtschaftsingenieurwesen (B.Sc.),TH Mittelhessen,1095,Anwendungsbezogenes Operations Research,10,Die Studierenden können ihren Lernfortschritt reflektieren und ggf. ihr Lernverhalten anpassen.
Wirtschaftsingenieurwesen (B.Sc.),TH Mittelhessen,1091,Fallstudie,1,"Probleme nicht mehr als eine Summe von Einzelheiten betrachten, sondern vielmehr im Ganzen des jeweiligen Themenkontextes sowie deren Auswirkungen auf andere Bereiche richtig verstehen, deuten und einschätzen."
Wirtschaftsingenieurwesen (B.Sc.),TH Mittelhessen,1091,Fallstudie,2,"Die Studierenden können die Vorgehensweise zur Lösung von ganzheitlichen Problemstellungen illustrieren,"
Wirtschaftsingenieurwesen (B.Sc.),TH Mittelhessen,1091,Fallstudie,3,"interdisziplinare Analysen von ausgewählten interdisziplinären Problemstellungen vorbereiten, durchführen und verifizieren"
Wirtschaftsingenieurwesen (B.Sc.),TH Mittelhessen,1091,Fallstudie,4,"die Anwendung verschiedener Grundsätze, Theorien und Erfahrungen auf die jeweilige Problemstellung vornehmen, mittels derer ein intuitives Handeln eingeleitet wird."
Wirtschaftsingenieurwesen (B.Sc.),TH Mittelhessen,1091,Fallstudie,5,"Problemstellungen im Team lösen und am Ende der Problemlösung das Vorgehen und die Resultate kritisch bewerten,"
Wirtschaftsingenieurwesen (B.Sc.),TH Mittelhessen,1091,Fallstudie,6,Die Studierenden können in Diskussionen den eigenen Standpunkt argumentativ und sachlich darstellen.
Wirtschaftsingenieurwesen (B.Sc.),TH Mittelhessen,1091,Fallstudie,7,"Die Studierenden können eigenständig und verantwortlich handeln,"
Wirtschaftsingenieurwesen (B.Sc.),TH Mittelhessen,1091,Fallstudie,8,"ihr eigenes Handeln und das der anderen Teamplayer reflektieren,"
Wirtschaftsingenieurwesen (B.Sc.),TH Mittelhessen,1091,Fallstudie,9,die eigene Handlungsfähigkeit weiterentwickeln.
Wirtschaftsingenieurwesen (B.Sc.),TH Mittelhessen,1131,Elektrotechnik,1,"Die Studierenden können das Verhalten grundlegender Bauteile und Verfahren der Elektrotechnik erklären,"
Wirtschaftsingenieurwesen (B.Sc.),TH Mittelhessen,1131,Elektrotechnik,2,"einfache elektrische Schaltkreise aufbauen,"
Wirtschaftsingenieurwesen (B.Sc.),TH Mittelhessen,1131,Elektrotechnik,3,"die Einsatzmöglichkeiten einer speicherprogrammierbaren Steuerung erkennen,"
Wirtschaftsingenieurwesen (B.Sc.),TH Mittelhessen,1131,Elektrotechnik,4,"Grundschaltungen skizzieren und mathematisch lösen,"
Wirtschaftsingenieurwesen (B.Sc.),TH Mittelhessen,1131,Elektrotechnik,5,"Die Studierenden können wesentliche elektrische Größen durch Messungen ermitteln,"
Wirtschaftsingenieurwesen (B.Sc.),TH Mittelhessen,1131,Elektrotechnik,6,"die gelernten Grundlagen zu neuen Schaltungen oder Programmierungen kombinieren,"
Wirtschaftsingenieurwesen (B.Sc.),TH Mittelhessen,1131,Elektrotechnik,7,einfache elektrische Schaltungen aufbauen und verdrahten.
Wirtschaftsingenieurwesen (B.Sc.),TH Mittelhessen,1131,Elektrotechnik,8,"vertiefen in Gruppenübungen das Arbeiten im Team mit den zugehörigen Kommunikationsprozessen,"
Wirtschaftsingenieurwesen (B.Sc.),TH Mittelhessen,1131,Elektrotechnik,9,können ihre Meinung deutlich vertreten.
Wirtschaftsingenieurwesen (B.Sc.),TH Mittelhessen,1131,Elektrotechnik,10,"erlangen die Fähigkeit, neue Ideen und Lösungen zu entwickeln,"
Wirtschaftsingenieurwesen (B.Sc.),TH Mittelhessen,1131,Elektrotechnik,11,arbeiten effizient auf ein Ziel hin.
Wirtschaftsingenieurwesen (B.Sc.),TH Mittelhessen,1132,Informatik,1,"Die Studierenden können das Grundverständnis für Datenverarbeitung erklären,"
Wirtschaftsingenieurwesen (B.Sc.),TH Mittelhessen,1132,Informatik,2,"die Möglichkeiten und Grenzen der Informationsverarbeitung bewerten,"
Wirtschaftsingenieurwesen (B.Sc.),TH Mittelhessen,1132,Informatik,3,"Einsatzmöglichkeiten, Chancen und Risiken moderner Informationstechnologien einschätzen und neue Trends erkennen."
Wirtschaftsingenieurwesen (B.Sc.),TH Mittelhessen,1132,Informatik,4,Die Studierenden können die Grundprinzipien für das Programmieren anwenden.
Wirtschaftsingenieurwesen (B.Sc.),TH Mittelhessen,1132,Informatik,5,"nehmen aktiv am Lernen teil,"
Wirtschaftsingenieurwesen (B.Sc.),TH Mittelhessen,1132,Informatik,6,stellen ihre Standpunkte und Interessen sachlich dar.
Wirtschaftsingenieurwesen (B.Sc.),TH Mittelhessen,1132,Informatik,7,"Die Studierenden können eigene Wissenslücken erkennen und schließen,"
Wirtschaftsingenieurwesen (B.Sc.),TH Mittelhessen,1132,Informatik,8,ihren Lernfortschritt reflektieren.
Wirtschaftsingenieurwesen (B.Sc.),TH Mittelhessen,1183,Energietechnik,1,"durchdringen anwendungsbezogene Fragestellungen aus der Energietechnik analytisch,"
Wirtschaftsingenieurwesen (B.Sc.),TH Mittelhessen,1183,Energietechnik,2,kennen die Eigenschaften von realen Fluiden und von Fluidgemischen.
Wirtschaftsingenieurwesen (B.Sc.),TH Mittelhessen,1183,Energietechnik,3,"ermitteln die energietechnischen Parameter, stellen die zwischen diesen Größen vorliegenden Zusammenhänge dar und lösen praktische Aufgaben systematisch,"
Wirtschaftsingenieurwesen (B.Sc.),TH Mittelhessen,1183,Energietechnik,4,"bestimmen und bewerten die Effizienz von Energiewandlungsanlagen auf der Basis von Wirkungsgraden und Umwandlungsverlusten,"
Wirtschaftsingenieurwesen (B.Sc.),TH Mittelhessen,1183,Energietechnik,5,berechnen das Zustandsverhalten von feuchter Luft z.B. in den Komponenten von Klimaanlagen.
Wirtschaftsingenieurwesen (B.Sc.),TH Mittelhessen,1183,Energietechnik,6,"Die Studierenden können sich sachkompetent an Diskussionen über Energiefragen beteiligen,"
Wirtschaftsingenieurwesen (B.Sc.),TH Mittelhessen,1183,Energietechnik,7,"in Gruppen kooperativ und effektiv Lösungen für Problemstellungen entwickeln,"
Wirtschaftsingenieurwesen (B.Sc.),TH Mittelhessen,1183,Energietechnik,8,ihren Standpunkt in Diskussionen argumentativ sachlich vertreten.
Wirtschaftsingenieurwesen (B.Sc.),TH Mittelhessen,1183,Energietechnik,9,"Die Studierenden können an Lösungen über Energiefragen mitwirken und die erzielten Ergebnisse beurteilen,"
Wirtschaftsingenieurwesen (B.Sc.),TH Mittelhessen,1183,Energietechnik,10,"ihre persönlichen Ressourcen reflektieren und Ziele für die eigene Entwicklung definieren,"
Wirtschaftsingenieurwesen (B.Sc.),TH Mittelhessen,1183,Energietechnik,11,"ihren Lernprozess den individuellen Ressourcen entsprechend sinnvoll planen und strukturieren,"
Wirtschaftsingenieurwesen (B.Sc.),TH Mittelhessen,1183,Energietechnik,12,ihren Lernfortschritt reflektieren und ihr Lernverhalten ggf. anpassen.
Soziale Arbeit (B.A.),Universität Kassel,Modul 1.1,Einführung in das Studium der Sozialen Arbeit I,1,Die Studierenden verstehen die Grundlagen wissenschaftlichen Denkens und Arbeitens.
Soziale Arbeit (B.A.),Universität Kassel,Modul 1.1,Einführung in das Studium der Sozialen Arbeit I,2,Sie haben einen Überblick über die Bezugsdisziplinen der Sozialen Arbeit.
Soziale Arbeit (B.A.),Universität Kassel,Modul 1.1,Einführung in das Studium der Sozialen Arbeit I,3,"Die Studierenden verstehen die Arbeitsfelder und Organisationen der Sozialen Arbeit vor dem Hintergrund ihrer historischen Entwicklung und erkennen die Zusammenhänge zwischen den Feldern und Organisationsformen im Kontext von Ökonomie, (Sozial-)Politik, historischen und aktuellen Diskursen."
Soziale Arbeit (B.A.),Universität Kassel,Modul 1.2,Einführung in das Studium der Sozialen Arbeit II,1,Die Studierenden beherrschen die Grundfertigkeiten wissenschaftlichen Arbeitens.
Soziale Arbeit (B.A.),Universität Kassel,Modul 2,Theorien und Geschichte der Sozialen Arbeit,1,Die Studierenden verfügen über Kenntnisse zu den Grundzügen der Fachgeschichte der Sozialen Arbeit in Profession und Disziplin der Sozialen Arbeit.
Soziale Arbeit (B.A.),Universität Kassel,Modul 2,Theorien und Geschichte der Sozialen Arbeit,2,"Sie wissen um die theoretischen Grundprobleme, zentralen Aufgaben und Problemstellungen, Inhalte und Strukturen der Sozialen Arbeit."
Soziale Arbeit (B.A.),Universität Kassel,Modul 2,Theorien und Geschichte der Sozialen Arbeit,3,"Sie kennen die Relevanz einer theoretischen Grundlegung der Sozialen Arbeit für die Konzeptualisierung und Realisierung einer kritischen, dem gesellschaftlichen Auftrag angemessenen Praxis."
Soziale Arbeit (B.A.),Universität Kassel,Modul 3,Erziehungswissenschaftliche und psychologische Grundlagen der,1,"Die Studierenden kennen Geschichte, Begriffe und Ansätze pädagogischen Denkens und ihre Relevanz in unterschiedlichen Handlungsfeldern."
Soziale Arbeit (B.A.),Universität Kassel,Modul 3,Erziehungswissenschaftliche und psychologische Grundlagen der,2,"Sie verfügen über Kenntnisse zu Theorien und empirische Befunde, die das Erleben, Denken und Verhalten von Menschen in unterschiedlichen Altersstufen erklären."
Soziale Arbeit (B.A.),Universität Kassel,Modul 3,Erziehungswissenschaftliche und psychologische Grundlagen der,3,Sie verstehen die disziplinären Grundlagen der Erziehungswissenschaften und der Psychologie in der Sozialen Arbeit
Soziale Arbeit (B.A.),Universität Kassel,Modul 4,Soziologische und sozialpolitische Grundlagen der Sozialen Arbeit,1,"Die Studierenden verfügen über Kenntnisse zum Funktionieren von Gesellschaften und sozialen Beziehungen sowie über die Wirkungsweise von sozialpolitischen Institutionen bzw. Regulierungen, einschließlich deren Wirkung auf die Lebensbedingungen der Individuen."
Soziale Arbeit (B.A.),Universität Kassel,Modul 4,Soziologische und sozialpolitische Grundlagen der Sozialen Arbeit,2,Sie kennen die Merkmale der mit Sozialer Arbeit und ihren Rahmenbedingungen befassten Organisationen.
Soziale Arbeit (B.A.),Universität Kassel,Modul 4,Soziologische und sozialpolitische Grundlagen der Sozialen Arbeit,3,Sie sind – themenübergreifend – mit Struktur und Entwicklung sozialer Ungleichheiten vertraut.
Soziale Arbeit (B.A.),Universität Kassel,Modul 5.1,Rechtliche Grundlagen der Sozialen Arbeit I,1,Die Studierenden verfügen über Kenntnisse zum rechtlichen Rahmen und den rechtlichen Voraussetzungen in zentralen Handlungsfeldern der Sozialen Arbeit.
Soziale Arbeit (B.A.),Universität Kassel,Modul 5.2,Rechtliche Grundlagen der Sozialen Arbeit II,1,Die Studierenden verfügen über vertiefte Kenntnisse zum rechtlichen Rahmen und den rechtlichen Voraussetzungen in zentralen Handlungsfeldern der Sozialen Arbeit und über Techniken zum Umgang mit Rechtsfragen.
Soziale Arbeit (B.A.),Universität Kassel,Modul 6.1,Empirische Zugänge zu Praxisfeldern der Sozialen Arbeit I,1,Die Studierenden verfügen über Kenntnisse in einer breiten Spanne unterschiedlicher empirischer Forschungsansätze und den dazugehörenden qualitativen sowie quantitativen Forschungsmethoden und -methodologien.
Soziale Arbeit (B.A.),Universität Kassel,Modul 6.1,Empirische Zugänge zu Praxisfeldern der Sozialen Arbeit I,2,"Sie sind dazu in der Lage, die jeweiligen Vor- und Nachteile kritisch gegenüberzustellen."
Soziale Arbeit (B.A.),Universität Kassel,Modul 6.2a,Empirische Zugänge zu Praxisfeldern der Sozialen Arbeit II: Option Forschung,1,Die Teilnehmenden beherrschen ausgewählte Forschungsmethoden.
Soziale Arbeit (B.A.),Universität Kassel,Modul 6.2a,Empirische Zugänge zu Praxisfeldern der Sozialen Arbeit II: Option Forschung,2,Sie können für ein gegebenes Erkenntnisinteresse das geeignete Vorgehen eigenständig auswählen und umsetzen.
Soziale Arbeit (B.A.),Universität Kassel,Modul 6.2b,Empirische Zugänge zu Praxisfeldern der Sozialen Arbeit II: Option Anwendung & Kritik,1,Die Teilnehmenden beherrschen ausgewählte Forschungsmethoden.
Soziale Arbeit (B.A.),Universität Kassel,Modul 6.2b,Empirische Zugänge zu Praxisfeldern der Sozialen Arbeit II: Option Anwendung & Kritik,2,Sie können für ein gegebenes Erkenntnisinteresse das geeignete Vorgehen eigenständig auswählen und umsetzen.
Soziale Arbeit (B.A.),Universität Kassel,Modul 7.1,"Professionalität, Handlungskonzepte und -methoden der Sozialen Arbeit I",1,Die Studierenden haben ein Verständnis von Professionalität entwickelt.
Soziale Arbeit (B.A.),Universität Kassel,Modul 7.1,"Professionalität, Handlungskonzepte und -methoden der Sozialen Arbeit I",2,"Sie kennen für die Soziale Arbeit relevante Handlungskonzepte und die entsprechenden Methoden, auch aus internationaler Perspektive, und wissen, wie diese in unterschiedlichen Kontexten der Sozialen Arbeit angewandt werden."
Soziale Arbeit (B.A.),Universität Kassel,Modul 7.2a,"Professionalität, Handlungskonzepte und -methoden der Sozialen Arbeit II: Vertiefung der Grundlagen",1,Auf Modul 7.1 aufbauend haben die Studierenden in den unterschiedlichen Seminaren breite handlungsmethodische Grundlagen über diverse Kontexte und Settings der Sozialen Arbeit erworben.
Soziale Arbeit (B.A.),Universität Kassel,Modul 7.2a,"Professionalität, Handlungskonzepte und -methoden der Sozialen Arbeit II: Vertiefung der Grundlagen",2,Die Studierenden verfügen dadurch über ein vertieftes Verständnis von Professionalität und professionellen Kompetenzen sowie über entsprechendes anwendungsbezogenes Wissen.
Soziale Arbeit (B.A.),Universität Kassel,Modul 7.2b,"Professionalität, Handlungskonzepte und -methoden der Sozialen Arbeit II: Theorie-Praxis-Projektstudium",1,"Aufbauend auf Modul 7.1. können Studierende durch die Einbindung in ein Theorie-Praxis Projekt, Theorien und Handlungskonzepte der Sozialen Arbeit identifizieren und an ihrer methodischen Anwendung gezielt mitwirken."
Soziale Arbeit (B.A.),Universität Kassel,Modul 7.2b,"Professionalität, Handlungskonzepte und -methoden der Sozialen Arbeit II: Theorie-Praxis-Projektstudium",2,Die Studierenden haben dadurch ein vertieftes Verständnis von Professionalität und professionellen Kompetenzen entwickelt.
Soziale Arbeit (B.A.),Universität Kassel,Modul 8,Arbeitsfelder der Sozialen Arbeit,1,"Die Studierenden vertiefen in diesem Modul Themen und Fragestellungen, zu denen sie zuvor im Modul 2 sowie in den einführenden, arbeitsfeldbezogenen Vorlesungen des Moduls 1 Kenntnisse erwarben, empirie- und theoriebezogen."
Soziale Arbeit (B.A.),Universität Kassel,Modul 8,Arbeitsfelder der Sozialen Arbeit,2,Option A: Schwerpunkt „Konzeptionelle Grundlagen sozialer Interventionen“ in den Feldern Sozialer Arbeit
Soziale Arbeit (B.A.),Universität Kassel,Modul 8,Arbeitsfelder der Sozialen Arbeit,3,"Die Studierenden verfügen über Kenntnisse darüber, mit welchen Konzepten soziale und gesundheitsbezogene Hilfen und Prozesse der Bildung und Erziehung in den Arbeitsfeldern Sozialer Arbeit gestaltet werden können."
Soziale Arbeit (B.A.),Universität Kassel,Modul 8,Arbeitsfelder der Sozialen Arbeit,4,Sie können typische Interventionen in einen gesellschaftlichen und rechtlichen Kontext stellen und mit Hilfe von Theorien und empirischen Befunden unterschiedlicher Fachdisziplinen kritisch reflektieren.
Soziale Arbeit (B.A.),Universität Kassel,Modul 8,Arbeitsfelder der Sozialen Arbeit,5,Option B: Schwerpunkt „Infrastrukturelle und gesellschaftliche Rahmenbedingungen sozialer Interventionen“ in den Feldern Sozialer Arbeit
Soziale Arbeit (B.A.),Universität Kassel,Modul 8,Arbeitsfelder der Sozialen Arbeit,6,"Die Studierenden verfügen über Kenntnisse darüber, welche organisatorischen, ökonomischen und rechtlichen Rahmenbedingungen und Prozesse politischer Steuerung die sozialen Hilfen allgemein und die Felder Sozialer Arbeit insbesondere strukturieren."
Soziale Arbeit (B.A.),Universität Kassel,Modul 8,Arbeitsfelder der Sozialen Arbeit,7,"Sie wissen, wie diese sich historisch entwickelt haben und welcher gesellschaftlichen und rechtlichen Dynamik sie weiterhin unterliegen."
Soziale Arbeit (B.A.),Universität Kassel,Modul 8,Arbeitsfelder der Sozialen Arbeit,8,Sie können diese Rahmenbedingungen und ihre Dynamik mit Hilfe von Theorien und empirischen Befunden verschiedener Fachdisziplinen kritisch reflektieren und auf Fragen des Managements sozialer Dienste in verschiedenen Arbeitsfeldern beziehen.
Soziale Arbeit (B.A.),Universität Kassel,Modul BPS,Berufspraktische Studien,1,orientieren sich am Qualifikationsrahmen Soziale Arbeit des Fachbereichstages und an den Qualifikationszielen der Bundesarbeitsgemeinschaft der Praxisämter /-referate an Hochschulen für Soziale Arbeit in der Bundesrepublik Deutschland (BAG).
Soziale Arbeit (B.A.),Universität Kassel,Modul BPS,Berufspraktische Studien,2,"Studierende kennen Lebenssituationen, Ressourcen und Handlungsmöglichkeiten von Adressat*innen im Arbeitsfeld ihrer Praxiseinrichtung."
Soziale Arbeit (B.A.),Universität Kassel,Modul BPS,Berufspraktische Studien,3,"Sie können für diese Einrichtung spezifische fachliche Inhalte und Arbeitsformen der Sozialen Arbeit anwenden und reflektieren und eigene Schwerpunktsetzungen und Lernziele für ihr Praktikum in Kooperation mit den Praxisanleiter*innen entwickeln Studierende können angemessene Theorie-Praxis-Relationierungen vornehmen und Soziale Praxis fachlich reflektiert verbal und schriftlich beschreiben Schlüsselkompetenzen (2c): Persönliche und Sozialkompetenzen (Kommunikation, Konflikt- und Kritikfähigkeit, Empathie- und Teamfähigkeit, interkulturelle Kompetenzen), Organisations- und Methodenkompetenzen (Selbst- und Zeitmanagement, Institutions-, Verwaltungs- und Systemkenntnisse)"
Soziale Arbeit (B.A.),Universität Kassel,Modul S,Schlüsselkompetenzen,1,"Die Studierenden verfügen über fächerübergreifende, methodische, soziale, persönliche und interkulturelle Kompetenzen, die von Absolvent_innen eines BA-Studiums zur Ausübung einer Berufstätigkeit erwartet werden."
Soziale Arbeit (B.A.),Universität Kassel,Modul BA,Abschlussmodul Bachelorarbeit,1,Die Studierenden können für die Soziale Arbeit relevante Lebenslagen und/oder Problemstellungen in eine präzise Frage fassen und diese Fragestellung mit angemessenen wissenschaftlichen Mitteln bearbeiten und diskutieren.
Informatik (B.Sc.),TU Darmstadt,1.1.1. Erfolgre,1.1.1. Erfolgreich ins Informatik-Studium starten (eiiss),1,"Die Veranstaltung zielt darauf ab, dass die Studierenden ihr Studium selbstorganisiert strukturieren und planen, sodass sie zielorientiert studieren."
Informatik (B.Sc.),TU Darmstadt,1.1.1. Erfolgre,1.1.1. Erfolgreich ins Informatik-Studium starten (eiiss),2,Die Studierenden sind am Ende des Moduls in der Lage die Grundstruktur des Studiums zu erkennen sowie die Anforderungen der Studienfächer abzuschätzen und dementsprechend ihr Studium zu optimieren.
Informatik (B.Sc.),TU Darmstadt,1.1.1. Erfolgre,1.1.1. Erfolgreich ins Informatik-Studium starten (eiiss),3,Weiterhin sind sie in der Lage verschiedene Vorgehensweisen beim Lernen an der Universität zu reflektieren und auf ihr eigenes Lernverhalten zu übertragen.
Informatik (B.Sc.),TU Darmstadt,Arbeitsaufwand,Funktionale und objektorientierte Programmierkonzepte,1,Nach erfolgreichem Abschluss der Veranstaltung sind Studierende mit den Grundlagen von funktionalen und objektorientierten Programmiersprachen vertraut und die Studierenden können die folgenden Aufgaben bewältigen:
Informatik (B.Sc.),TU Darmstadt,Arbeitsaufwand,Funktionale und objektorientierte Programmierkonzepte,2,einfache Programmieraufgaben mit Hilfe von funktionalen und/oder objektorientierten Programmiersprachen systematisch lösen;
Informatik (B.Sc.),TU Darmstadt,Arbeitsaufwand,Funktionale und objektorientierte Programmierkonzepte,3,Qualitätssicherung mittels einfacher (Unit-) Tests durchführen
Informatik (B.Sc.),TU Darmstadt,Arbeitsaufwand,Funktionale und objektorientierte Programmierkonzepte,4,Sourcecode grundlegend unter Zuhilfenahme von Standardwerkzeugen dokumentieren.
Informatik (B.Sc.),TU Darmstadt,Arbeitsaufwand,Digitaltechnik,1,Studierende verstehen nach erfolgreichem Besuch der Veranstaltung die Konzepte und Grundelemente der digitalen Logik sowie ihre technologische Realisierung.
Informatik (B.Sc.),TU Darmstadt,Arbeitsaufwand,Digitaltechnik,2,"Sie können diese Kenntnisse selbständig anwenden, um zielgerichtet kombinatorische und sequentielle Schaltungen zu konstruieren und in einer Hardware-Beschreibungssprache zu implementieren."
Informatik (B.Sc.),TU Darmstadt,Arbeitsaufwand,Digitaltechnik,3,Sie können digitale Schaltungen bezüglich funktionaler und nichtfunktionaler Eigenschaften analysieren.
Informatik (B.Sc.),TU Darmstadt,"Automaten, form","Automaten, formale Sprachen und Entscheidbarkeit",1,"Die Studierenden lernen elementare Techniken und Methoden der diskreten Mathematik im Umfeld von formalen Sprachen und Automaten kennen und anzuwenden; sie lernen, endliche Automaten als Beispiel eines fundamentalen Berechnungsmodells operational und semantisch zu interpretieren und zu analysieren."
Informatik (B.Sc.),TU Darmstadt,"Automaten, form","Automaten, formale Sprachen und Entscheidbarkeit",2,"Sie verfügen über die notwendigen Grundkenntnisse, Grammatiken und formale Sprachen im Rahmen der Chomsky-Hierarchie und zugehöriger Berechnungsmodelle einzuordnen und zu analysieren."
Informatik (B.Sc.),TU Darmstadt,Arbeitsaufwand,Algorithmen und Datenstrukturen,1,"In dieser Veranstaltung lernen Studierende grundlegende Datenstrukturen und Algorithmen sowie die Komplexitätsklassen P, NP und NPC kennen."
Informatik (B.Sc.),TU Darmstadt,Arbeitsaufwand,Algorithmen und Datenstrukturen,2,"Sie erwerben die Fähigkeiten, die Grundprinzipien der Algorithmik anzuwenden und asymptotische Komplexität einzuschätzen und zu bestimmen."
Informatik (B.Sc.),TU Darmstadt,Arbeitsaufwand,Algorithmen und Datenstrukturen,3,Außerdem verstehen sie bedeutende algorithmische Strategien und können diese anwenden.
Informatik (B.Sc.),TU Darmstadt,Arbeitsaufwand,Rechnerorganisation,1,Studierende verstehen nach erfolgreichem Besuch der Veranstaltung die Grundkonzepte der maschinennahen Programmierung in Assembler und können zielgerichtet auf dieser Ebene Algorithmen implementieren.
Informatik (B.Sc.),TU Darmstadt,Arbeitsaufwand,Rechnerorganisation,2,"Sie sind vertraut mit verschiedenen Techniken, um selbständig Prozessorarchitekturen als Mikroarchitekturen in digitaler Logik zu realisieren."
Informatik (B.Sc.),TU Darmstadt,Arbeitsaufwand,Rechnerorganisation,3,Sie verstehen den Aufbau und die Funktion von Speicher- und Ein-/Ausgabesystemen und kennen die Grundlagen verschiedener Standardschnitsttellen.
Informatik (B.Sc.),TU Darmstadt,Arbeitsaufwand,Rechnerorganisation,4,Sie können die Qualität der Realisierungen in verschiedenen Gütemaßen bewerten.
Informatik (B.Sc.),TU Darmstadt,Aussagenlogik u,Aussagenlogik und Prädikatenlogik,1,Die Studierenden werden mit Inhalten und Methoden der mathematischen Logik und ihrer Rolle in der Informatik vertraut gemacht.
Informatik (B.Sc.),TU Darmstadt,Aussagenlogik u,Aussagenlogik und Prädikatenlogik,2,"Sie lernen die grundlegenden Begriffe und Resultate der Logik, insbesondere der Logik erster Stufe, kennen und anzuwenden."
Informatik (B.Sc.),TU Darmstadt,Aussagenlogik u,Aussagenlogik und Prädikatenlogik,3,"Sie beherrschen die grundsätzlichen mathematischen Methoden in der Behandlung von Syntax, Semantik und formalen Beweisen, sowie die Diskussion einfacher modelltheoretischer und algorithmischer Aspekte der behandelten logischen Systeme"
Informatik (B.Sc.),TU Darmstadt,Arbeitsaufwand,Software Engineering,1,"Nach dem erfolgreichen Abschluss der Veranstaltung sind die Studierenden in der Lage folgende Aufgaben zu bewältigen:      Die wesentlichen Bereiche des Software Engineering zu benennen und im Kontext eines Softwareentwicklungsprojekts einzuordnen Durchführung einer Anforderungsanalyse Qualitätssicherung durch Verifikationstechniken beherrschen Modellierung, Entwurf und Implementierung objektorientierter Systeme mit Hilfe grundlegender Entwurfsmuster Fähigkeit einen Entwurf kritisch zu bewerten und gegebenenfalls zu verbessern Voraussetzung für die Teilnahme Empfohlen: Der vorherige Besuch von „Funktionale und objektorientierte Programmierkonzepte“ und „Algorithmen und Datenstrukturen“ oder vergleichbaren Veranstaltungen"
Informatik (B.Sc.),TU Darmstadt,Computersystems,Computersystemsicherheit,1,"Studierende kennen nach erfolgreichem Besuch der Veranstaltung die wichtigsten Konzepte, Methoden und Modelle im Bereich der Kryptographie und der IT-Sicherheit."
Informatik (B.Sc.),TU Darmstadt,Computersystems,Computersystemsicherheit,2,"Sie verstehen die wichtigsten Methoden, um Software- und Hardwaresysteme gegen Angriffe abzusichern und können diese auf konkrete Szenarien anwenden."
Informatik (B.Sc.),TU Darmstadt,Arbeitsaufwand,Probabilistische Methoden der Informatik,1,Studierende kennen nach erfolgreichem Besuch der Veranstaltung die grundlegenden probabilistischen Fragestellungen in den Kerngebieten der Informatik.
Informatik (B.Sc.),TU Darmstadt,Arbeitsaufwand,Probabilistische Methoden der Informatik,2,"Sie können probabilistische Methoden selbständig in Informatikproblemen zur Analyse und Synthese von Algorithmen, Software, Hardware, Informatik-Anwendungen, Data Science und in der künstlichen Intelligenz selbständig anwenden und in einer geeigneten Programmiersprache implementieren."
Informatik (B.Sc.),TU Darmstadt,Arbeitsaufwand,"Modellierung, Spezifikation und Semantik",1,"Nach erfolgreicher Teilnahme an der Veranstaltung kennen Studierende grundlegende Konzepte und Methoden aus den Bereichen Modellierung, Spezifikation und Semantik."
Informatik (B.Sc.),TU Darmstadt,Arbeitsaufwand,"Modellierung, Spezifikation und Semantik",2,Sie können Prädikatenlogik und algebraische Konzepte zur Präzisierung von informell gegebenen Sachverhalten verwenden und die Angemessenheit formaler Modelle von Systemen beurteilen.
Informatik (B.Sc.),TU Darmstadt,Arbeitsaufwand,"Modellierung, Spezifikation und Semantik",3,"Sie können diskrete Modelle schrittweise erstellen, mit den dabei notwendigen Entwurfsentscheidungen umgehen und während der formalen Modellierung als Hilfestellung auch informelle Notationen und Graphiken sinnvoll einsetzen."
Informatik (B.Sc.),TU Darmstadt,Arbeitsaufwand,"Modellierung, Spezifikation und Semantik",4,"Sie kennen eine Auswahl relevanter, formaler Spezifikationssprachen und können mindestens eine solche Sprache einsetzen."
Informatik (B.Sc.),TU Darmstadt,Arbeitsaufwand,"Modellierung, Spezifikation und Semantik",5,Sie verstehen die Trennung zwischen Syntax und Semantik formaler Sprachen und können sowohl Aussagen über konkrete Programme und Spezifikationen als auch einfache Metaaussagen über Programmier- und Spezifikationssprachen beweisen.
Informatik (B.Sc.),TU Darmstadt,Arbeitsaufwand,"Modellierung, Spezifikation und Semantik",6,Sie können Systemanforderungen denotationell formalisieren und die Angemessenheit solcher Formalisierungen beurteilen.
Informatik (B.Sc.),TU Darmstadt,Arbeitsaufwand,"Modellierung, Spezifikation und Semantik",7,"Voraussetzung für die Teilnahme Empfohlen: Erfolgreiche Teilnahme an den Pflichtveranstaltungen “Automaten, formale Sprachen und Entscheidbarkeit” und “Aussagen- und Prädikatenlogik” bzw. anderweitig erworbene, vergleichbare Kompetenzen in formalen Sprachen, Automaten, Logik und Kalkülen."
Informatik (B.Sc.),TU Darmstadt,Arbeitsaufwand,Informationsmanagement,1,Studierende kennen nach erfolgreichem Besuch der Veranstaltung die Grundlagen des Informationsmanagements und Anwendungen des Informationsmanagements (Betriebliche Informationssysteme aber auch Data Science).
Informatik (B.Sc.),TU Darmstadt,Arbeitsaufwand,Informationsmanagement,2,Sie verstehen Umgang mit strukturierten und unstrukturierten Daten und entsprechenden Verfahren und Ansätzen zur Informationsverarbeitung.
Informatik (B.Sc.),TU Darmstadt,Arbeitsaufwand,Informationsmanagement,3,Ein Ausblick auf weitereführende Themen (z.B. Forschungsdatenmanagement) und aktuelle Trends des Informationsmanagements (z.B. Big Data) wird gegeben.
Informatik (B.Sc.),TU Darmstadt,Arbeitsaufwand,Computernetze und verteilte Systeme,1,Nach Abschluss der Veranstaltung verfügen Studierende über
Informatik (B.Sc.),TU Darmstadt,Arbeitsaufwand,Computernetze und verteilte Systeme,2,"ein Überblickswissen über relevante Bereiche und grundlegende Probleme vernetzter Softwaresysteme,"
Informatik (B.Sc.),TU Darmstadt,Arbeitsaufwand,Computernetze und verteilte Systeme,3,"ein tiefgehendes Verständnis ausgewählter, elementarer Algorithmen, Protokolle und Verfahren, die im Internet eingesetzt werden sowie"
Informatik (B.Sc.),TU Darmstadt,Arbeitsaufwand,Computernetze und verteilte Systeme,4,anwendbares Methodenwissen zu weit verbreiteten Elementen der Modellierung und des Engineerings von vernetzten Softwaresystemen.
Informatik (B.Sc.),TU Darmstadt,Arbeitsaufwand,Parallele Programmierung,1,Nach dem erfolgreichen Besuch der Veranstaltung verstehen Studierende die Grundlagen paralleler Systeme und ihrer sowohl korrekten als auch effizienten Programmierung.
Informatik (B.Sc.),TU Darmstadt,Arbeitsaufwand,Parallele Programmierung,2,Sie können einfache Anwendungen mittels paralleler Programmierung auf ausgewählten Plattformen entwickeln und analysieren.
Informatik (B.Sc.),TU Darmstadt,Arbeitsaufwand,Teamprojekt Softwareentwicklung,1,"Nach erfolgreichem Abschluss des Teamprojektes Softwareentwicklung sind die Studierenden in der Lage, folgende Aufgaben lösen zu können:"
Informatik (B.Sc.),TU Darmstadt,Arbeitsaufwand,Teamprojekt Softwareentwicklung,2,Umsetzung kleinerer Programmierprojekte über einen längeren Zeitraum (~ 6 Monate) in einem kleinen Team (4 bis 5 Personen);
Informatik (B.Sc.),TU Darmstadt,Arbeitsaufwand,Teamprojekt Softwareentwicklung,3,Systematische Organisation und Planung von Softwareprojekten;
Informatik (B.Sc.),TU Darmstadt,Arbeitsaufwand,Teamprojekt Softwareentwicklung,4,Ermittlung und Dokumentation von Projektanforderungen;
Informatik (B.Sc.),TU Darmstadt,Arbeitsaufwand,Teamprojekt Softwareentwicklung,5,"Systematische Durchführung grundlegender, dem Projekt angemessener, Qualitätssicherung;"
Informatik (B.Sc.),TU Darmstadt,Arbeitsaufwand,Teamprojekt Softwareentwicklung,6,"Effektiver Einsatz grundlegender Softwarewerkzeuge (z.B. Testwerkzeuge, Versionskontrollsysteme und Projektplanungswerkzeuge);"
Informatik (B.Sc.),TU Darmstadt,Arbeitsaufwand,Teamprojekt Softwareentwicklung,7,Projektpräsentation für Außenstehende im Rahmen eines kurzen Vortrags sowie Darlegung des Projektstands.
Informatik (B.Sc.),TU Darmstadt,Arbeitsaufwand,Betriebssysteme,1,Studierende erhalten nach erfolgreichem Besuch der Veranstaltung einen Überblick über grundlegende Betriebssystem-Konzepte.
Informatik (B.Sc.),TU Darmstadt,Arbeitsaufwand,Betriebssysteme,2,"Verschiedene Ansätze einzelner BS-Konzepte können von Studierenden diskutiert und ausgewählte Ansätze hinsichtlich variierender technischer Anforderungen - insbesondere Design-Prinzipien, Sicherheit und Performanz analysiert werden."
Informatik (B.Sc.),TU Darmstadt,Arbeitsaufwand,Betriebssysteme,3,Weiterhin verstehen sie Techniken zum Aufbau solcher Systeme.
Informatik (B.Sc.),TU Darmstadt,Arbeitsaufwand,Betriebssysteme,4,"Voraussetzung für die Teilnahme Empfohlen: “Algorithmen und Datenstrukturen”, “Funktionale und objektorientierte Programmierung”, “Rechnerorganisation”"
Informatik (B.Sc.),TU Darmstadt,Arbeitsaufwand,Einführung in den Compilerbau,1,Studierende kennen nach erfolgreichem Besuch der Veranstaltung den Aufbau von Compilern.
Informatik (B.Sc.),TU Darmstadt,Arbeitsaufwand,Einführung in den Compilerbau,2,Sie verstehen formale Konzepte zur Beschreibung von Syntax und Semantik von Programmiersprachen.
Informatik (B.Sc.),TU Darmstadt,Arbeitsaufwand,Einführung in den Compilerbau,3,"Sie können diese Konzepte mit algorithmischen Verfahren kombinieren, um selbständig zu einer spezifizierten Programmiersprache einen passenden Compiler zu implementieren, der die Sprache auf die gewünschte Zielmaschine abbildet."
Informatik (B.Sc.),TU Darmstadt,Arbeitsaufwand,Einführung in den Compilerbau,4,Sie kennen Software-Werkzeuge zur Unterstützung des Compilerbaus und können diese zusammen mit manuellen Techniken bei der Implementierung von Compilern einsetzen.
Informatik (B.Sc.),TU Darmstadt,Arbeitsaufwand,Scientific Computing,1,"Studierende kennen nach erfolgreichem Besuch der Veranstaltung die grundlegenden Schritte zur Entwicklung von ersten Modellen und Simulationen und sind in der Lage, erste Simulationsstudien z.B. in der Robotik durchzuführen."
Informatik (B.Sc.),TU Darmstadt,Arbeitsaufwand,Scientific Computing,2,"Sie kennen die wesentlichen Schritte zum Aufbau solcher Simulationssysteme (Problemspezifikation, Modellbildung und Parameteridentifikation, Modellanalyse, Implementierung und Validierung) und können mit diesen erste Simulationen konstruieren, die gegebene Anforderungen erfüllen."
Informatik (B.Sc.),TU Darmstadt,Arbeitsaufwand,Scientific Computing,3,Hierbei wird die Fähigkeit erlernt für grundlegende Aufgabenstellungen in der Simulation geeignete numerische Verfahren auszuwählen und anzuwenden.
Informatik (B.Sc.),TU Darmstadt,Arbeitsaufwand,Formale Methoden im Softwareentwurf,1,Nach erfolgreichem Besuch der Veranstaltung haben die Studierenden praktisch anwendbare Grundkenntnisse in den beiden wichtigsten Verfahren zur formalen Spezifikation und Verifikation von Software: 1.
Informatik (B.Sc.),TU Darmstadt,Arbeitsaufwand,Formale Methoden im Softwareentwurf,2,Modellprüfung gegen in temporaler Aussagenlogik spezifierte Eigenschaften 2.
Informatik (B.Sc.),TU Darmstadt,Arbeitsaufwand,Formale Methoden im Softwareentwurf,3,Deduktive Verifikation von Methodenkontrakten
Informatik (B.Sc.),TU Darmstadt,Arbeitsaufwand,Visual Computing,1,Nach erfolgreichem Besuch der Veranstaltung beschreiben Studierende die Grundkonzepte sowie grundlegende Modelle und Methoden des Visual Computings.
Informatik (B.Sc.),TU Darmstadt,Arbeitsaufwand,Visual Computing,2,Sie erklären wichtige Verfahren zur Bildsynthese (Computergraphik & Visualisierung) sowie zur Bildanalyse (Computer Vision) und können damit einfache Bildsynthese- und -analyseaufgaben lösen.
Informatik (B.Sc.),TU Darmstadt,Arbeitsaufwand,Computer Vision,1,Studierende beherrschen nach erfolgreichem Besuch der Veranstaltung die Grundlagen der Computer Vision.
Informatik (B.Sc.),TU Darmstadt,Arbeitsaufwand,Computer Vision,2,"Sie verstehen grundlegende Techniken der Bild- und Videoanalyse, und können deren Annahmen und mathematische Formulierungen benennen, sowie die sich ergebenden Algorithmen beschreiben."
Informatik (B.Sc.),TU Darmstadt,Arbeitsaufwand,Computer Vision,3,"Sie sind in der Lage diese Techniken praktisch so umzusetzen, dass sie grundlegende Bildanalyseaufgaben an Hand realistischer Bilddaten lösen können."
Informatik (B.Sc.),TU Darmstadt,Arbeitsaufwand,Statistisches Maschinelles Lernen,1,Die Lehrveranstaltung ist eine systematische Einführung in die Grundlagen und Methodik des statistischen maschinellen Lernens.
Informatik (B.Sc.),TU Darmstadt,Arbeitsaufwand,Statistisches Maschinelles Lernen,2,"Nach erfolgreichen Abschluss der Lehrveranstaltung, verstehen Studierende die wichtigsten Methoden und Ansätze des Statischen Maschinellen Lernens."
Informatik (B.Sc.),TU Darmstadt,Arbeitsaufwand,Statistisches Maschinelles Lernen,3,"Sie können maschinelle Lernverfahren anwenden, um eine Vielzahl neuer Probleme zu lösen."
Informatik (B.Sc.),TU Darmstadt,Arbeitsaufwand,Computer Vision II,1,Studierende haben nach erfolgreichem Besuch der Veranstaltung ein vertieftes Verständnis der Computer Vision.
Informatik (B.Sc.),TU Darmstadt,Arbeitsaufwand,Computer Vision II,2,"Sie formulieren Fragestellungen der Bild- und Videoanalyse als Inferenzprobleme und berücksichtigen dabei Herausforderungen reeller Anwendungen, z.B. im Sinne der Robustheit."
Informatik (B.Sc.),TU Darmstadt,Arbeitsaufwand,Computer Vision II,3,"Sie lösen das Inferenzproblem mittels diskreter oder kontinuierlicher Inferenzalgorithmen, und wenden diese auf realistische Bilddaten an."
Informatik (B.Sc.),TU Darmstadt,Arbeitsaufwand,Computer Vision II,4,Sie evaluieren die anwendungsspezifischen Ergebnisse quantitativ.
Informatik (B.Sc.),TU Darmstadt,Arbeitsaufwand,Probabilistische Graphische Modelle,1,Studierende haben nach erfolgreichem Besuch der Veranstaltung ein vertieftes Verständnis von probabilistischen graphischen Modellen.
Informatik (B.Sc.),TU Darmstadt,Arbeitsaufwand,Probabilistische Graphische Modelle,2,Sie beschreiben und analysieren die Eigenschaften graphischer Modelle und formulieren geeignete Modelle für konkrete Schätzund Lernaufgaben.
Informatik (B.Sc.),TU Darmstadt,Arbeitsaufwand,Probabilistische Graphische Modelle,3,"Sie verstehen Inferenzalgorithmen, beurteilen deren Eignung und gebrauchen diese für graphische Modelle in relevanten Anwendungen."
Informatik (B.Sc.),TU Darmstadt,Arbeitsaufwand,Probabilistische Graphische Modelle,4,"Sie ermitteln weiterhin welche Lernverfahren sich eignen, um die Modellparameter anhand von Beispieldaten zu bestimmen, und wenden diese an."
Informatik (B.Sc.),TU Darmstadt,Arbeitsaufwand,Foundations of Language Technology,1,"Nachdem Studierende die Veranstaltung besucht haben, können sie"
Informatik (B.Sc.),TU Darmstadt,Arbeitsaufwand,Foundations of Language Technology,2,"die grundlegende Terminologie der automatischen Sprachtechnologie definieren,"
Informatik (B.Sc.),TU Darmstadt,Arbeitsaufwand,Foundations of Language Technology,3,"wesentliche Fragestellungen dieses Gebietes benennen und erläutern,"
Informatik (B.Sc.),TU Darmstadt,Arbeitsaufwand,Foundations of Language Technology,4,"einfache Pythonprogramme erklären und selbst implementieren,"
Informatik (B.Sc.),TU Darmstadt,Arbeitsaufwand,Foundations of Language Technology,5,die gelernten Methoden und Techniken auf konkrete Anwendungsszenarien des Textverstehens übertragen sowie
Informatik (B.Sc.),TU Darmstadt,Arbeitsaufwand,Foundations of Language Technology,6,deren Möglichkeiten und Grenzen kritisch beurteilen.
Informatik (B.Sc.),TU Darmstadt,Arbeitsaufwand,Lernende Roboter,1,Nach erfolgreichen Abschluss der Lehrveranstaltung verstehen Studierende die Grundlagen des Maschinellen Lernens und der Robotik.
Informatik (B.Sc.),TU Darmstadt,Arbeitsaufwand,Lernende Roboter,2,"Sie können maschinelle Lernverfahren anwenden um einen Roboter zu befähigen, neue Aufgaben zu erlernen."
Informatik (B.Sc.),TU Darmstadt,Arbeitsaufwand,Lernende Roboter,3,Studierende verstehen die Grundlagen von Reinforcement Learning und können verschiedene Algorithmen anwenden um eine Policy des Roboters aufgrund von Interaktion mit der Umgebung zu erlernen.
Informatik (B.Sc.),TU Darmstadt,Arbeitsaufwand,Lernende Roboter,4,"Sie verstehen den Unterschied zwischen Imitation Learning, Reinforcement Learning, Policy Search und Inverse Reinforcement Learning und können einschätzen, wann sie welchen Ansatz verwenden sollen."
Informatik (B.Sc.),TU Darmstadt,Arbeitsaufwand,Lernende Roboter,5,Sie können diese Ansätze auch problemlos auf geeignete Aufgabenstellungen anwenden.
Informatik (B.Sc.),TU Darmstadt,Arbeitsaufwand,Automatisches Beweisen,1,"Die erfolgreiche Teilnahme an der Lehrveranstaltung versetzt die Studierenden in die Lage, die wichtigsten modernen automatische Beweisverfahren im Detail zu verstehen, ihre Vorund Nachteile zu beurteilen und in der Praxis anzuwenden."
Informatik (B.Sc.),TU Darmstadt,Arbeitsaufwand,Deep Learning für Natural Language Processing,1,"Nachdem Studierende die Veranstaltung abgeschlossen haben, können sie"
Informatik (B.Sc.),TU Darmstadt,Arbeitsaufwand,Deep Learning für Natural Language Processing,2,die grundlegenden Konzepte von neuronalen Netzen und Deep Learning erklären.
Informatik (B.Sc.),TU Darmstadt,Arbeitsaufwand,Deep Learning für Natural Language Processing,3,"Word Embeddings erklären, trainieren und für die Lösung von NLP-Problemen einsetzen."
Informatik (B.Sc.),TU Darmstadt,Arbeitsaufwand,Deep Learning für Natural Language Processing,4,neuronale Netzwerkarchitekturen für NLP-Probleme wie die Klassifizierung von Dokumenten und das Bestimmen linguistischer Sequenzen (z.B. POS-Tagging) und Strukturen (z.B. Chunking) verstehen und beschreiben.
Informatik (B.Sc.),TU Darmstadt,Arbeitsaufwand,Deep Learning für Natural Language Processing,5,neuronale Netzwerke für NLP-Probleme mit Hilfe existierender Bibliotheken in Python implementieren.
Informatik (B.Sc.),TU Darmstadt,Arbeitsaufwand,"Statistical Relational Artificial Intelligence: Logic, Probability, and Computation",1,"Die Lehrveranstaltung ist eine systematische Einführung in die Grundlagen und Methodik des statistisch-relationalen Lernens und Künstlichen Intelligenz: Das Studium und Design von intelligenten Agenten, die in verrauschten Welten agieren, die aus Individuen (Objekte, Dinge) und komplexe Beziehungen zwischen den Individuen bestehen."
Informatik (B.Sc.),TU Darmstadt,Arbeitsaufwand,"Statistical Relational Artificial Intelligence: Logic, Probability, and Computation",2,Nach erfolgreichem Abschluss der Lehrveranstaltung verstehen Studierende die wichtigsten Methoden und Ansätze in der statistisch-relationalen Künstlichen Intelligenz.
Informatik (B.Sc.),TU Darmstadt,Arbeitsaufwand,"Statistical Relational Artificial Intelligence: Logic, Probability, and Computation",3,Sie verstehen die grundlegenden Herausforderungen von relationalen Domänen.
Informatik (B.Sc.),TU Darmstadt,Arbeitsaufwand,"Statistical Relational Artificial Intelligence: Logic, Probability, and Computation",4,"Sie kennen aktuelle Ansätze, um diese Herausforderungen zu lösen."
Informatik (B.Sc.),TU Darmstadt,Arbeitsaufwand,"Statistical Relational Artificial Intelligence: Logic, Probability, and Computation",5,Sie sind außerdem in der Lage ihre Kenntnisse auf aktuelle Probleme anzuwenden.
Informatik (B.Sc.),TU Darmstadt,Arbeitsaufwand,Deep Learning für medizinische Bildgebung,1,"Nach erfolgreichem Abschluss des Kurses sind die Studierenden in der Lage sein, alle Komponenten der Formulierung eines medizinischen Bildanalyseproblems als Problem des Maschinellen Lernens zu verstehen."
Informatik (B.Sc.),TU Darmstadt,Arbeitsaufwand,Deep Learning für medizinische Bildgebung,2,"Sie sind auch in der Lage sein, fundierte Entscheidungen über die Wahl eines universellen Deep Learning Paradigmas für ein gegebenes medizinische Bildanalyseproblem zu treffen."
Informatik (B.Sc.),TU Darmstadt,Arbeitsaufwand,Deep Learning: Architectures & Methods,1,"Dieser Kurs richtet sich an Studierende mit fortgeschrittenem Erfahrung im maschinellen Lernen und vermittelt diesen Studierenden das notwendige Wissen, um eigenständig Forschungsprojekte im Bereich der Deep Learning durchzuführen, z.B. im Rahmen einer Bachelor- oder Masterarbeit."
Informatik (B.Sc.),TU Darmstadt,Arbeitsaufwand,Deep Learning: Architectures & Methods,2,Dies betrifft sowohl ein grundlegendes Verständnis der algorithmischen Ansätze zum Deep Learning als auch die der Architekturen der tiefen tiefen Netze.
Informatik (B.Sc.),TU Darmstadt,Arbeitsaufwand,Tiefe Generative Modelle,1,"Nachdem Studierende das Modul besucht haben, können sie"
Informatik (B.Sc.),TU Darmstadt,Arbeitsaufwand,Tiefe Generative Modelle,2,"den Aufbau und die Funktionsweise Tiefer Generativer Modelle (Deep Generative Models, DGM) erklären"
Informatik (B.Sc.),TU Darmstadt,Arbeitsaufwand,Tiefe Generative Modelle,3,wissenschaftliche Veröffentlichungen zum Thema DGMs kritisch hinterfragen und damit fachlich beurteilen
Informatik (B.Sc.),TU Darmstadt,Arbeitsaufwand,Tiefe Generative Modelle,4,grundlegende DGMs in einer dafür ausgelegten höheren Programmiersprache selbstständig konstruieren / implementieren
Informatik (B.Sc.),TU Darmstadt,Arbeitsaufwand,Tiefe Generative Modelle,5,die Implementierung und Anwendung von DGMs auf unterschiedliche Anwendungen übertragen
Informatik (B.Sc.),TU Darmstadt,Arbeitsaufwand,Reinforcement Learning: Von Grundlagen zu den tiefen Ansätzen,1,"Dieser Kurs richtet sich an Studierende mit erster Erfahrung im maschinellen Lernen und vermittelt diesen Studierenden das notwendige Wissen, um eigenständig Forschungsprojekte im Bereich der Reinforcement Learning durchzuführen, z.B. im Rahmen einer Bachelor- oder Masterarbeit."
Informatik (B.Sc.),TU Darmstadt,Arbeitsaufwand,Reinforcement Learning: Von Grundlagen zu den tiefen Ansätzen,2,Dies betrifft sowohl ein grundlegendes Verständnis der algorithmischen Ansätze zum Reinforcement Learning als auch Anwendungen von tiefen Netzen.
Informatik (B.Sc.),TU Darmstadt,Arbeitsaufwand,Ethik in Natürlicher Sprachverarbeitung,1,"Nachdem Studierende die Veranstaltung abgeschlossen haben, können sie"
Informatik (B.Sc.),TU Darmstadt,Arbeitsaufwand,Ethik in Natürlicher Sprachverarbeitung,2,philosophische und praktische Aspekte von Ethik erklären
Informatik (B.Sc.),TU Darmstadt,Arbeitsaufwand,Ethik in Natürlicher Sprachverarbeitung,3,die Grenzen und Limitierungen maschineller Lernmodelle aufzeigen
Informatik (B.Sc.),TU Darmstadt,Arbeitsaufwand,Ethik in Natürlicher Sprachverarbeitung,4,"Techniken einsetzen, um Befangenheit und Unfairness in Modellen und Daten zu identifizieren und genezusteuern"
Informatik (B.Sc.),TU Darmstadt,Arbeitsaufwand,Ethik in Natürlicher Sprachverarbeitung,5,den Einfluss von Meinungsbeeinflussung in Datenaufbereitungen und Nachrichten aufzeigen und quantifizieren
Informatik (B.Sc.),TU Darmstadt,Arbeitsaufwand,Ethik in Natürlicher Sprachverarbeitung,6,Hassrede und Online-Missbrauch identifizieren sowie Gegenmaßnahmen entwickeln
Informatik (B.Sc.),TU Darmstadt,Affective Compu,Affective Computing,1,"Dieser Kurs zielt darauf ab, die Theorien, Methoden und Anwendungen rund um Affective Computing in einer interdisziplinären Perspektive zu lehren."
Informatik (B.Sc.),TU Darmstadt,Affective Compu,Affective Computing,2,"Nach erfolgreichem Abschluss des Kurses verstehen die Studierenden affektive Interaktionen und deren Auswirkungen auf die Mensch-Computer-Interaktion, lernen Methoden zur Erhebung, Analyse und Auswertung affektiver Verhaltensdaten anzuwenden."
Informatik (B.Sc.),TU Darmstadt,Affective Compu,Affective Computing,3,"Sie demonstrieren Kenntnisse zur computergestützten Analyse, Synthese und Erkennung menschlicher affektiver Verhaltensdaten und zum Entwurf emotionssensibler interaktiver Technologien wie Interaktionen mit virtuellen Agenten, Robotern und Spielen."
Informatik (B.Sc.),TU Darmstadt,Affective Compu,Affective Computing,4,Sie gewinnen praktische Erfahrung mit den Rahmenbedingungen für menschliches Affekt- und Verhaltensverständnis und ein Bewusstsein für potenzielle Verzerrungen in Daten sowie mögliche Gefahren im Umgang mit sensitiven personenbezogenen Daten.
Informatik (B.Sc.),TU Darmstadt,Bioinformatik (,Bioinformatik (Vorlesung und Übung),1,"Die Studenten erwerben Grundlagenwissen in der sequenz-basierten Bioinformatik (Sequence Alignment, Scoring Schemes, Datenbanken, Pattern Recognition) und der Strukturmodellierung und Simulation (Structure Prediction, Molecular Dynamics)."
Informatik (B.Sc.),TU Darmstadt,Bioinformatik (,Bioinformatik (Vorlesung und Übung),2,"Die Studenten werden in die Lage versetzt, eigenständig Standard-Werkzeuge der Bioinformatik einzusetzen und deren grundlegende Algorithmen in diversen Implementierungen zu identifizieren."
Informatik (B.Sc.),TU Darmstadt,Arbeitsaufwand,Public Key Infrastrukturen,1,"Nachdem Studierende die Veranstaltung Public Key Infrastrukturen besucht haben, können Sie"
Informatik (B.Sc.),TU Darmstadt,Arbeitsaufwand,Public Key Infrastrukturen,2,die IT Sicherheitsziele und die kryptographischen Primitive zu deren Realisierung verstehen.
Informatik (B.Sc.),TU Darmstadt,Arbeitsaufwand,Public Key Infrastrukturen,3,"die Grundlagen von Public Key Infrastrukturen, insbesondere die verschiedenen Komponenten (bspw. private Schlüssel, Zertifikate, Policies), Akteure (bspw."
Informatik (B.Sc.),TU Darmstadt,Arbeitsaufwand,Public Key Infrastrukturen,4,"Trust Center, Schlüsselinhaberinhaber) und Prozesse (bspw."
Informatik (B.Sc.),TU Darmstadt,Arbeitsaufwand,Public Key Infrastrukturen,5,"Zertifikatsbeantragung, Zertifikatserstellung, Revokation, Zertifikatsvalidierung) verstehen und erklären."
Informatik (B.Sc.),TU Darmstadt,Arbeitsaufwand,Public Key Infrastrukturen,6,die zugrundeliegenden theoretischen Modelle (bspw.
Informatik (B.Sc.),TU Darmstadt,Arbeitsaufwand,Public Key Infrastrukturen,7,"Vertrauensmodelle, Gültigkeitsmodelle) verstehen, erklären und anwenden."
Informatik (B.Sc.),TU Darmstadt,Arbeitsaufwand,Public Key Infrastrukturen,8,"Public Key Infrastrukturen in der Praxis anwenden (bspw. für Email Signatur und Verschlüsselung, Prüfung der Authentizität von Webseiten)."
Informatik (B.Sc.),TU Darmstadt,Arbeitsaufwand,Einführung in die Kryptographie,1,"Verstehen der mathematischen Grundlagen der Kryptographie wie z.B. Berechnungen in Kongruenz- und Restklassenringen, Faktorisierung großer Zahlen, Wahrscheinlichkeit und Perfekte Sicherheit"
Informatik (B.Sc.),TU Darmstadt,Arbeitsaufwand,Einführung in die Kryptographie,2,Verstehen der Prinzipien von Public und Secret-Key-Verschlüsselung und der relevanten Verfahren einschließlich ihrer Sicherheit und Effizienz
Informatik (B.Sc.),TU Darmstadt,Arbeitsaufwand,Einführung in die Kryptographie,3,Verstehen der Prinzipien digitaler Signaturen und der relevanten Verfahren einschließlich ihre Sicherheit und Effizienz Voraussetzung für die Teilnahme Empfohlen:
Informatik (B.Sc.),TU Darmstadt,Arbeitsaufwand,Einführung in die Kryptographie,4,Lineare Algebra
Informatik (B.Sc.),TU Darmstadt,Arbeitsaufwand,Einführung in die Kryptographie,5,Funktionale und objektorientierte Programmierkonzepte
Informatik (B.Sc.),TU Darmstadt,Arbeitsaufwand,Sicherheit in Multimedia Systemen und Anwendungen,1,Die Studierenden erhalten einen Überblick über die Herausforderungen der Multimedia Sicherheit und den bekannten Lösungsansätzen hierzu.
Informatik (B.Sc.),TU Darmstadt,Arbeitsaufwand,Sicherheit in Multimedia Systemen und Anwendungen,2,"Dazu gehören die Konzepte der Medien-Integrität, -Vertraulichkeit und -Authentizität."
Informatik (B.Sc.),TU Darmstadt,Arbeitsaufwand,Sicherheit in Multimedia Systemen und Anwendungen,3,"Verfahren aus dem Bereichen digitale Wasserzeichen, robuste Hashverfahren, partielle Verschlüsslung, Multimedia Forensik und DRM sind den Studierenden bekannt."
Informatik (B.Sc.),TU Darmstadt,Arbeitsaufwand,Sicherheit in Multimedia Systemen und Anwendungen,4,Sie können Herausforderungen der Multimedia Sicherheit aus einer Palette von Lösungsmechanismen bedarfsabhängig optimal adressieren.
Informatik (B.Sc.),TU Darmstadt,Arbeitsaufwand,IT-Sicherheit,1,Nach erfolgreicher Teilnahme an der Veranstaltung sind die Studierenden in der Lage kritisch über gängige Mechanismen und Protokolle zur Erhöhung der IT-Sicherheit heutiger Systeme zu diskutieren.
Informatik (B.Sc.),TU Darmstadt,Arbeitsaufwand,IT-Sicherheit,2,"Studenten haben nach Abschluss der Veranstaltung in breites Wissen über IT-Sicherheit, Datenschutz und Privatsphäre im Internet."
Informatik (B.Sc.),TU Darmstadt,Arbeitsaufwand,IT-Sicherheit,3,"Studierende sind vertraut mit modernen IT-Schutzkonzepten aus dem Bereich Kryptographie, Identitätmanagement, Web-, Browser- und Netzwerksicherheit."
Informatik (B.Sc.),TU Darmstadt,Arbeitsaufwand,IT-Sicherheit,4,Sie sind in der Lage Angriffsvektoren in IT-Systemen zu erkennen und Gegenmaßnahmen zu entwickeln.
Informatik (B.Sc.),TU Darmstadt,Arbeitsaufwand,Formale Methoden der Informationssicherheit,1,Nach erfolgreicher Teilnahme an der Veranstaltung kennen Studierende relevante formale Sicherheitsmodelle und Analysetechniken.
Informatik (B.Sc.),TU Darmstadt,Arbeitsaufwand,Formale Methoden der Informationssicherheit,2,Sie verstehen fundamentale Unterschiede zwischen verschiedenen Klassen von Sicherheitseigenschaften und das Zusammenspiel zwischen schrittweiser Softwareentwicklung und Sicherheitseigenschaften.
Informatik (B.Sc.),TU Darmstadt,Arbeitsaufwand,Formale Methoden der Informationssicherheit,3,Sie können Systeme und Sicherheitsanforderungen formal modellieren und sicherheitsrelevante Aspekte basierend auf formalen Spezifikationen formal analysieren.
Informatik (B.Sc.),TU Darmstadt,Arbeitsaufwand,Netzsicherheit,1,Nach erfolgreicher Teilnahme an der Veranstaltung haben die Studierenden ein umfassendes Wissen auf dem Gebiet der Netzsicherheit mit dem Schwerpunkt auf Internetsicherheit.
Informatik (B.Sc.),TU Darmstadt,Arbeitsaufwand,Netzsicherheit,2,Sie können die wichtigsten Grundlagen der IT Sicherheit sowie der Kryptographie auf den Bereich Kommunikationsnetze übertragen und anwenden.
Informatik (B.Sc.),TU Darmstadt,Arbeitsaufwand,Netzsicherheit,3,Die Studierenden können die wichtigsten Basistechnologien zur Absicherung von Netzen unterscheiden.
Informatik (B.Sc.),TU Darmstadt,Arbeitsaufwand,Netzsicherheit,4,"Sie weisen ein tiefgehendes Verständnis von Sicherheitsmechanismen auf den unterschiedlichen Protokollschichten auf (Anwendungschicht, Transportschicht, Vermittlungsschicht, Sicherungsschicht, physikalische Schicht)."
Informatik (B.Sc.),TU Darmstadt,Arbeitsaufwand,Netzsicherheit,5,"Somit sind sie in der Lage, die Charakteristiken und Grundprinzipien des Problemraumes Netzsicherheit detailliert zu erläutern und weisen auf diesem Feld ein fundiertes Wissen in Praxis und Theorie auf."
Informatik (B.Sc.),TU Darmstadt,Arbeitsaufwand,Netzsicherheit,6,"Darüber hinaus können sie aktuelle Entwicklungen im Bereich Netzsicherheit erläutern (z.B. Sicherheit in peer-to-peer Systemen, Sicherheit in mobilen Netzen, etc.)."
Informatik (B.Sc.),TU Darmstadt,Arbeitsaufwand,Netzsicherheit,7,"Die Übung vertieft das theoretische Wissen durch Literatur-, Rechen- und praktische Implementierungs/Anwendungsübungen."
Informatik (B.Sc.),TU Darmstadt,Arbeitsaufwand,Embedded System Security,1,Durch die erfolgreiche Teilnahme an dieser Veranstaltung erwerben Studierende detailliertes Wissen über ausgewählte Aspekte der eingebetteten Systemsicherheit (Hardware- und Software-basiert).
Informatik (B.Sc.),TU Darmstadt,Arbeitsaufwand,Sichere Mobile Systeme,1,"Nach erfolgreicher Teilnahme an der Veranstaltung besitzen die Studierenden ein spezialiertes Wissen auf dem Gebiet der Sicherheit in mobilen, verteilten, drahtlosen Netzen mit dem Schwerpunkt auf Internetsicherheit."
Informatik (B.Sc.),TU Darmstadt,Arbeitsaufwand,Sichere Mobile Systeme,2,"Sie können die wichtigsten Grundlagen der IT Sicherheit, der Kryptographie sowie der Netzsicherheit in klassischen Netzen auf mobile Systeme übertragen und anwenden."
Informatik (B.Sc.),TU Darmstadt,Arbeitsaufwand,Sichere Mobile Systeme,3,"Die Studierenden weisen ein tiefgehendes Verständnis von Sicherheitsmechanismen auf den unterschiedlichen Protokollschichten auf (Anwendungschicht, Transportschicht, Vermittlungsschicht, Sicherungsschicht, physikalische Schicht)."
Informatik (B.Sc.),TU Darmstadt,Arbeitsaufwand,Sichere Mobile Systeme,4,"Somit sind sie in der Lage, die Charakteristiken und Grundprinzipien des Problemraumes zu erfassen und weisen auf dem Feld sicherer mobiler Systeme ein fundiertes Wissen in Praxis und Theorie auf."
Informatik (B.Sc.),TU Darmstadt,Arbeitsaufwand,Kryptoplexität,1,Nach erfolgreicher Teilnahme können die Teilnehmer abstrakte kryptographische Eigenschaften und ihr Verhältnis untereinander beurteilen.
Informatik (B.Sc.),TU Darmstadt,Arbeitsaufwand,Kryptoplexität,2,"Die lernen die Zusammenhänge zwischen Kryptographie und Komplexitätstheorie und werden in die Lage versetzt, unter Schranken in der Kryptographie mittels verschiedener Techniken zu beweisen."
Informatik (B.Sc.),TU Darmstadt,Arbeitsaufwand,Forschungsorientierte Kryptographie,1,"Durch eine erfolgreiche Teilnahme am Kurs werden die Teilnehmer in die Lage versetzt, wissenschaftliche Arbeiten weitgehend selbstständig zu lesen und wichtige Details einer Arbeit zu erkennen."
Informatik (B.Sc.),TU Darmstadt,Arbeitsaufwand,Forschungsorientierte Kryptographie,2,Sie können die Arbeiten anderer präsentieren und neue Forschungsfragen ableiten.
Informatik (B.Sc.),TU Darmstadt,Arbeitsaufwand,Physical Layer Security in Drahtlosen Systemen,1,Nach erfolgreicher Teilnahme an der Veranstaltung besitzen die Studierenden ein theoretisches Grundwissen sowie ein fundiertes praktisches Wissen auf dem Gebiet von Physical Layer Security.
Informatik (B.Sc.),TU Darmstadt,Arbeitsaufwand,Physical Layer Security in Drahtlosen Systemen,2,Sie können die wichtigsten informationstheoretischen Grundlagen erläutern und kennen theoretische wie praktische Verfahren im Detail.
Informatik (B.Sc.),TU Darmstadt,Arbeitsaufwand,Physical Layer Security in Drahtlosen Systemen,3,Sie sind in der Lage praktische Verfahren zu beurteilen und Schwächen darzulegen.
Informatik (B.Sc.),TU Darmstadt,Arbeitsaufwand,Physical Layer Security in Drahtlosen Systemen,4,Die Studierenden haben Kompetenzen in der praktischen Realisierung von Physical Layer Security-Verfahren auf Basis von Software-defined Radios.
Informatik (B.Sc.),TU Darmstadt,Arbeitsaufwand,Physical Layer Security in Drahtlosen Systemen,5,Sie können sich aktuelle Arbeiten zum Stand der Forschung zu Physical Layer Security selbstständig aneignen und das erarbeitete Wissen verständlich vermitteln.
Informatik (B.Sc.),TU Darmstadt,Arbeitsaufwand,"Schutz in vernetzten Systemen—Vertrauen, Widerstandsfähigkeit und Privatheit",1,"Die integrierte Veranstaltung Schutz in vernetzten Systemen—Vertrauen, Widerstandsfähigkeit und Privatheit deckt die Themenbereiche berechenbares Vertrauen (computational trust), Widerstandsfähigkeit (resilience), anonyme Netzwerke, sowie kollaborative Schutzmechanismen ab."
Informatik (B.Sc.),TU Darmstadt,Arbeitsaufwand,"Schutz in vernetzten Systemen—Vertrauen, Widerstandsfähigkeit und Privatheit",2,Mit der Teilnahme an diesem Kurs wird das Verständnis von Herausforderungen und Lösungen im Kontext von vernetzten Systemen vermittelt.
Informatik (B.Sc.),TU Darmstadt,Arbeitsaufwand,"Schutz in vernetzten Systemen—Vertrauen, Widerstandsfähigkeit und Privatheit",3,"Dieser Kurs betrachtet das Konzept von Ende-zu-Ende Systemen mit Schwerpunkt auf Nutzer, Geräte, Netzwerke, sowie Anwendungen und Dienste."
Informatik (B.Sc.),TU Darmstadt,Arbeitsaufwand,Kryptographie in der Praxis,1,"Nach erfolgreicher Absolvierung verstehen die Teilnehmer das Design und die Sicherheitsgarantien von kryptographischen Verfahren in der Praxis, die heutzutage im alltäglichen Einsatz sind."
Informatik (B.Sc.),TU Darmstadt,Arbeitsaufwand,Kryptographie in der Praxis,2,Die Teilnehmer lernen die Bedeutung und Grenzen von Sicherheitsmodellen und Sicherheitsbeweisen für die Praxis kennen.
Informatik (B.Sc.),TU Darmstadt,Blockchain Tech,Blockchain Technology,1,Die Teilnehmer*innen verstehen nach erfolgreichem Besuch des Kurses die grundlegenden technischen und theoretischen Konzepte von Blockchain Technologien.
Informatik (B.Sc.),TU Darmstadt,Blockchain Tech,Blockchain Technology,2,Insbesondere werden folgende Fragestellungen behandelt:
Informatik (B.Sc.),TU Darmstadt,Blockchain Tech,Blockchain Technology,3,Den Umgang mit kryptographischen Bausteinen und kryptographischen Protokollen und deren Sicherheitsanalyse.
Informatik (B.Sc.),TU Darmstadt,Blockchain Tech,Blockchain Technology,4,Die Entwicklung von sicheren verteilten Systemen
Informatik (B.Sc.),TU Darmstadt,Blockchain Tech,Blockchain Technology,5,"Die grundlegenden Konzepte von Blockchain-Systemen, insbesondere Konsensmechanismen, Wallets und Mining"
Informatik (B.Sc.),TU Darmstadt,Blockchain Tech,Blockchain Technology,6,Mögliche Angriffe auf Kryptowährungen und die zugrundeliegende Technologie
Informatik (B.Sc.),TU Darmstadt,Blockchain Tech,Blockchain Technology,7,Die Grundkonzepte der Entwicklung von Smart Contracts und deren Anwendung
Informatik (B.Sc.),TU Darmstadt,Blockchain Tech,Blockchain Technology,8,"Neue Lösungsansätze zur Verbesserung von Blockchains in Bezug auf Anonymität, Skalierbarkeit und Sicherheit"
Informatik (B.Sc.),TU Darmstadt,Blockchain Tech,Blockchain Technology,9,Ein Überblick über verschiedene Altcoins und deren Vor-/Nachteile Voraussetzung für die Teilnahme Empfohlen: Besuch der Vorlesung “Introduction to Cryptography / Einführung in die Kryptographie” bzw. entsprechende Kenntnisse aus anderen Studiengängen
Informatik (B.Sc.),TU Darmstadt,Arbeitsaufwand,Sicherheitskritische Mensch-Computer-Interaktion,1,Verständnis sicherheitskritischer MCI und der zugrundeliegenden Disziplinen MCI sowie Krisen- und Sicherheitsmanagement
Informatik (B.Sc.),TU Darmstadt,Arbeitsaufwand,Sicherheitskritische Mensch-Computer-Interaktion,2,"Überblick über ausgewählte Grundlagen und Methoden sicherheitskritischer MCI (Usable Safety; Usable Security; Analyse, Design, Umsetzung, Evaluation; Recht, Ethik und Kultur)"
Informatik (B.Sc.),TU Darmstadt,Arbeitsaufwand,Sicherheitskritische Mensch-Computer-Interaktion,3,Orientierung in Anwendungsdomänen und -feldern
Informatik (B.Sc.),TU Darmstadt,Arbeitsaufwand,Sicherheitskritische Mensch-Computer-Interaktion,4,"Kenntnisse über sicherheitskritische interaktive Systeme (Betriebliche Informationssysteme, Krisenmanagementsysteme, Medizintechnik, Warn- und Assistenzsysteme)"
Informatik (B.Sc.),TU Darmstadt,Arbeitsaufwand,Sicherheitskritische Mensch-Computer-Interaktion,5,"Kenntnisse über sicherheitskritische kooperative Systeme (Soziale Medien, Kooperationssysteme, Freiwillige Partizipation, Frieden und Sicherheit)"
Informatik (B.Sc.),TU Darmstadt,Arbeitsaufwand,Informationstechnologie für Frieden und Sicherheit,1,"- Kenntnisse von Grundlagen der informatischen Friedens-, Konflikt- und Sicherheits-forschung"
Informatik (B.Sc.),TU Darmstadt,Arbeitsaufwand,Informationstechnologie für Frieden und Sicherheit,2,Bewertung von IT zur Förderung oder Verhinderung von Frieden und Sicherheit
Informatik (B.Sc.),TU Darmstadt,Arbeitsaufwand,Informationstechnologie für Frieden und Sicherheit,3,Kenntnisse in der Gestaltung und Entwicklung von IT für Frieden
Informatik (B.Sc.),TU Darmstadt,Arbeitsaufwand,Kryptographische Protokolle,1,"Studierende kennen grundlegende und fortgeschrittene kryptographische Protokolle, können deren Effizienz und Sicherheit bewerten und vergleichen, und kennen deren grundlegenden Anwendungen."
Informatik (B.Sc.),TU Darmstadt,Arbeitsaufwand,Beweisbare Sicherheit,1,Nachdem die Studierenden die Vorlesung besucht haben können sie
Informatik (B.Sc.),TU Darmstadt,Arbeitsaufwand,Beweisbare Sicherheit,2,verschiedene Sicherheitsdefinitionen von Verschlüsselungsverfahren wiedergeben und vergleichen
Informatik (B.Sc.),TU Darmstadt,Arbeitsaufwand,Beweisbare Sicherheit,3,"beschreiben, welche Voraussetzungen hinreichend sind, um starke Sicherheitseigenschaften zu erreichen"
Informatik (B.Sc.),TU Darmstadt,Arbeitsaufwand,Beweisbare Sicherheit,4,formale Sicherheitsbeweise für einige Verschlüsselungsverfahren präsentieren
Informatik (B.Sc.),TU Darmstadt,Arbeitsaufwand,Privatheit biomedizinischer Daten,1,Die Studierenden können aktuelle Forschungsliteratur erfassen und Technologieentwicklungen hinsichtlich ihrer Datenschutzniveaus im Bereich der Biomedizin unterscheiden.
Informatik (B.Sc.),TU Darmstadt,Arbeitsaufwand,Privatheit biomedizinischer Daten,2,Sie können weiterhin anhand der erläuterten Grundlagen potentielle Re-Identifikationsrisiken einschätzen und Mechanismen zu deren Behebung konzeptionell vorschlagen.
Informatik (B.Sc.),TU Darmstadt,Arbeitsaufwand,Privatheit biomedizinischer Daten,3,Sie können weiterhin einfach Abfragen/Auswertungen/Studien-Designs hinsichtlich ihrer Privacy-Implikationen einschätzen.
Informatik (B.Sc.),TU Darmstadt,Informationssic,Informationssicherheitsmanagement,1,"Das Hauptziel dieser Veranstaltung ist es zu vermitteln, wie die IT- und Informationssicherheit in einem Unternehmen ganzheitlich gemanagt wird, wobei der Fokus auf dem Management und weniger auf technischer oder formaler IT-Sicherheit liegt. * Kenntnisse, Inhalte und Strukturen eines Informationssicherheitsmanagements (ISMS) * Überblick über gängige Verfahren bzgl."
Informatik (B.Sc.),TU Darmstadt,Informationssic,Informationssicherheitsmanagement,2,"Informationssicherheitsmanagement wie z.B. ISO 27001, IT-Grundschutz, NIST Cybersecurity Framework * Identifikation und Schutzbedarfsanalyse von Assets im Unternehmen * Kenntnisse über übliche Verfahren im Risikomanagement * Systematische Bewertung der Informationssicherheit im Unternehmen anhand von Metriken * Etablierung von informationssicherheitsrelevanten Prozessen wie Vulnerability Management, BCM-Prozesse, Incident Management und Audit Management"
Informatik (B.Sc.),TU Darmstadt,Arbeitsaufwand,TK1: Verteilte Systeme und Algorithmen,1,Studierende kennen nach erfolgreichem Besuch der Veranstaltung die Grundlagen der verteilten Programmierung und verteilter Algorithmen.
Informatik (B.Sc.),TU Darmstadt,Arbeitsaufwand,TK1: Verteilte Systeme und Algorithmen,2,Sie verstehen die grundlegenden Probleme verteilter Systeme und die klassischen verteilen Algorithmen und Programmierparadigmen.
Informatik (B.Sc.),TU Darmstadt,Arbeitsaufwand,TK1: Verteilte Systeme und Algorithmen,3,Sie können klassische und aktuelle Standards verteilter Programmierung praktisch anwenden.
Informatik (B.Sc.),TU Darmstadt,Arbeitsaufwand,TK3: Ubiquitous / Mobile Computing,1,Studierende kennen nach erfolgreichem Besuch der Veranstaltung die technische Grundlage mobiler Kommunikation.
Informatik (B.Sc.),TU Darmstadt,Arbeitsaufwand,TK3: Ubiquitous / Mobile Computing,2,Sie verstehen die grundlegenden Herausforderungen von Ubiquitous Computing.
Informatik (B.Sc.),TU Darmstadt,Arbeitsaufwand,TK3: Ubiquitous / Mobile Computing,3,Sie kennen aktuelle Ansätze um diese Herausforderungen zu lösen.
Informatik (B.Sc.),TU Darmstadt,Arbeitsaufwand,TK3: Ubiquitous / Mobile Computing,4,Sie sind außerdem in der Lage ihre Kenntnisse auf aktuelle Probleme anzuwenden.
Informatik (B.Sc.),TU Darmstadt,Arbeitsaufwand,Ubiquitous Computing in Geschäftsprozessen,1,Nach der Teilnahme an dieser Lehrveranstaltungen haben sich Studierende Kenntnissen über Auswirkungen des ubiquitären Computing auf Geschäftsprozesse und Smart Cities in Verbindung mit grundlegenden Konzepten angeeignet
Informatik (B.Sc.),TU Darmstadt,Arbeitsaufwand,Mobile Netze,1,Nach erfolgreicher Teilnahme an der Veranstaltung haben Studierende ein umfassendes Wissen der Funktionsweise mobiler Kommunikationsnetze.
Informatik (B.Sc.),TU Darmstadt,Arbeitsaufwand,Mobile Netze,2,Sie können die wichtigsten Grundlagen drahtloser Kommunikationstechniken erläutern. weiterhin Medienzugriffsverfahren kategorisieren und die Funktionsweise dieser Verfahren im Detail erklären.
Informatik (B.Sc.),TU Darmstadt,Arbeitsaufwand,Mobile Netze,3,"Insbesondere weisen sie ein tiefgehendes Verständnis von Verfahren auf Vermittlungsschicht und Transportschicht auf, mit Schwerpunktsetzung auf Ad hoc und Mesh Netze."
Informatik (B.Sc.),TU Darmstadt,Arbeitsaufwand,Mobile Netze,4,Die Studierenden erlangen Wissen über die Zusammenhänge zwischen unterschiedlichen Protokollschichten und können ihr erworbenes Wissen auf die methodische Analyse von realen Kommunikationssystemen anwenden.
Informatik (B.Sc.),TU Darmstadt,Arbeitsaufwand,Mobile Netze,5,"Sie sind somit in der Lage, die Charakteristiken und Grundprinzipien des Problemraumes drahtloser und mobiler Kommunikation detailliert zu erläutern und weisen auf diesem Feld ein fundiertes Wissen in Praxis und Theorie auf."
Informatik (B.Sc.),TU Darmstadt,Arbeitsaufwand,Mobile Netze,6,"Die Übungsteile der integrierten Veranstaltung vertiefen das theoretische Wissen durch Literatur-, Rechen- und praktische Implementierungs/Anwendungsübungen."
Informatik (B.Sc.),TU Darmstadt,Arbeitsaufwand,"Drahtlose Netze zur Krisenbewältigung: Grundlagen, Entwurf und Aufbau von Null",1,"Nach erfolgreicher Teilnahme an der Veranstaltung besitzen die Studierenden theoretisches und praktisches Wissen auf dem Gebiet der drahtlosen, infrastrukturlosen Kommunikation im Krisenfall."
Informatik (B.Sc.),TU Darmstadt,Arbeitsaufwand,"Drahtlose Netze zur Krisenbewältigung: Grundlagen, Entwurf und Aufbau von Null",2,Sie verstehen die physikalischen und elektrotechnischen Grundlagen der drahtlosen Kommunikation und kennen theoretische wie praktische Funkverfahren im Detail.
Informatik (B.Sc.),TU Darmstadt,Arbeitsaufwand,"Drahtlose Netze zur Krisenbewältigung: Grundlagen, Entwurf und Aufbau von Null",3,Sie sind in der Lage ein Praktisches Kommunikationsystem von Null aufzubauen und zu betreiben.
Informatik (B.Sc.),TU Darmstadt,Arbeitsaufwand,"Drahtlose Netze zur Krisenbewältigung: Grundlagen, Entwurf und Aufbau von Null",4,Die Studierenden erwerben Kompetenzen im Bereich Amateurfunk und Software-Defined Radios.
Informatik (B.Sc.),TU Darmstadt,Arbeitsaufwand,"Drahtlose Netze zur Krisenbewältigung: Grundlagen, Entwurf und Aufbau von Null",5,Voraussetzung für die Teilnahme
Informatik (B.Sc.),TU Darmstadt,Arbeitsaufwand,Fortgeschrittenes Multithreading in C++,1,"Nachdem Studierende die Veranstaltung besucht haben, haben Sie erweiterte Kompetenz in der Entwicklung paralleler Programme und sind in der Lage"
Informatik (B.Sc.),TU Darmstadt,Arbeitsaufwand,Fortgeschrittenes Multithreading in C++,2,Systematisch korrekte und effiziente parallele Programme zu entwickeln
Informatik (B.Sc.),TU Darmstadt,Arbeitsaufwand,Fortgeschrittenes Multithreading in C++,3,Parallele Datenstrukturen zu entwerfen und umzusetzen
Informatik (B.Sc.),TU Darmstadt,Arbeitsaufwand,Skalierbare Datenmanagement-Systeme,1,"Nach dem Kurs haben die Studierenden einen Überblick über die wichtigsten Konzepte, Algorithmen und System-Aspekte für skalierbare Datenmanagement-Systeme erworben."
Informatik (B.Sc.),TU Darmstadt,Arbeitsaufwand,Skalierbare Datenmanagement-Systeme,2,"Das Hauptziel ist es, dass die Studierenden das Wissen besitzen, solche Systeme zu designen und zu entwickeln, inklusive praktischer Übungen auf Basis von bestehenden Systemen wie Spark."
Informatik (B.Sc.),TU Darmstadt,Arbeitsaufwand,Advanced Data Management Systems,1,Nach erfolgreichem Abschluss der Veranstaltung haben Studierende ein vertieftes Verständnis von aktuellen Techniken für das Design von modernen Datenbanksystemen.
Informatik (B.Sc.),TU Darmstadt,Arbeitsaufwand,Advanced Data Management Systems,2,Die Studierenden können Vor- und Nachteile dieser Techniken mit dem Fokus auf möglichen Verbesserungen diskutieren.
Informatik (B.Sc.),TU Darmstadt,Arbeitsaufwand,Advanced Data Management Systems,3,Sie können einzelne Techniken implementieren und experimentelle Evaluierungen dieser Techniken zum Vergleich von Designalternativen durchführen.
Informatik (B.Sc.),TU Darmstadt,Kommunikationsn,Kommunikationsnetze I,1,"Nach erfolgreichem Abschluss des Moduls kennen die Studierenden die grundlegenden Konstruktionsprinzipien moderner Kommunikationsnetze, insbesondere des Internets."
Informatik (B.Sc.),TU Darmstadt,Kommunikationsn,Kommunikationsnetze I,2,Sie können Entwurfsentscheidungen in Protokollen nachvollziehen und erläutern und erkennen Zusammenhänge und Wechselwirkungen zwischen Protokollmechanismen auf derselben Schicht sowie über die Grenzen von Schichten hinweg.
Informatik (B.Sc.),TU Darmstadt,Kommunikationsn,Kommunikationsnetze I,3,"Sie können die Anforderungen von Kommunikationsnetzen und kommunizierenden Anwendungen herleiten, sowie die Eignung von Netzwerktechnologien und Protokollvarianten für gegebene Zwecke und Ziele beurteilen und sie geeignet auswählen."
Informatik (B.Sc.),TU Darmstadt,Kommunikationsn,Kommunikationsnetze I,4,Voraussetzung für die Teilnahme
Informatik (B.Sc.),TU Darmstadt,Software Define,Software Defined Networking,1,"Studierende haben nach Abschluss des Moduls vertiefende Einblicke in Software Defined Networking, sowie grundlegender Technologien und Anwendungen, erhalten."
Informatik (B.Sc.),TU Darmstadt,Arbeitsaufwand,Graphische Datenverarbeitung I,1,"Nach erfolgreichem Besuch dieser Veranstaltung sind Studierende in der Lage alle Komponenten der Graphikpipeline zu verstehen und dadurch variable Bestandteile (VertexShader, Fragment-Shader, etc.) anzupassen."
Informatik (B.Sc.),TU Darmstadt,Arbeitsaufwand,Graphische Datenverarbeitung I,2,"Sie können Objekte im 3D-Raum anordnen, verändern und effektiv speichern, sowie die Kamera und die Perspektive entsprechend wählen und verschiedene Shading-Techniken und Beleuchtungsmodelle nutzen, um alle Schritte auf dem Weg zum dargestellten 2D-Bild anzupassen."
Informatik (B.Sc.),TU Darmstadt,Arbeitsaufwand,Graphische Datenverarbeitung II,1,"Nach erfolgreichem Besuch dieser Veranstaltung sind Studierende in der Lage mit diversen Objekt- und Oberflächen-Repräsentationen umzugehen, das heißt diese zu verwenden, anzupassen, anzuzeigen (rendern) und effektiv zu speichern."
Informatik (B.Sc.),TU Darmstadt,Arbeitsaufwand,Graphische Datenverarbeitung II,2,"Dazu gehören mathematisch polynomiale Repräsentationen, Iso-oberflächen, volumen Darstellungen, implizite Oberflächen, Polygonnetze, Subdivision-Kontrollnetze und Punktwolken."
Informatik (B.Sc.),TU Darmstadt,Arbeitsaufwand,Geometrische Methoden des CAE/CAD,1,Studierende beherrschen nach erfolgreichem Besuch der Veranstaltung die Grundlagen der rechnergestützten Methoden der geometrischen Modellierung und Simulation.
Informatik (B.Sc.),TU Darmstadt,Arbeitsaufwand,Geometrische Methoden des CAE/CAD,2,Sie verstehen verschiedene parametrische Kurven- und Oberflächenrepräsentationen und können diese auswerten und miteinander vergleichen.
Informatik (B.Sc.),TU Darmstadt,Arbeitsaufwand,Geometrische Methoden des CAE/CAD,3,Weiter kennen Sie klassische Datenstrukturen und Algorithmen aus dem Computer Aided Design (CAD).
Informatik (B.Sc.),TU Darmstadt,Arbeitsaufwand,Geometrische Methoden des CAE/CAD,4,"Sie sind in der Lage, diese Techniken praktisch umzusetzen und damit 3D-Geometrie im Rechner darzustellen und zu visualisieren."
Informatik (B.Sc.),TU Darmstadt,Arbeitsaufwand,Bildverarbeitung,1,Noch erfolgreichem Besuch der Veranstaltung haben die Studierenden einen Überblick über die Funktionsweise und die Möglichkeiten der modernen Bildverarbeitung.
Informatik (B.Sc.),TU Darmstadt,Arbeitsaufwand,Bildverarbeitung,2,"Studierende sind dazu in der Lage, einfache bis mittlere Bildverarbeitungsaufgaben selbständig zu lösen."
Informatik (B.Sc.),TU Darmstadt,Arbeitsaufwand,Virtuelle und Erweiterte Realität,1,"Studierende kennen nach erfolgreichem Besuch der Veranstaltung die Anforderungen und Problematiken von Virtual/Augmented Reality und sie wissen, für welche Problemstellungen diese Technologien eingesetzt werden können."
Informatik (B.Sc.),TU Darmstadt,Arbeitsaufwand,Virtuelle und Erweiterte Realität,2,"Sie kennen die Standards, mit deren Hilfe VR/AR-Anwendungen spezifiziert werden, insb. wissen die Studierenden, welche ComputerVision-Technologien eingesetzt werden können, um in verschiedenen Umgebungen die Kamerapose stabil zu tracken."
Informatik (B.Sc.),TU Darmstadt,Arbeitsaufwand,Algorithmen für Hardware-Entwurfswerkzeuge,1,Studierende kennen nach erfolgreichem Besuch der Veranstaltung verschiedene Technologien für die Realisierung von integrierten Schaltungen.
Informatik (B.Sc.),TU Darmstadt,Arbeitsaufwand,Algorithmen für Hardware-Entwurfswerkzeuge,2,Sie können aus den verschiedenen Technologien die Anforderungen an Automatisierungswerkzeuge für verschiedene Teilaufgaben des Entwurfs- und Realisierungsprozesses herleiten.
Informatik (B.Sc.),TU Darmstadt,Arbeitsaufwand,Algorithmen für Hardware-Entwurfswerkzeuge,3,"Sie sind vertraut mit der Modellierung technologischer Probleme durch formale Konzepte wie Graphen, Gleichungssysteme etc. Sie verstehen grundlegende Verfahren zur Lösung auch von harten Problemen und können aufbauend auf Erfahrungen mit verschiedenen Basisalgorithmen neue bzw. verfeinerte Implementierungen zur Erledigung der Entwurfsaufgaben entwickeln."
Informatik (B.Sc.),TU Darmstadt,Arbeitsaufwand,Informationsvisualisierung und Visual Analytics,1,Studierende können nach erfolgreichem Besuch der Veranstaltung
Informatik (B.Sc.),TU Darmstadt,Arbeitsaufwand,Informationsvisualisierung und Visual Analytics,2,Informationsvisualisierungsmethoden für verschiedene Datentypen benutzen
Informatik (B.Sc.),TU Darmstadt,Arbeitsaufwand,Informationsvisualisierung und Visual Analytics,3,interactive Visualisierungsysteme für Daten aus verschiedenen Anwendungsgebieten designen
Informatik (B.Sc.),TU Darmstadt,Arbeitsaufwand,Informationsvisualisierung und Visual Analytics,4,Visualisierung und automatische Datenverarbeitung kombinieren um Big Data Probleme zu lösen
Informatik (B.Sc.),TU Darmstadt,Arbeitsaufwand,Informationsvisualisierung und Visual Analytics,5,Wissen über Hauptcharakteristika menschlicher visuellen Wahrnehmung in Informationsvisualisierung und Visual Analytics anwenden
Informatik (B.Sc.),TU Darmstadt,Arbeitsaufwand,Informationsvisualisierung und Visual Analytics,6,geeignete Evaluationsmethode für spezifische Situationen und Szenarien auswählen
Informatik (B.Sc.),TU Darmstadt,Arbeitsaufwand,Medizinische Bildverarbeitung,1,Noch erfolgreichem Besuch der Veranstaltung haben die Studierenden einen Überblick über die Funktionsweise und die Möglichkeiten der modernen medizinischen Bildverarbeitung.
Informatik (B.Sc.),TU Darmstadt,Arbeitsaufwand,Medizinische Bildverarbeitung,2,"Studierende sind dazu in der Lage, einfache bis mittlere medizinische Bildverarbeitungsaufgaben selbständig zu lösen."
Informatik (B.Sc.),TU Darmstadt,Arbeitsaufwand,Ambient Intelligence,1,"Nachdem Studierende die Veranstaltung erfolgreich besucht haben, können sie Technologietrends und Forschungserkenntnisse im Bereich Ambient Intelligence beschreiben."
Informatik (B.Sc.),TU Darmstadt,Arbeitsaufwand,Ambient Intelligence,2,"Die wichtigsten Konzepte zur Realisierung „intelligenter Umgebungen“ intelligente Netzwerke und Objekte, Techniken der erweiterten, mobilen Realität, ubiquitäre und allgegenwärtige Informationsräume, nomadische Kommunikationen, Echt-ZeitKommunikation und relevante Middleware, Eingebettete Systeme, Sensor Netzwerke und Wearable Computing - können diskutiert und eingeordnet werden."
Informatik (B.Sc.),TU Darmstadt,Arbeitsaufwand,Ambient Intelligence,3,Nach Abschluss der zugehörigen Übung können Studierende die Projektphasen der Entwicklung einer AmbientIntelligence Anwendung eigenständig planen und realisieren.
Informatik (B.Sc.),TU Darmstadt,Arbeitsaufwand,Ambient Intelligence,4,Voraussetzung für die Teilnahme Empfohlen: Der vorherige Besuch von “Visual Computing“ und „Multimodale Interaktion mit intelligenten Umgebungen“ oder vergleichbarer Veranstaltungen
Informatik (B.Sc.),TU Darmstadt,Arbeitsaufwand,Programmierung Massiv-Paralleler Prozessoren,1,"Nach dem erfolgreichen Besuch der Veranstaltung sind Studierende dazu in der Lage, Problemstellungen im Kontext massiv-paralleler Systeme zu analysieren."
Informatik (B.Sc.),TU Darmstadt,Arbeitsaufwand,Programmierung Massiv-Paralleler Prozessoren,2,Sie können selbständig neue Anwendungen entwickeln und ihre Performanz systematisch verbessern.
Informatik (B.Sc.),TU Darmstadt,Arbeitsaufwand,Programmierung Massiv-Paralleler Prozessoren,3,Sie verstehen grundlegende parallele Algorithmen und Programmierparadigmen und können sich selbständig aktuelle Literatur erarbeiten.
Informatik (B.Sc.),TU Darmstadt,Arbeitsaufwand,Capturing Reality,1,"Nach dem erfolgreichen Besuch der Veranstaltung sind Studierende dazu in der Lage, Digitalisierungs- und Modellierungsprobleme für Objekte und Szenen in Computergraphik und Computer Vision sowie die zugrunde liegenden Techniken zu analysieren."
Informatik (B.Sc.),TU Darmstadt,Arbeitsaufwand,Capturing Reality,2,"Sie können selbständig neue Versuchsaufbauten entwickeln, Experimente durchführen und die Ergebnisse auswerten."
Informatik (B.Sc.),TU Darmstadt,Arbeitsaufwand,TK2: Human Computer Interaction,1,Nach der Teilnahme an dieser Lehrveranstaltung haben Studierende
Informatik (B.Sc.),TU Darmstadt,Arbeitsaufwand,TK2: Human Computer Interaction,2,Verständnis der psychologischen Grundlagen des Designs von Benutzerschnittstellen erworben
Informatik (B.Sc.),TU Darmstadt,Arbeitsaufwand,TK2: Human Computer Interaction,3,Methoden des user-centric design process kennengelernt
Informatik (B.Sc.),TU Darmstadt,Arbeitsaufwand,TK2: Human Computer Interaction,4,Überblickswissen über die gängigen UI Konzepte erworben
Informatik (B.Sc.),TU Darmstadt,Arbeitsaufwand,TK2: Human Computer Interaction,5,Evaluationstechniken kennen gelernt und angewandt
Informatik (B.Sc.),TU Darmstadt,Arbeitsaufwand,Physikalisch-basierte Animation,1,Studierende kennen nach einem erfolgreichen Besuch der Veranstaltung Mehrkörpersysteme und diskrete und kontinuierliche deformierbare Simulationsmodelle.
Informatik (B.Sc.),TU Darmstadt,Arbeitsaufwand,Physikalisch-basierte Animation,2,Sie verstehen die numerischen Simulationsverfahren sowie deren jeweiligen Anwendungsbereiche und können diese Verfahren anwenden.
Informatik (B.Sc.),TU Darmstadt,Arbeitsaufwand,Physikalisch-basierte Animation,3,Sie haben einen grundlegenden Überblick über Verfahren der Echtzeitsimulation in der Computergraphik.
Informatik (B.Sc.),TU Darmstadt,Arbeitsaufwand,Fortgeschrittener Compilerbau,1,Studierende verstehen nach erfolgreichem Besuch Techniken für die Übersetzung und Ausführung von objektorientierten Programmen auf Maschinenebene.
Informatik (B.Sc.),TU Darmstadt,Arbeitsaufwand,Fortgeschrittener Compilerbau,2,Sie können die statische Datenflussanalyse auf Kontrollflussgraphen anwenden und sind geübt im praktischen Umgang mit deren SSA-Darstellung.
Informatik (B.Sc.),TU Darmstadt,Arbeitsaufwand,Fortgeschrittener Compilerbau,3,Sie beherrschen Optimierungsverfahren für eine Reihe von Aufgaben sowie fundamentale Verfahren für die Registerallokation.
Informatik (B.Sc.),TU Darmstadt,Arbeitsaufwand,Fortgeschrittener Compilerbau,4,Sie kennen die interne Struktur von realen Compilern für den Produktivbetrieb.
Informatik (B.Sc.),TU Darmstadt,Arbeitsaufwand,Grundlagen der Robotik,1,"Studierende besitzen nach erfolgreicher Teilnahme die für grundlegende Untersuchungen und ingenieurwissenschaftliche Entwicklungen in der Robotik notwendigen grundlegenden Fachkenntnisse und methodischen Fähigkeiten im Bereich der Modellierung, Kinematik, Dynamik, Regelung, Bahnplanung, Navigation, Wahrnehmung und Autonomie von Robotern."
Informatik (B.Sc.),TU Darmstadt,Arbeitsaufwand,User-Centered Design in Visual Computing,1,Studierende können nach erfolgreichem Besuch der Veranstaltung:
Informatik (B.Sc.),TU Darmstadt,Arbeitsaufwand,User-Centered Design in Visual Computing,2,Geeignete Methoden zur Entwicklung von benutzerzentrierten Softwarelösungen identifizieren und begründen
Informatik (B.Sc.),TU Darmstadt,Arbeitsaufwand,User-Centered Design in Visual Computing,3,Techniken zu benutzerzentrierten Nutzungsschnittstellen anwenden
Informatik (B.Sc.),TU Darmstadt,Arbeitsaufwand,User-Centered Design in Visual Computing,4,Evaluationsmethoden zur Untersuchung der eingesetzten Techniken in den verschiedenen Phasen der Entwicklung identifizieren und auswählen
Informatik (B.Sc.),TU Darmstadt,Arbeitsaufwand,User-Centered Design in Visual Computing,5,"Verbesserungen zur Informationsaufnahme und Navigation auf Basis vorhandener Untersuchungen und Evaluationen vorschlagen Voraussetzung für die Teilnahme Empfohlen: Grundlagen des Visual Computing, wie sie beispielsweise in den Veranstaltungen „Visual Computing“ und „Graphische Datenverarbeitung I“ vermittelt werden"
Informatik (B.Sc.),TU Darmstadt,Arbeitsaufwand,Formale Spezifikation und Verifikation von Software,1,* Erwerbung der Fähigkeit zur Spezifikation komplexer objekt-orientierter Software * Studierende sollen in der Lage sein einen für das vorliegende Problem passenden Spezifikationsansatz auszuwählen und anzuwenden * Studierende sollen in der Lage sein rekursive Methoden und Schleifen zu spezifizieren * Studierende sollen in der Lage sein mit Hilfe von deduktiver Verifikation ihre Programme als korrekt zu beweisen
Informatik (B.Sc.),TU Darmstadt,Arbeitsaufwand,Multithreading in C++,1,Kompetenz in der Entwicklung paralleler Programme
Informatik (B.Sc.),TU Darmstadt,Arbeitsaufwand,Multithreading in C++,2,Systematisch korrekte und effiziente parallele Programme entwickeln
Informatik (B.Sc.),TU Darmstadt,Arbeitsaufwand,Multithreading in C++,3,Parallele Datenstrukturen entwerfen und umsetzen
Informatik (B.Sc.),TU Darmstadt,Arbeitsaufwand,Deep Learning für medizinische Bildgebung,1,"Nach erfolgreichem Abschluss des Kurses sind die Studierenden in der Lage sein, alle Komponenten der Formulierung eines medizinischen Bildanalyseproblems als Problem des Maschinellen Lernens zu verstehen."
Informatik (B.Sc.),TU Darmstadt,Arbeitsaufwand,Deep Learning für medizinische Bildgebung,2,"Sie sind auch in der Lage sein, fundierte Entscheidungen über die Wahl eines universellen Deep Learning Paradigmas für ein gegebenes medizinische Bildanalyseproblem zu treffen."
Informatik (B.Sc.),TU Darmstadt,Arbeitsaufwand,Tiefe Generative Modelle,1,"Nachdem Studierende das Modul besucht haben, können sie"
Informatik (B.Sc.),TU Darmstadt,Arbeitsaufwand,Tiefe Generative Modelle,2,"den Aufbau und die Funktionsweise Tiefer Generativer Modelle (Deep Generative Models, DGM) erklären"
Informatik (B.Sc.),TU Darmstadt,Arbeitsaufwand,Tiefe Generative Modelle,3,wissenschaftliche Veröffentlichungen zum Thema DGMs kritisch hinterfragen und damit fachlich beurteilen
Informatik (B.Sc.),TU Darmstadt,Arbeitsaufwand,Tiefe Generative Modelle,4,grundlegende DGMs in einer dafür ausgelegten höheren Programmiersprache selbstständig konstruieren / implementieren
Informatik (B.Sc.),TU Darmstadt,Arbeitsaufwand,Tiefe Generative Modelle,5,die Implementierung und Anwendung von DGMs auf unterschiedliche Anwendungen übertragen
Informatik (B.Sc.),TU Darmstadt,Arbeitsaufwand,Verteilte Geometrieverarbeitung,1,"Nach dem erfolgreichen Besuch der Veranstaltung besitzen die Studierenden grundlegende Kenntnisse zur Geometrieverarbeitung sowie zur verteilten, cloud-basierten Verarbeitung sehr großer Datenmengen im Allgemeinen."
Informatik (B.Sc.),TU Darmstadt,Arbeitsaufwand,Verteilte Geometrieverarbeitung,2,"Sie sind in der Lage, selbstständig skalierbare Anwendungen zu entwickeln und diese in der Cloud auszuführen, um die Geometrieverarbeitung zu parallelisieren und damit die Performance zu erhöhen."
Informatik (B.Sc.),TU Darmstadt,Model Checking,Model Checking,1,"Im Rahmen des Kurses sollen die Studierenden folgende Fähigkeiten erwerben: * Verständnis der theoretischen Grundlagen der Temporallogiken LTL, CTL und CTL* * Fähigkeit zur Auswahl der geeigneten Logik zur Spezifikation und Modellprüfung in Abhängigkeit von dem zu modellierenden System und der zu prüfenden Eigenschaft * Verfahren und Techniken zur Modellprüfung (Model Checking) z.B. Modellprüfung mit Büchiautomaten, Partial Order Reduction u.ä. * Wissen über die Charakteristika und Grenzen der Modellprüfung * Kenntnisse in der Modellprüfung von Timed Automate * Fähigkeit zur Anwendung von Tools zur Modellprüfung"
Informatik (B.Sc.),TU Darmstadt,Hands-On HCI,Hands-On HCI,1,Nach Abschluss des Moduls können Studierende
Informatik (B.Sc.),TU Darmstadt,Hands-On HCI,Hands-On HCI,2,drei Ansätze zur HCI-Forschung voneinander unterscheiden und anwenden.
Informatik (B.Sc.),TU Darmstadt,Hands-On HCI,Hands-On HCI,3,drei Arten empirischer Untersuchungen unterscheiden.
Informatik (B.Sc.),TU Darmstadt,Hands-On HCI,Hands-On HCI,4,effektiv eine wissenschaftliche Publikation lesen.
Informatik (B.Sc.),TU Darmstadt,Hands-On HCI,Hands-On HCI,5,zwischen Arten von HCI-Beiträgen unterscheiden.
Informatik (B.Sc.),TU Darmstadt,Hands-On HCI,Hands-On HCI,6,"Forschungsfragen, Hypothesen und experimentelle Variablen formulieren und definieren."
Informatik (B.Sc.),TU Darmstadt,Hands-On HCI,Hands-On HCI,7,basierend auf den zuvor erarbeiteten Forschungsfragen ein dazu passendes Studiendesign entwerfen.
Informatik (B.Sc.),TU Darmstadt,Hands-On HCI,Hands-On HCI,8,eine Studie durchführen und dabei quantitative und qualitative Methoden zur Datensammlung verwenden.
Informatik (B.Sc.),TU Darmstadt,Hands-On HCI,Hands-On HCI,9,"quantitative Daten auf der Basis von statistischen Methoden analysieren, auswerten und interpretieren."
Informatik (B.Sc.),TU Darmstadt,Hands-On HCI,Hands-On HCI,10,qualitative Daten auf der Basis von Grounded Theory analysieren und interpretieren.
Informatik (B.Sc.),TU Darmstadt,Hands-On HCI,Hands-On HCI,11,den Peer-Review Prozess verstehen und sowie Reviews für eine wissenschaftliche Publikation schreiben.
Informatik (B.Sc.),TU Darmstadt,Hands-On HCI,Hands-On HCI,12,Evaluationstechniken mit und ohne Nutzern verstehen und anwenden.
Informatik (B.Sc.),TU Darmstadt,Hands-On HCI,Hands-On HCI,13,die gewonnenen Erkenntnisse als wissenschaftliche Publikation verschriftlichen und vor einem Fachpublikum präsentieren.
Informatik (B.Sc.),TU Darmstadt,1.1.2. Mensch- ,1.1.2. Mensch- und Identitätsfokussiertes Maschinelles Lernen,1,Nach erfolgreichem Besuch des Kurses sind die Studierenden mit Konzepten des maschinellen Lernens im Umgang mit personen- und identitätsbezogenen Informationen vertraut.
Informatik (B.Sc.),TU Darmstadt,1.1.2. Mensch- ,1.1.2. Mensch- und Identitätsfokussiertes Maschinelles Lernen,2,"Sie verstehen die grundlegenden Techniken für die Extraktion subjektspezifischer Repräsentationen, einschließlich der damit verbundenen Konzepte für Knowledge Transfer und Distillation."
Informatik (B.Sc.),TU Darmstadt,1.1.2. Mensch- ,1.1.2. Mensch- und Identitätsfokussiertes Maschinelles Lernen,3,"Die Studierenden haben ein Verständnis für demografisch bedingte Verzerrungen beim maschinellen Lernen und Datenschutzbedenken zu Function-Creep erlangt, einschließlich der wichtigsten Konzepte zur Abschwächung dieser Probleme."
Informatik (B.Sc.),TU Darmstadt,1.1.2. Mensch- ,1.1.2. Mensch- und Identitätsfokussiertes Maschinelles Lernen,4,"Sie kennen die Anforderungen und Techniken, die für ein eingebettetes und effizientes HumanCentric Machine Learning erforderlich sind."
Informatik (B.Sc.),TU Darmstadt,1.1.2. Mensch- ,1.1.2. Mensch- und Identitätsfokussiertes Maschinelles Lernen,5,Ebenfalls sind sie mit den Auswirkungen von Data Utility im Lernprozess und dem Hauptkonzept zur Schätzung der Utility von subjektbezogenen Daten vertraut.
Informatik (B.Sc.),TU Darmstadt,1.1.2. Mensch- ,1.1.2. Mensch- und Identitätsfokussiertes Maschinelles Lernen,6,Sie werden fundiertes Wissen über die Erklärungsmethoden für ML-Entscheidungen auf der Grundlage von identitätsbezogenen Daten erlangen.
Informatik (B.Sc.),TU Darmstadt,1.1.2. Mensch- ,1.1.2. Mensch- und Identitätsfokussiertes Maschinelles Lernen,7,Die Studierenden werden in die Konzepte der KI-Ethik und der KIRegulierung im Zusammenhang mit der Verarbeitung und Speicherung personenbezogener Daten eingeführt.
Informatik (B.Sc.),TU Darmstadt,1.1.2. Mensch- ,1.1.2. Mensch- und Identitätsfokussiertes Maschinelles Lernen,8,"Sie sind in der Lage, diese Techniken zur Lösung grundlegender Aufgaben im Bereich von Identitäts- und HumanCentric Machine Learning auf realistische Probleme anzuwenden."
Informatik (B.Sc.),TU Darmstadt,Programmanalyse,Programmanalyse,1,Das Ziel dieses Kurses ist es die zugrundeliegenden Konzepte von statischen Analysen zu vermitteln.
Informatik (B.Sc.),TU Darmstadt,Programmanalyse,Programmanalyse,2,Dies erlaubt es Studierenden statische Analysen in IDEs effektiver zu verwenden.
Informatik (B.Sc.),TU Darmstadt,Programmanalyse,Programmanalyse,3,Des Weiteren sind Studierende nach dem Kurs in der Lage Eigenschaften von statischen Analysen wie Performanz und Präzision zu beurteilen
Informatik (B.Sc.),TU Darmstadt,Software-Engine,Software-Engineering - Wartung und Qualitätssicherung,1,"Das Modul vermittelt den Studierenden nach erfolgreichem Abschluss anhand praktischer Beispiele grundlegende Software-Wartungs- und Qualitätssicherungs-Techniken, also eine ingenieurmäßige Vorgehensweise zur zielgerichteten Wartung und Evolution von Softwaresystemen."
Informatik (B.Sc.),TU Darmstadt,Software-Engine,Software-Engineering - Wartung und Qualitätssicherung,2,"Die Studierenden sind in der Lage, die im Rahmen der Softwarewartung und -pflege eines größeren Systems anfallenden Tätigkeiten durchzuführen."
Informatik (B.Sc.),TU Darmstadt,Software-Engine,Software-Engineering - Wartung und Qualitätssicherung,3,Dies gilt insbesondere auch für Techniken zur Verwaltung von Softwareversionen und -konfigurationen sowie auf das systematische Testen von Software.
Informatik (B.Sc.),TU Darmstadt,Echtzeitsysteme,Echtzeitsysteme,1,"Studierende sind nach erfolgreichem Abschluss des Moduls in der Lage, modellbasierte (objektorientierte) Techniken zur Entwicklung eingebetteter Echtzeitsysteme zu verwenden und zu bewerten."
Informatik (B.Sc.),TU Darmstadt,Echtzeitsysteme,Echtzeitsysteme,2,"Dazu gehören folgende Fähigkeiten:  Systemarchitekturen zu bewerten und Echtzeitsysteme zu klassifizieren  selbständig ausführbare Modelle zu erstellen und zu analysieren  Prozesseinplanungen anhand üblicher Schedulingalgorithmen durchzuführen  Echtzeitprogrammiersprachen und -Betriebssysteme zu unterscheiden, zu bewerten und einzusetzen."
Informatik (B.Sc.),TU Darmstadt,Echtzeitsysteme,Echtzeitsysteme,3,"Voraussetzung für die Teilnahme Grundkenntnisse des Software-Engineerings sowie Kenntnisse einer objektorientierten Programmiersprache Prüfungsform Modulabschlussprüfung:  Modulprüfung (Fachprüfung, mündliche / schriftliche Prüfung, Dauer 90 Min, Standard) Die Prüfung erfolgt durch eine Klausur (Dauer: 90 Min.)."
Informatik (B.Sc.),TU Darmstadt,Echtzeitsysteme,Echtzeitsysteme,4,"Falls absehbar ist, dass sich weniger als 15 Studierende anmelden, erfolgt die Prüfung mündlich (Dauer: 30 Min.)."
Informatik (B.Sc.),TU Darmstadt,Echtzeitsysteme,Echtzeitsysteme,5,Die Art der Prüfung wird zu Beginn der Lehrveranstaltung bekannt gegeben.
Informatik (B.Sc.),TU Darmstadt,Echtzeitsysteme,Echtzeitsysteme,6,"Notenverbesserung bis zu 0,4 nach APB §25 (2) durch Bonus für die regelmäßige Abgabe von Übungsaufgaben"
Informatik (B.Sc.),TU Darmstadt,Arbeitsaufwand,Effiziente Graphenalgorithmen,1,"Nachdem Studierende erfolgreich diese Veranstaltung besucht haben,"
Informatik (B.Sc.),TU Darmstadt,Arbeitsaufwand,Effiziente Graphenalgorithmen,2,kennen sie grundlegende Algorithmen
Informatik (B.Sc.),TU Darmstadt,Arbeitsaufwand,Effiziente Graphenalgorithmen,3,kennen sie Verfahren zur Effizienzsteigerung
Informatik (B.Sc.),TU Darmstadt,Arbeitsaufwand,Effiziente Graphenalgorithmen,4,können sie Graphenalgorithmen analysieren
Informatik (B.Sc.),TU Darmstadt,Arbeitsaufwand,Effiziente Graphenalgorithmen,5,"beherrschen sie Methoden, um spezielle Eigenschaften (Planarität, Dünnbesetztheit) auszunutzen"
Informatik (B.Sc.),TU Darmstadt,Arbeitsaufwand,Effiziente Graphenalgorithmen,6,können sie die Effizienz von Verfahren in der Praxis beurteilen
Informatik (B.Sc.),TU Darmstadt,Arbeitsaufwand,Algorithmische Modellierung / Grundlagen des Operations Research,1,"Nachdem Studierende erfolgreich diese Veranstaltung besucht haben,"
Informatik (B.Sc.),TU Darmstadt,Arbeitsaufwand,Algorithmische Modellierung / Grundlagen des Operations Research,2,"kennen sie Modellierungsstrategien für Entscheidungs-, Konstruktions- und Optimierungsprobleme"
Informatik (B.Sc.),TU Darmstadt,Arbeitsaufwand,Algorithmische Modellierung / Grundlagen des Operations Research,3,können sie zwei algorithmische Modellierungssprachen anwenden
Informatik (B.Sc.),TU Darmstadt,Arbeitsaufwand,Algorithmische Modellierung / Grundlagen des Operations Research,4,können sie komplexe Probleme adäquat modellieren
Informatik (B.Sc.),TU Darmstadt,Arbeitsaufwand,Statische und dynamische Programmanalyse,1,Nach erfolgreicher Teilnahme an der Veranstaltung kennen Studierende ein Spektrum von unterschiedlichen Programmanalysen.
Informatik (B.Sc.),TU Darmstadt,Arbeitsaufwand,Statische und dynamische Programmanalyse,2,Sie verstehen die Funktionsweise der einzelnen Analysetechniken und verstehen die Unterschiede zwischen diesen.
Informatik (B.Sc.),TU Darmstadt,Arbeitsaufwand,Statische und dynamische Programmanalyse,3,"Sie können beurteilen, welche Analysetechnik für welche Problemstellung in Frage kommt und haben die Fähigkeit, die ausgewählte Analysetechnik einzusetzen."
Informatik (B.Sc.),TU Darmstadt,Arbeitsaufwand,Statische und dynamische Programmanalyse,4,Sie können Programmanalysen bezüglich ihrer Präzision und Korrektheit beurteilen.
Informatik (B.Sc.),TU Darmstadt,Arbeitsaufwand,Statische und dynamische Programmanalyse,5,Sie können Programmanalysen auch implementieren und Varianten von bekannten Programmanalysen definieren.
Informatik (B.Sc.),TU Darmstadt,Arbeitsaufwand,Optimierungsalgorithmen,1,"In der Veranstaltung erwerben Studierende systematische Kenntnis generischer algorithmischer Ansätze in der diskreten Optimierung sowie die Fähigkeit, komplexe diskrete Optimierungsprobleme Ziel führend algorithmisch anzugehen."
Informatik (B.Sc.),TU Darmstadt,Arbeitsaufwand,Automatische Softwareverifikation,1,Nach erfolgreicher Teilnahme an der Veranstaltung können die Studierenden eine Vielzahl von Verfahren zur automatischen Verfikation benennen.
Informatik (B.Sc.),TU Darmstadt,Arbeitsaufwand,Automatische Softwareverifikation,2,"Sie können die den Verfahren zugrunde liegenden Formalismen wiedergeben, die Funktionsweise der Verfahren beschreiben und die Verfahren klassifizieren."
Informatik (B.Sc.),TU Darmstadt,Arbeitsaufwand,Automatische Softwareverifikation,3,Außerdem können die Studierenden die Verfahren auf Beispielen anwenden und neue konfigurierbare Programmanalysen entwickeln.
Informatik (B.Sc.),TU Darmstadt,Arbeitsaufwand,Verifikation paralleler Programme,1,"Nach erfolgreicher Teilnahme an der Veranstaltung können die Studierenden Verfahren zur Verifikation von parallelen Programmen, insbesondere Verfahren zur Analyse von Data Races, Deadlocks und Sicherheitseigenschaften (Safety) benennen."
Informatik (B.Sc.),TU Darmstadt,Arbeitsaufwand,Verifikation paralleler Programme,2,"Sie können die den Verfahren zugrunde liegenden Formalismen wiedergeben, die Funktionsweise der Verfahren beschreiben und die Verfahren auf Beispielen anwenden."
Informatik (B.Sc.),TU Darmstadt,Arbeitsaufwand,Verifikation paralleler Programme,3,Außerdem können die Studierenden die Stärken und Schwächen der Verfahren beurteilen.
Informatik (B.Sc.),TU Darmstadt,Einführung in d,Einführung in das Quantencomputing,1,Nach Abschluss des Kurses sind die Studierenden mit allen grundlegenden Konzepten der Quanteninformationsverarbeitung und -berechnung vertraut und können diese mit der Quantenprogrammiersprache Qiskit programmieren.
Informatik (B.Sc.),TU Darmstadt,Einführung in d,Einführung in das Quantencomputing,2,"Sie lernen die wichtigsten ""Eigenheiten"" der Quantenwelt kennen und können diese mit rechnerischen und kryptographischen Aufgabenstellungen verbinden."
Informatik (B.Sc.),TU Darmstadt,Einführung in d,Einführung in das Quantencomputing,3,"Am Ende der Vorlesung wird eine Zusammenfassung der neuesten Entwicklungen in Industrie und Wissenschaft gegeben, die es den Studierenden ermöglicht, ihre zukünftigen Interessen in diesem Bereich zu steuern."
Informatik (B.Sc.),TU Darmstadt,Arbeitsaufwand,Internet - Praktikum Telekooperation,1,Studierende haben nach Besuch dieser Veranstaltung Wissen über zur Zeit aktuell aufkommende Technologien erworben.
Informatik (B.Sc.),TU Darmstadt,Arbeitsaufwand,Internet - Praktikum Telekooperation,2,"Ebenso haben Studierende diese Technologien (Bausteine der zukünftigen Generation von Internetdiensten) praktisch eingesetzt und Erfahrungen bei der Nutzung, Entwicklung und Integration dieser Technologien gesammelt."
Informatik (B.Sc.),TU Darmstadt,Arbeitsaufwand,Praktikum Algorithmen,1,"In dieser Veranstaltung erwerben Studierende die Kompetenz zur Lösung algorithmischer Problemstellungen aus der Praxis und die Fähigkeit, Algorithmen in praktisch effiziente Implementationen umzusetzen."
Informatik (B.Sc.),TU Darmstadt,Arbeitsaufwand,Serious Games Praktikum,1,Nach erfolgreichem Absolvieren der Veranstaltung können die Studierenden eine praktische Aufgabenstellung aus dem „Serious Games“-Umfeld eigenständig bearbeiten sowie die dafür nötige Software konzipieren und prototypisch umsetzen.
Informatik (B.Sc.),TU Darmstadt,Arbeitsaufwand,Serious Games Praktikum,2,Außerdem können sie die von ihnen erzielten Ergebnisse einem Publikum unter Anwendung von verschiedenen Präsentationstechniken vorstellen sowie eine dazugehörige Fachdiskussion aktiv bestreiten.
Informatik (B.Sc.),TU Darmstadt,Arbeitsaufwand,Robotik-Projektpraktikum,1,"Durch erfolgreiche Teilnahme erwerben Studierende vertiefte Kenntnisse in ausgewählten Bereichen und Teilsystemen moderner Robotersysteme sowie vertiefte Fähigkeiten zu deren Entwicklung, Implementierung und experimentellen Evaluation."
Informatik (B.Sc.),TU Darmstadt,Arbeitsaufwand,Robotik-Projektpraktikum,2,Sie trainieren Präsentationsfähigkeiten und (nach Möglichkeit) Fähigkeit zur Arbeit in einem Team.
Informatik (B.Sc.),TU Darmstadt,Arbeitsaufwand,Praktikum Algorithmen II (Vertiefung),1,"In dieser Veranstaltung vertiefen Studierende die Kompetenz zur Lösung algorithmischer Problemstellungen aus der Praxis und die Fähigkeit, Algorithmen in praktisch effiziente Implementationen umzusetzen."
Informatik (B.Sc.),TU Darmstadt,Arbeitsaufwand,Implementierung von Programmiersprachen,1,"Die Fähigkeit, eine professionelle Aufgabe aus der Informatik selbstständig und erfolgreich nach den anerkannten Grundsätzen der Profession zu bearbeiten."
Informatik (B.Sc.),TU Darmstadt,Arbeitsaufwand,Integriertes Robotik-Projekt 1,1,"Durch erfolgreiche Teilnahme erwerben Studierende vertiefte Kenntnisse in ausgewählten Bereichen, Teilsystemen und Methoden moderner Robotersysteme sowie vertiefte Fähigkeiten zu deren Entwicklung, Implementierung und experimentellen Evaluation."
Informatik (B.Sc.),TU Darmstadt,Arbeitsaufwand,Integriertes Robotik-Projekt 1,2,Sie trainieren Präsentationsfähigkeiten und (nach Möglichkeit) Fähigkeit zur Arbeit in einem Team.
Informatik (B.Sc.),TU Darmstadt,Arbeitsaufwand,Visualisierung und Animation von Algorithmen und Datenstrukturen,1,"Nach dem Besuch der Veranstaltung sind Studierende in der Lage,"
Informatik (B.Sc.),TU Darmstadt,Arbeitsaufwand,Visualisierung und Animation von Algorithmen und Datenstrukturen,2,die zur Verfügung gestellte API zur Animation von Algorithmen anzuwenden.
Informatik (B.Sc.),TU Darmstadt,Arbeitsaufwand,Visualisierung und Animation von Algorithmen und Datenstrukturen,3,einen gegebenen Algorithmus auf seine zentralen Elemente zu untersuchen.
Informatik (B.Sc.),TU Darmstadt,Arbeitsaufwand,Visualisierung und Animation von Algorithmen und Datenstrukturen,4,jeweils eine Visualisierung für die zentralen Elemente von zwei ausgewählten Algorithmus zu konstruieren.
Informatik (B.Sc.),TU Darmstadt,Arbeitsaufwand,Visualisierung und Animation von Algorithmen und Datenstrukturen,5,die erstellten Visualisierungen durch die geeignete Wahl von Parametern zu generalisieren.
Informatik (B.Sc.),TU Darmstadt,Arbeitsaufwand,Visualisierung und Animation von Algorithmen und Datenstrukturen,6,"kritisch zu beurteilen, ob die gewählte Visualisierung den Lernprozess beim Betrachter unterstützt."
Informatik (B.Sc.),TU Darmstadt,Arbeitsaufwand,Integriertes Robotik-Projekt 2,1,"Durch erfolgreiche Teilnahme erwerben Studierende vertiefte Kenntnisse in ausgewählten Bereichen, Teilsystemen und Methoden moderner Robotersysteme sowie vertiefte Fähigkeiten zu deren Entwicklung, Implementierung und experimentellen Evaluation."
Informatik (B.Sc.),TU Darmstadt,Arbeitsaufwand,Integriertes Robotik-Projekt 2,2,Sie trainieren Präsentationsfähigkeiten und (nach Möglichkeit) Fähigkeit zur Arbeit in einem Team.
Informatik (B.Sc.),TU Darmstadt,Arbeitsaufwand,Praktikum aus Künstlicher Intelligenz,1,Nach Bearbeitung dieses Praktikums sind die Studierenden in der Lage
Informatik (B.Sc.),TU Darmstadt,Arbeitsaufwand,Praktikum aus Künstlicher Intelligenz,2,Einsatzmöglichkeiten von Werkzeugen der künstlichen Intelligenz zu erkennen
Informatik (B.Sc.),TU Darmstadt,Arbeitsaufwand,Praktikum aus Künstlicher Intelligenz,3,für gegebene Aufgaben passende Werkzeuge auszuwählen und selbständig einzusetzen
Informatik (B.Sc.),TU Darmstadt,Arbeitsaufwand,Praktikum aus Künstlicher Intelligenz,4,den Erfolg des Einsatzes solcher Techniken evaluieren und messen zu können
Informatik (B.Sc.),TU Darmstadt,Arbeitsaufwand,Praktikum Visual Computing,1,"Nach dem erfolgreichen Abschluss des Praktikums sind die Studierenden dazu in der Lage, selbständig ein Problem aus dem Bereich des Visual Computings zu analysieren, zu lösen und die Ergebnisse zu bewerten."
Informatik (B.Sc.),TU Darmstadt,Arbeitsaufwand,Forschungsprojekt Telekooperation,1,Studierende kennen nach erfolgreichem Besuch der Veranstaltung die grundlegenden Methoden der Forschungsarbeit von der Idee bis zur fertigen Publikation.
Informatik (B.Sc.),TU Darmstadt,Arbeitsaufwand,Forschungsprojekt Telekooperation,2,Sie verstehen wie sie komplexe Forschungsfragen in Teilprobleme zerlegen und umfassend beantworten können.
Informatik (B.Sc.),TU Darmstadt,Arbeitsaufwand,Forschungsprojekt Telekooperation,3,Sie können die Qualität der Ergebnisse durch umfassende Evaluation bewerten und angemessen darüber berichten.
Informatik (B.Sc.),TU Darmstadt,Arbeitsaufwand,Java Spiele-Framework,1,"Nach dem Besuch der Veranstaltung sind Studierende in der Lage,"
Informatik (B.Sc.),TU Darmstadt,Arbeitsaufwand,Java Spiele-Framework,2,das zur Verfügung gestellte Framework zur Programmierung von Computerspielen anzuwenden.
Informatik (B.Sc.),TU Darmstadt,Arbeitsaufwand,Java Spiele-Framework,3,ein lauffähiges Computerspiel in einer Kleingruppe zu entwickeln.
Informatik (B.Sc.),TU Darmstadt,Arbeitsaufwand,Java Spiele-Framework,4,"die funktionalen Anforderungen an ein Computerspiel zu bestimmen, diese in zusammenhängende Teilbereiche zu klassifizieren und sie im Anspruch der Realisierung realistisch zu kategorisieren."
Informatik (B.Sc.),TU Darmstadt,Arbeitsaufwand,Java Spiele-Framework,5,eine Musteraufgabenstellung auf eine für Studierende des ersten Semesters geeignete Aufgabenstellung zur Implementierung des gleichen Computerspiels zu übertragen.
Informatik (B.Sc.),TU Darmstadt,Arbeitsaufwand,Java Spiele-Framework,6,"öffentliche und private Tests für das eigene Computerspiele zu entwickeln, um damit die Funktionalität und Korrektheit der studentischen Lösung zu bewerten."
Informatik (B.Sc.),TU Darmstadt,Arbeitsaufwand,Fortgeschrittenes Praktikum Visual Computing,1,"Nach dem erfolgreichen Abschluss des Praktikums sind die Studierenden dazu in der Lage, selbständig ein fortgeschrittenes Problem aus dem Bereich des Visual Computings zu analysieren, zu lösen und die Ergebnisse zu bewerten."
Informatik (B.Sc.),TU Darmstadt,Arbeitsaufwand,Teamleitung im Teamprojekt Softwareentwicklung,1,Leitung eines Projektteams
Informatik (B.Sc.),TU Darmstadt,Arbeitsaufwand,Praktikum Sichere Mobile Netze,1,Nach erfolgreicher Teilnahme an der Veranstaltung besitzen die Studierenden die Fähigkeit Problemstellungen im Bereich Sichere Mobile Netze softwaretechnisch zu lösen.
Informatik (B.Sc.),TU Darmstadt,Arbeitsaufwand,Praktikum Sichere Mobile Netze,2,"Die Studierenden haben hierzu Kenntnisse im Entwurf/der Umsetzung komplexer Protokolle bzw. Anwendungen in einem/mehreren der Bereiche Kommunikationsnetze, Sicherheit, Mobile Netze und Drahtloser Kommunikation erlangt."
Informatik (B.Sc.),TU Darmstadt,Arbeitsaufwand,Praktikum Sichere Mobile Netze,3,"Die Studierenden sind in der Lage die gewählten Protokolle und Anwendungen zu implementieren, zu testen und deren Funktionsfähigkeit und Leistungsfähigkeit zu evaluieren."
Informatik (B.Sc.),TU Darmstadt,Arbeitsaufwand,Praktikum Sichere Mobile Netze,4,Sie sind in der Lage die erstellten Softwareartefakte verständlich zu dokumentieren und die erzielten Projektfortschritten und -ergebnissen verständlich zu präsentieren.
Informatik (B.Sc.),TU Darmstadt,Arbeitsaufwand,Projektpraktikum Sichere Mobile Netze,1,Nach erfolgreicher Teilnahme an der Veranstaltung besitzen die Studierenden die Fähigkeit komplexe Problemstellungen im Bereich Sichere Mobile Netze softwaretechnisch zu lösen.
Informatik (B.Sc.),TU Darmstadt,Arbeitsaufwand,Projektpraktikum Sichere Mobile Netze,2,"Die Studierenden können hierzu eigenständig ein Projekt definieren, verwalten und durchführen."
Informatik (B.Sc.),TU Darmstadt,Arbeitsaufwand,Projektpraktikum Sichere Mobile Netze,3,"Die Studierenden haben Kenntnisse im Entwurf/der Umsetzung komplexer Protokolle bzw. Anwendungen in einem/mehreren der Bereiche Kommunikationsnetze, Sicherheit, Mobile Netze und Drahtloser Kommunikation erlangt."
Informatik (B.Sc.),TU Darmstadt,Arbeitsaufwand,Projektpraktikum Sichere Mobile Netze,4,"Die Studierenden sind in der Lage die gewählten Protokolle und Anwendungen zu implementieren, zu testen und deren Funktionsfähigkeit und Leistungsfähigkeit zu evaluieren."
Informatik (B.Sc.),TU Darmstadt,Arbeitsaufwand,Projektpraktikum Sichere Mobile Netze,5,Sie sind in der Lage die Projektplanung und -verwaltung sowie die erstellten Softwareartefakte verständlich zu dokumentieren und die erzielten Projektfortschritten und -ergebnissen verständlich zu präsentieren.
Informatik (B.Sc.),TU Darmstadt,Arbeitsaufwand,Advanced User Interfaces,1,"Studierende haben einen Einblick in die Prinzipien und Methoden zum Entwurf und zur Entwicklung multimedialer, kollaborativer und adaptiver Benutzungsschnittstellen anhand einer praktischen Anwendung unter Berücksichtigung verschiedener Kontextbedingungen bekommen."
Informatik (B.Sc.),TU Darmstadt,Arbeitsaufwand,Praktikum zu Algorithmen für Hardware-Entwurfswerkzeuge,1,Nach erfolgreichem Absolvieren der Veranstaltung können die Studierenden eigenständig Hardware-Entwurfswerkzeuge für eine vorgegebene Zieltechnologie von integrierten Schaltungen erstellen.
Informatik (B.Sc.),TU Darmstadt,Arbeitsaufwand,Praktikum zu Algorithmen für Hardware-Entwurfswerkzeuge,2,Sie können ihre Werkzeuge bezüglich verschiedener Gütemaße evaluieren und mit anderen existierenden Implementierungen vergleichen.
Informatik (B.Sc.),TU Darmstadt,Arbeitsaufwand,Implementierung und Forensik und Mediensicherheit,1,Die Studierenden implementieren ausgewählte Methoden aus der Multimedia Sicherheit und der IT Forensik in verschiedenen aktuellen Hochsprachen abhängig von der konkreten Aufgabenstellung.
Informatik (B.Sc.),TU Darmstadt,Arbeitsaufwand,Implementierung und Forensik und Mediensicherheit,2,"Ziel ist es, abstrakte Algorithmen und Problemstellungen praxisnah umsetzen und lösen zu lernen."
Informatik (B.Sc.),TU Darmstadt,Arbeitsaufwand,Implementierung und Forensik und Mediensicherheit,3,"Ziel ist hierbei insbesondere, eine effiziente Lösung zu finden, die das gegebene Problem zuverlässig löst."
Informatik (B.Sc.),TU Darmstadt,Arbeitsaufwand,Implementierung und Forensik und Mediensicherheit,4,Die Studierenden werden vertraut mit dem Prozess der softwaretechnischen Problemlösung praxisnaher Fragenstellungen der IT Forensik und Multimedia Sicherheit.
Informatik (B.Sc.),TU Darmstadt,Arbeitsaufwand,Praktikum System and IoT Security,1,Durch die erfolgreiche Teilnahme an dieser Veranstaltung erlangen Studierende Kenntnisse und praktische Erfahrungen mit Sicherheitsmechanismen in moderne Smartphone Betriebssystemen.
Informatik (B.Sc.),TU Darmstadt,Arbeitsaufwand,Praktikum System and IoT Security,2,Außerdem erwerben sie generelle Erfahrung in Systemprogrammierung.
Informatik (B.Sc.),TU Darmstadt,Arbeitsaufwand,Praktikum: Zuverlässige Softwaresicherheit für mobile Endgeräte,1,Nach erfolgreicher Teilnahme an der Veranstaltung kennen Studierende grundlegende Konzepte von Android wie das Berechtigungssystem.
Informatik (B.Sc.),TU Darmstadt,Arbeitsaufwand,Praktikum: Zuverlässige Softwaresicherheit für mobile Endgeräte,2,"Sie verstehen Sicherheitsprobleme, die durch die Ausführung von Apps entstehen können und verstehen wie diese durch Informationsflussanalysen verhindert werden."
Informatik (B.Sc.),TU Darmstadt,Arbeitsaufwand,Praktikum: Zuverlässige Softwaresicherheit für mobile Endgeräte,3,Sie verstehen die Vorteile der Verwendung von Proof-Carrying Code.
Informatik (B.Sc.),TU Darmstadt,Arbeitsaufwand,Praktikum: Zuverlässige Softwaresicherheit für mobile Endgeräte,4,Sie können Apps eigenständig entwickeln und die durch ihre Ausführung entstehenden Informationsflüsse bezüglich Privatheitsanforderungen evaluieren.
Informatik (B.Sc.),TU Darmstadt,Arbeitsaufwand,Praktikum: Zuverlässige Softwaresicherheit für mobile Endgeräte,5,Sie können Erweiterungen für eine existierende Sicherheitsinfrastruktur entwickeln und funktionsfähig integrieren.
Informatik (B.Sc.),TU Darmstadt,Arbeitsaufwand,Praktikum zur Technischen Informatik,1,Nach erfolgreichem Absolvieren der Veranstaltung können die Studierenden eigenständig ein komplexeres Problem aus dem Bereich der Technischen Informatik lösen.
Informatik (B.Sc.),TU Darmstadt,Arbeitsaufwand,Praktikum zur Technischen Informatik,2,Sie können die Qualität ihrer Lösung evaluieren und mit anderen bestehenden Lösungen vergleichen.
Informatik (B.Sc.),TU Darmstadt,Arbeitsaufwand,Serious Games Projektpraktikum,1,Nach erfolgreichem Absolvieren der Veranstaltung können die Studierenden eine praktische Aufgabenstellung aus dem „Serious Games“-Umfeld eigenständig bearbeiten sowie die dafür nötige Software konzipieren und prototypisch umsetzen.
Informatik (B.Sc.),TU Darmstadt,Arbeitsaufwand,Serious Games Projektpraktikum,2,"Zusätzlich erwerben sie praktisches Wissen im Bereich des Projektmanagements, dass sie nicht nur auf ihr eigenes Thema anwenden, sondern auch auf zukünftige Projekte transferieren können."
Informatik (B.Sc.),TU Darmstadt,Arbeitsaufwand,Serious Games Projektpraktikum,3,Außerdem können sie die von ihnen erzielten Ergebnisse einem Publikum unter Anwendung von verschiedenen Präsentationstechniken vorstellen sowie eine dazugehörige Fachdiskussion aktiv bestreiten.
Informatik (B.Sc.),TU Darmstadt,Arbeitsaufwand,Software Development Tools,1,Gewinnen von praktischer Erfahrung in der Entwicklung von Softwareentwicklungswerkzeugen.
Informatik (B.Sc.),TU Darmstadt,Arbeitsaufwand,Software Development Tools,2,Verstehen der Grenzen von Softwareentwicklungswerkzeugen.
Informatik (B.Sc.),TU Darmstadt,Arbeitsaufwand,Softwaresecurity durch Laufzeitüberwachung,1,"Praktische Erfahrung mit Laufzeitüberwachung zur Anwendungssicherheit, insbesondere zu: Inlining von Mechanismen zur Laufzeitüberwachung; formale Spezifikation von Sicherheitsanforderungen; Laufzeitüberwachung von Sicherheit in verteilten Systemen; Schwachstellenanalyse von Laufzeitmechanismen; Testen und Evaluation von Laufzeitmechanismen"
Informatik (B.Sc.),TU Darmstadt,Arbeitsaufwand,Forschungsprojekt Knowledge Engineering und Maschinelles Lernen,1,Nach Bearbeitung dieses Projekts sind die Studierenden in der Lage
Informatik (B.Sc.),TU Darmstadt,Arbeitsaufwand,Forschungsprojekt Knowledge Engineering und Maschinelles Lernen,2,"selbständig kleinere Forschungsarbeiten in den Bereichen Knowledge Engineering, Künstliche Intelligenz, maschinelles Lernen und Data Mining durchzuführen"
Informatik (B.Sc.),TU Darmstadt,Arbeitsaufwand,Forschungsprojekt Knowledge Engineering und Maschinelles Lernen,3,diese Ergebnisse in einem Abschlußreport zu dokumentieren
Informatik (B.Sc.),TU Darmstadt,Arbeitsaufwand,Forschungsprojekt Knowledge Engineering und Maschinelles Lernen,4,in einem wissenschaftlichen Vortrag zu präsentieren
Informatik (B.Sc.),TU Darmstadt,Arbeitsaufwand,Forschungsprojekt Knowledge Engineering und Maschinelles Lernen,5,in einer kritischen Diskussion zu verteidigen
Informatik (B.Sc.),TU Darmstadt,Arbeitsaufwand,"Lernende Roboter: Integriertes Projekt, Teil 1",1,"Nach erfolgreichen Abschluss der Lehrveranstaltung, können Studierende unabhängig kleine Forschungsprojekte im Bereich Robot Learning aufbauen und in Simulation erproben."
Informatik (B.Sc.),TU Darmstadt,Arbeitsaufwand,"Lernende Roboter: Integriertes Projekt, Teil 2",1,Nach erfolgreichem Abschluss der Lehrveranstaltung können Studierende unabhängig kleine Forschungsprojekte im Bereich Robot Learning aufbauen und in Simulation erproben.
Informatik (B.Sc.),TU Darmstadt,Arbeitsaufwand,Projektpraktikum Programmierung Massiv Paralleler Systeme,1,"Nach dem erfolgreichen Abschluss des Projektpraktikums sind die Studierenden in der Lage große massiv-parallele Projekte zu bearbeiten, welche den Umfang der meisten anderen Projekte während des Studiums weit übersteigen."
Informatik (B.Sc.),TU Darmstadt,Arbeitsaufwand,Projektpraktikum Programmierung Massiv Paralleler Systeme,2,"Hierzu können sie aktuelle Techniken analysieren, modifizieren und anwenden."
Informatik (B.Sc.),TU Darmstadt,Arbeitsaufwand,Projektpraktikum Capturing Reality,1,"Im Rahmen des Projektpraktikums lernen Studierende, eine umfangreiches Problem an der Schnittstelle von Computergraphik und Computer Vision im Team zu lösen."
Informatik (B.Sc.),TU Darmstadt,Arbeitsaufwand,Projektpraktikum Capturing Reality,2,"Hierzu können sie aktuelle Techniken analysieren, modifizieren und anwenden."
Informatik (B.Sc.),TU Darmstadt,Arbeitsaufwand,Praktikum: Formale Spezifikation und Verifikation in Isabelle/HOL,1,"Nach erfolgreicher Teilnahme an der Veranstaltung kennen Studierende die Formalismen auf denen Isabelle/HOL basiert, und sie könnnen dieses moderne Verifikationswerkzeug verwenden."
Informatik (B.Sc.),TU Darmstadt,Arbeitsaufwand,Praktikum: Formale Spezifikation und Verifikation in Isabelle/HOL,2,Sie können in Isabelle/HOL sowohl eigenständig als auch im Team formale Modelle von Systemen und Eigenschaften konstruieren und Aussagen beweisen.
Informatik (B.Sc.),TU Darmstadt,Arbeitsaufwand,Praktikum: Formale Spezifikation und Verifikation in Isabelle/HOL,3,"Sie können erstellte formale Modelle und Beweise beurteilen, anderen präsentieren und im Team fundiert diskutieren."
Informatik (B.Sc.),TU Darmstadt,Arbeitsaufwand,Dynamische Kontrolle von Systemanforderungen,1,Nach erfolgreicher Teilnahme an der Veranstaltung kennen Studierende grundlegende Konzepte der dynamischen Kontrolle in verteilten Systemen.
Informatik (B.Sc.),TU Darmstadt,Arbeitsaufwand,Dynamische Kontrolle von Systemanforderungen,2,"Sie verstehen wie Schwachstellen in verteilten Softwaresystemen, wie z.B. Sicherheitslücken, mit Hilfe von dynamischen Kontrollen beseitigt werden können."
Informatik (B.Sc.),TU Darmstadt,Arbeitsaufwand,Dynamische Kontrolle von Systemanforderungen,3,"Sie verstehen, wie Anforderungen als Politiken formalisiert werden können und können solche Formalisierungen von Anforderungen in verschiedenen Sprachen durchführen."
Informatik (B.Sc.),TU Darmstadt,Arbeitsaufwand,Dynamische Kontrolle von Systemanforderungen,4,Sie können Mechanismen zur dynamischen Kontrolle für konkrete Systeme und Anforderungen einsetzen und adaptieren.
Informatik (B.Sc.),TU Darmstadt,Arbeitsaufwand,Dynamische Kontrolle von Systemanforderungen,5,"Sie können Mechanismen zur dynamischen Kontrolle entwickeln, evaluieren und mit anderen Mechanismen integrieren."
Informatik (B.Sc.),TU Darmstadt,Arbeitsaufwand,Zuverlässige Softwaresicherheit für mobile Endgeräte,1,Nach erfolgreicher Teilnahme an der Veranstaltung kennen Studierende grundlegende Konzepte von Android wie das Berechtigungssystem.
Informatik (B.Sc.),TU Darmstadt,Arbeitsaufwand,Zuverlässige Softwaresicherheit für mobile Endgeräte,2,"Sie verstehen Sicherheitsprobleme, die durch die Ausführung von apps entstehen können und verstehen wie diese durch Informationsflussanalysen verhindert werden."
Informatik (B.Sc.),TU Darmstadt,Arbeitsaufwand,Zuverlässige Softwaresicherheit für mobile Endgeräte,3,Sie verstehen die Vorteile der Verwendung von Proof-Carrying-Code.
Informatik (B.Sc.),TU Darmstadt,Arbeitsaufwand,Zuverlässige Softwaresicherheit für mobile Endgeräte,4,Sie können apps eigenständig entwickeln und die durch ihre Ausführung entstehenden Informationsflüsse bezüglich Privatheitsanforderungen evaluieren.
Informatik (B.Sc.),TU Darmstadt,Arbeitsaufwand,Zuverlässige Softwaresicherheit für mobile Endgeräte,5,Sie können Erweiterungen für eine existierende Sicherheitsinfrastruktur entwickeln und funktionsfähig integrieren.
Informatik (B.Sc.),TU Darmstadt,Arbeitsaufwand,Praktikum Compilerbau,1,Nach erfolgreichem Absolvieren der Veranstaltung können die Studierenden wesentliche Teile von modernen Compilern selbständig implementieren und ggf. in existierende CompilerFrameworks integrieren.
Informatik (B.Sc.),TU Darmstadt,Arbeitsaufwand,Praktikum Compilerbau,2,Dabei können sie ihre Kenntnisse sowohl von compiler-spezifischem Wissen (beispielsweise über verschiedene Zwischendarstellungen) als auch allgemeinen Programmiertechnik (z.B. Design Patterns) anwenden und vertiefen.
Informatik (B.Sc.),TU Darmstadt,Arbeitsaufwand,Projekt-Praktikum Knowledge Engineering und Maschinelles Lernen,1,Nach Bearbeitung dieses Projekts sind die Studierenden in der Lage
Informatik (B.Sc.),TU Darmstadt,Arbeitsaufwand,Projekt-Praktikum Knowledge Engineering und Maschinelles Lernen,2,"selbständig größere Programmieraufgaben in den Bereichen Knowledge Engineering, Künstliche Intelligenz, Maschinelles Lernen und Data Mining durchzuführen"
Informatik (B.Sc.),TU Darmstadt,Arbeitsaufwand,Projekt-Praktikum Knowledge Engineering und Maschinelles Lernen,3,mit Hilfe der implementierte Instrumente wissenschaftliche Experimente und Evaluierungen durchzuführen
Informatik (B.Sc.),TU Darmstadt,Arbeitsaufwand,Softwareprojekt Datenanalyse für natürliche Sprache,1,"Nachdem Studierende die Veranstaltung besucht haben, können sie"
Informatik (B.Sc.),TU Darmstadt,Arbeitsaufwand,Softwareprojekt Datenanalyse für natürliche Sprache,2,"sprachtechnologische Frameworks verstehen und einsetzen,"
Informatik (B.Sc.),TU Darmstadt,Arbeitsaufwand,Softwareprojekt Datenanalyse für natürliche Sprache,3,"komplexe NLP-Systeme eigenständig planen und umsetzen,"
Informatik (B.Sc.),TU Darmstadt,Arbeitsaufwand,Softwareprojekt Datenanalyse für natürliche Sprache,4,große natürlichsprachliche Daten analysieren und
Informatik (B.Sc.),TU Darmstadt,Arbeitsaufwand,Softwareprojekt Datenanalyse für natürliche Sprache,5,die eigenen Ergebnisse mündlich und schriftlich präsentieren.
Informatik (B.Sc.),TU Darmstadt,1.1.3. Hardware,1.1.3. Hardware-Entwurf für die Videoverarbeitung,1,Nach erfolgreicher Teilnahme können die Studierenden Echtzeit-Hardwarebeschleuniger für den Bereich Videoverarbeitung in der Hardware-Beschreibungssprache VHDL entwerfen und mittels Simulation validieren.
Informatik (B.Sc.),TU Darmstadt,1.1.3. Hardware,1.1.3. Hardware-Entwurf für die Videoverarbeitung,2,Sie können durch Verwendung der EAD/CAD-Werkzeuge ihre Entwürfe in ein rekonfigurierbares System-on-Chip integrieren.
Informatik (B.Sc.),TU Darmstadt,1.1.3. Hardware,1.1.3. Hardware-Entwurf für die Videoverarbeitung,3,Sie können die entstehenden Systeme evaluieren und aus den beobachteten Charakteristika Rückschlüsse für die weitere Entwicklung ziehen.
Informatik (B.Sc.),TU Darmstadt,Arbeitsaufwand,Embedded System Hands-On 1: Entwurf und Realisierung von Hardware/Software-Systemen,1,Nach erfolgreicher Teilnahme sind Studierende mit dem praktischen Entwurf und der Realisierung von eingebetten Hardware/Software-Systemen vertraut.
Informatik (B.Sc.),TU Darmstadt,Arbeitsaufwand,Embedded System Hands-On 1: Entwurf und Realisierung von Hardware/Software-Systemen,2,"Dazu gehören auch Kenntnisse von elektrotechnischen Grundlagen und der Umgang mit Laborelektronik, die Verwendung von Beschreibungssprachen und EDA/CAD-Werkzeugen für den Hardware-Entwurf, das Programmieren und Debuggen speziell im Umfeld eingebetteter Systeme sowie auch der Einsatz von Linux als Betriebssystem in diesem Kontext."
Informatik (B.Sc.),TU Darmstadt,Arbeitsaufwand,Embedded System Hands-On 1: Entwurf und Realisierung von Hardware/Software-Systemen,3,"Voraussetzung für die Teilnahme Empfohlen: Erfolgreicher Besuch der Vorlesungen „Digitaltechnik“, „Rechnerorganisation“, „Architektur und Entwurf von Rechnersystemen“, „Betriebssysteme“ und „Parallele Programmierung“ oder vergleichbare Kenntnisse aus anderen Veranstaltungen."
Informatik (B.Sc.),TU Darmstadt,Arbeitsaufwand,Embedded Systems Hands-On 2: Entwurf von Hardware-Beschleunigern für Systems-on-Chip,1,"Die Teilnehmenden erwerben die Fertigkeiten, das in vorangehenden Veranstaltungen erworbene Methodenwissen nun anzuwenden, um ein eingebettetes System mittels Hardware/Software-Co-Entwurf zu realisieren."
Informatik (B.Sc.),TU Darmstadt,Arbeitsaufwand,Projektpraktikum E-Learning,1,Nach dem Projektpraktikum haben die Studierenden ein besseres Verständnis von E-Learning und umfangreicheres Wissen über die Gestaltung und Umsetzung von lernförderndem ELearning erhalten.
Informatik (B.Sc.),TU Darmstadt,Arbeitsaufwand,Projektpraktikum Deep Learning in der Computer Vision,1,Durch erfolgreiche Teilnahme erwerben Studierende vertiefte Kenntnisse in tiefen neuronalen Netzen und deren Anwendungen in der Computer Vision.
Informatik (B.Sc.),TU Darmstadt,Arbeitsaufwand,Projektpraktikum Deep Learning in der Computer Vision,2,"Sie können aktuelle Techniken in diesem Bereich analysieren, modifizieren und anwenden."
Informatik (B.Sc.),TU Darmstadt,Arbeitsaufwand,Projektpraktikum Deep Learning in der Computer Vision,3,Sie trainieren weiterhin Präsentationsfähigkeiten und die Arbeit in einem Team.
Informatik (B.Sc.),TU Darmstadt,Arbeitsaufwand,Distributed Systems Programming: Projektpraktikum,1,"Nach der Teilnahme am ""DSP-Projektpraktikum"" können Studierende technische und wissenschaftliche Probleme im Bereich DS lösen."
Informatik (B.Sc.),TU Darmstadt,Arbeitsaufwand,Distributed Systems Programming: Projektpraktikum,2,"Je nach ausgewähltem Thema erlernen Studierende folgende Kompetenzen: Entwurf komplexer DS Methodische Analyse und Auswertung von:       Modellen Experimenten Software Entwurf von Programmiersprachen Schreiben von technischen Dokumenten oder Projektberichten Erstellen und vortragen eines Abschlussvortrages Voraussetzung für die Teilnahme Empfohlen: Interesse am Erarbeiten von Lösungsvorschlägen für herausfordernde Probleme im Bereich DS, eigenverantwortliches arbeiten und ein großes Interesse an aktuellen Forschungsthemen."
Informatik (B.Sc.),TU Darmstadt,Arbeitsaufwand,Distributed Systems Programming: Projektpraktikum,3,"Da die angebotenen Themen ein großes Themengebiet abdecken, sind die Anforderungen sehr verschieden und projektabhängig."
Informatik (B.Sc.),TU Darmstadt,Arbeitsaufwand,Distributed Systems Programming: Projektpraktikum,4,Eine detaillierte Beschreibung der Themen als auch der Anforderungen wird während des ersten Termins präsentiert.
Informatik (B.Sc.),TU Darmstadt,Arbeitsaufwand,Distributed Systems Programming: Praktikum,1,"Nach der Teilnahme am ""DSP-Praktikum"" können Studierende technische und wissenschaftliche Probleme im Bereich DS lösen."
Informatik (B.Sc.),TU Darmstadt,Arbeitsaufwand,Distributed Systems Programming: Praktikum,2,"Je nach ausgewähltem Thema erlernen Studierende folgende Kompetenzen: Entwurf komplexer DS Methodische Analyse und Auswertung von:  Modellen      Experimenten Software Entwurf von Programmiersprachen Schreiben von technischen Dokumenten oder Projektberichten Erstellen und vortragen eines Abschlussvortrages Voraussetzung für die Teilnahme Empfohlen: Interesse am Erarbeiten von Lösungsvorschlägen für herausfordernde Probleme im Bereich DS, eigenverantwortliches Arbeiten und ein großes Interesse an aktuellen Forschungsthemen."
Informatik (B.Sc.),TU Darmstadt,Arbeitsaufwand,Distributed Systems Programming: Praktikum,3,"Da die angebotenen Themen ein großes Themengebiet abdecken, sind die Anforderungen sehr verschieden und projektabhängig."
Informatik (B.Sc.),TU Darmstadt,Arbeitsaufwand,Distributed Systems Programming: Praktikum,4,Eine detaillierte Beschreibung der Themen als auch der Anforderungen wird während des ersten Termins präsentiert.
Informatik (B.Sc.),TU Darmstadt,Arbeitsaufwand,Agile Software Engineering Projekt,1,- Erfahrung in der Entwicklung realer Softwareprojekte
Informatik (B.Sc.),TU Darmstadt,Arbeitsaufwand,Agile Software Engineering Projekt,2,Wertschätzung der verschiedenen Rollen im Rahmen von Softwareentwicklungsprojekten
Informatik (B.Sc.),TU Darmstadt,Arbeitsaufwand,Agile Software Engineering Projekt,3,Projektabhängige Evaluierung vorhandener Werkzeuge und Methoden
Informatik (B.Sc.),TU Darmstadt,Arbeitsaufwand,Agile Software Engineering Projekt,4,"Training von ""Soft Skills""; insbesondere Teamarbeit und Präsentationsfähigkeiten"
Informatik (B.Sc.),TU Darmstadt,Arbeitsaufwand,Agile Software Engineering Projekt,5,Kommunikation mit Kunden
Informatik (B.Sc.),TU Darmstadt,Arbeitsaufwand,Fortgeschrittene Themen in Eingebetteten Systemen und ihren Anwendungen,1,Der/die Studierende sollen Erfahrungen mit der Einarbeitung in ein neues Themenfeld und der praktischen Bearbeitung einer komplexeren Aufgabe aus diesem sammeln.
Informatik (B.Sc.),TU Darmstadt,Arbeitsaufwand,Fortgeschrittene Themen in Eingebetteten Systemen und ihren Anwendungen,2,"Zu diesen Erfahrungen können Literaturrecherchen, das Einarbeiten in bestehende Code-Basen aus dem Hardware/Software-Bereich, sowie ganz praktische Implementierung von Hardware und/oder Software gehören."
Informatik (B.Sc.),TU Darmstadt,Arbeitsaufwand,Fortgeschrittene Themen in Eingebetteten Systemen und ihren Anwendungen,3,Beim Abschlussvortrag sind auch geeignete Präsentationstechniken anzuwenden.
Informatik (B.Sc.),TU Darmstadt,Arbeitsaufwand,Parallele Programmiertechnologie,1,Kennenlernen und praktische Entwicklung und/oder Anwendung paralleler Programmiertechnologien
Informatik (B.Sc.),TU Darmstadt,Arbeitsaufwand,Parallele Programmiertechnologie,2,Einüben softwaretechnischer Methoden
Informatik (B.Sc.),TU Darmstadt,Arbeitsaufwand,Parallele Programmiertechnologie,3,Teamarbeit in Softwareprojekten
Informatik (B.Sc.),TU Darmstadt,Arbeitsaufwand,Parallele Programmiertechnologie,4,Präsentation von Projektergebnissen in Berichten und Vorträgen
Informatik (B.Sc.),TU Darmstadt,Arbeitsaufwand,Compiler Tooling,1,"Nach dem Besuch dieses Kurses kennen die Studierenden grundlegende und fortgeschrittene Konzepte der syntaktischen und semantischen Code Analyse und Quelltext-Transformation, basierend auf der Clang/LLVM Technologie."
Informatik (B.Sc.),TU Darmstadt,Arbeitsaufwand,Compiler Tooling,2,"Insbesondere können sie auf spezielle Aufgaben zugeschnittene statische Analyse- und Code- Transformations Werkzeuge entwerfen und implementieren, das geeignete Abstraktionsniveau für die zu lösende Aufgabe reflektieren und entscheiden, und weitere Nutzungsszzenarien für Compiler Technologie erstellen."
Informatik (B.Sc.),TU Darmstadt,Arbeitsaufwand,Compiler Tooling,3,"Voraussetzung für die Teilnahme Empfohlen: Der vorherige Besuch von „Einführung in Compilerbau“ und „Parallele Programmierung“ oder vergleichbarer Veranstaltungen, Kentnisse von C++"
Informatik (B.Sc.),TU Darmstadt,Arbeitsaufwand,Gründung eines IT-Start-Up,1,Nach erfolgreichem Besuch dieser Veranstaltung haben die Studierenden die Grundlagen für die Erstellung eines Businessplans kennengelernt.
Informatik (B.Sc.),TU Darmstadt,Arbeitsaufwand,Gründung eines IT-Start-Up,2,Sie sind in der Lage die relevanten Fragestellungen bei der Erstellung von Businessplänen für innovative Geschäftsmodelle zu identifizieren und zu bearbeiten.
Informatik (B.Sc.),TU Darmstadt,Arbeitsaufwand,Cybersecurity Lab,1,"Am Ende des Kurses werden die Studierenden gute Kenntnisse in Netzwerksicherheit, und speziell auf den Gebieten der durch sie bearbeitenden Projekte, erlangen."
Informatik (B.Sc.),TU Darmstadt,Arbeitsaufwand,"Praktikum Friedens-, Sicherheits- und Kriseninformatik",1,Die Fähigkeit eine praktische Aufgabe ggf. im Team erfolgreich nach Vorgabe zu bearbeiten und deren Ergebnisse angemessen zu präsentieren.
Informatik (B.Sc.),TU Darmstadt,Arbeitsaufwand,"Praktikum Friedens-, Sicherheits- und Kriseninformatik",2,Beispiele sind:
Informatik (B.Sc.),TU Darmstadt,Arbeitsaufwand,"Praktikum Friedens-, Sicherheits- und Kriseninformatik",3,Anforderungserhebung und (empirische) Vorstudien
Informatik (B.Sc.),TU Darmstadt,Arbeitsaufwand,"Praktikum Friedens-, Sicherheits- und Kriseninformatik",4,Konzeption und Implementierung innovativer Anwendungen
Informatik (B.Sc.),TU Darmstadt,Arbeitsaufwand,"Praktikum Friedens-, Sicherheits- und Kriseninformatik",5,Evaluation und Weiterentwicklung bestehender Anwendungen
Informatik (B.Sc.),TU Darmstadt,Arbeitsaufwand,Projektpraktikum Friedens- und Kriseninformatik,1,Die Fähigkeit eine praktische Aufgabe ggf. im Team erfolgreich nach Vorgabe zu bearbeiten und deren Ergebnisse angemessen zu präsentieren.
Informatik (B.Sc.),TU Darmstadt,Arbeitsaufwand,Projektpraktikum Friedens- und Kriseninformatik,2,Beispiele sind:
Informatik (B.Sc.),TU Darmstadt,Arbeitsaufwand,Projektpraktikum Friedens- und Kriseninformatik,3,Anforderungserhebung und (empirische) Vorstudien
Informatik (B.Sc.),TU Darmstadt,Arbeitsaufwand,Projektpraktikum Friedens- und Kriseninformatik,4,Konzeption und Implementierung innovativer Anwendungen
Informatik (B.Sc.),TU Darmstadt,Arbeitsaufwand,Projektpraktikum Friedens- und Kriseninformatik,5,Evaluation und Weiterentwicklung bestehender Anwendungen
Informatik (B.Sc.),TU Darmstadt,Arbeitsaufwand,Projektpraktikum Algorithmik,1,"Nach erfolgreicher Teilnahme an der Veranstaltung besitzen die Studierenden die Fähigkeit, komplexe Problemstellungen im Themenbereich softwaretechnisch zu lösen."
Informatik (B.Sc.),TU Darmstadt,Arbeitsaufwand,Projektpraktikum Algorithmik,2,"Die Studierenden können hierzu eigenständig ein Projekt definieren, verwalten und durchführen."
Informatik (B.Sc.),TU Darmstadt,Arbeitsaufwand,Projektpraktikum Algorithmik,3,Die Studierenden haben Kenntnisse im Entwurf/der Umsetzung von Algorithmen und Anwendungen erlangt.
Informatik (B.Sc.),TU Darmstadt,Arbeitsaufwand,Projektpraktikum Algorithmik,4,"Sie sind in der Lage, die gewählten Algorithmen und ihre Anwendung zu implementieren, zu testen und deren Funktionsfähigkeit und Leistungsfähigkeit zu evaluieren, die Projektplanung und -verwaltung sowie die erstellten Softwareartefakte verständlich zu dokumentieren."
Informatik (B.Sc.),TU Darmstadt,Arbeitsaufwand,Automatische Textzusammenfassung,1,"kennen verschiedene Methoden zur automatischen Zusammenfassung von Texten, ihre Funktionsweisen und ihre Eigenschaften"
Informatik (B.Sc.),TU Darmstadt,Arbeitsaufwand,Automatische Textzusammenfassung,2,können Methoden zur automatischen Zusammenfassung auf Texttypen verschiedener Art anwenden
Informatik (B.Sc.),TU Darmstadt,Arbeitsaufwand,Automatische Textzusammenfassung,3,können die Qualität einer generierten Zusammenfassung anhand verschiedener Kriterien beurteilen
Informatik (B.Sc.),TU Darmstadt,Arbeitsaufwand,Data Management - Praktikum,1,Nach Beendigung der Veranstaltung haben Studierende folgende Lernziele erreicht:
Informatik (B.Sc.),TU Darmstadt,Arbeitsaufwand,Data Management - Praktikum,2,Vertieftes Verständnis von aktuellen Techniken für moderne Datenmanagement-Systeme
Informatik (B.Sc.),TU Darmstadt,Arbeitsaufwand,Data Management - Praktikum,3,Anwendung und Implementierung der Techniken in individuellen Projekten
Informatik (B.Sc.),TU Darmstadt,Arbeitsaufwand,Data Management - Praktikum,4,Evaluierung von möglichen Designalternativen mit Hilfe von Benchmarks bzw. realen Workloads
Informatik (B.Sc.),TU Darmstadt,Arbeitsaufwand,Data Management - Projektpraktikum,1,Nach Beendigung der Veranstaltung haben Studierende folgende Lernziele erreicht:
Informatik (B.Sc.),TU Darmstadt,Arbeitsaufwand,Data Management - Projektpraktikum,2,Vertieftes Verständnis von aktuellen Techniken für moderne Datenmanagement-Systeme
Informatik (B.Sc.),TU Darmstadt,Arbeitsaufwand,Data Management - Projektpraktikum,3,Anwendung und Implementierung der Techniken in individuellen Projekten
Informatik (B.Sc.),TU Darmstadt,Arbeitsaufwand,Data Management - Projektpraktikum,4,Evaluierung von möglichen Designalternativen mit Hilfe von Benchmarks bzw. realen Workloads
Informatik (B.Sc.),TU Darmstadt,Arbeitsaufwand,Anwendung von Reinforcement Learning Methoden,1,"Praktische Einführung in das wissenschaftliche Arbeiten, Durchführung eines Experimentes von der Forschungsidee bis hin zur Veröffentlichung."
Informatik (B.Sc.),TU Darmstadt,Arbeitsaufwand,Projektpraktikum Softwareentwicklung zum Schutz der Privatsphäre,1,- Tieferes Verständnis warum Privatheit benötigt wird und wie sie sichergestellt werden kann
Informatik (B.Sc.),TU Darmstadt,Arbeitsaufwand,Projektpraktikum Softwareentwicklung zum Schutz der Privatsphäre,2,Mehr Erfahrung in Softwareentwicklung und Projektmanagement
Informatik (B.Sc.),TU Darmstadt,Arbeitsaufwand,Projektpraktikum Softwareentwicklung zum Schutz der Privatsphäre,3,"Planung und Verfolgung eines Prozesses zur Entwicklung einer Privatsphäre-schützenden Anwendung oder Werkzeug: Anforderungen, Design, Implementierung, Test, Evaluierung und Dokumentation."
Informatik (B.Sc.),TU Darmstadt,Arbeitsaufwand,Praktikum Softwareentwicklung zum Schutz der Privatsphäre,1,- Tieferes Verständnis warum Privatheit benötigt wird und wie sie sichergestellt werden kann
Informatik (B.Sc.),TU Darmstadt,Arbeitsaufwand,Praktikum Softwareentwicklung zum Schutz der Privatsphäre,2,Mehr Erfahrung in Softwareentwicklung und Projektmanagement
Informatik (B.Sc.),TU Darmstadt,Arbeitsaufwand,Praktikum Softwareentwicklung zum Schutz der Privatsphäre,3,"Planung und Verfolgung eines Prozesses zur Entwicklung einer Privatsphäre-schützenden Anwendung oder Werkzeug: Anforderungen, Design, Implementierung, Test, Evaluierung und Dokumentation."
Informatik (B.Sc.),TU Darmstadt,Arbeitsaufwand,Praktikum Security Engineering,1,Ziel dieses Praktikums ist die Ausweitung von Programmierkentnissen sowie die Partizipation in Forschungsprojekten.
Informatik (B.Sc.),TU Darmstadt,Arbeitsaufwand,Praktikum Security Engineering,2,Zusätzlich werden die Teilnehmer*innen Wissen in den genannten Bereichen erlangen und erfahren den jeweils aktuellen Forschungsstand.
Informatik (B.Sc.),TU Darmstadt,Arbeitsaufwand,IoT- und Funkprotokolle in eingebetteten Systemen,1,"Am Ende der Veranstaltung sind die Studierenden in der Lage, mit komplexen Spezifikationen von Funkprotokollen umzugehen und in die Praxis zu transferieren."
Informatik (B.Sc.),TU Darmstadt,Arbeitsaufwand,IoT- und Funkprotokolle in eingebetteten Systemen,2,Weiterhin wird der praktische Umgang mit eingebetteten Systemen und Laborequipment vermittelt.
Informatik (B.Sc.),TU Darmstadt,Arbeitsaufwand,Praktikum Verantwortung und Sicherheit in der Informatik,1,Die Fähigkeit eine praktische Aufgabe ggf. im Team erfolgreich nach Vorgabe zu bearbeiten und deren Er-gebnisse angemessen zu präsentieren.
Informatik (B.Sc.),TU Darmstadt,Arbeitsaufwand,Praktikum Verantwortung und Sicherheit in der Informatik,2,Beispiele sind:
Informatik (B.Sc.),TU Darmstadt,Arbeitsaufwand,Praktikum Verantwortung und Sicherheit in der Informatik,3,Lösen einer Fragestellung im Bereich von Verantwortung und Sicherheit in der Informatik
Informatik (B.Sc.),TU Darmstadt,Arbeitsaufwand,Praktikum Verantwortung und Sicherheit in der Informatik,4,Anforderungserhebung und (empirische) Vorstudien
Informatik (B.Sc.),TU Darmstadt,Arbeitsaufwand,Praktikum Verantwortung und Sicherheit in der Informatik,5,Recherche von Lösungsalternativen und Abwägung von Vor-/Nachteilen der Alternativen
Informatik (B.Sc.),TU Darmstadt,Arbeitsaufwand,Praktikum Verantwortung und Sicherheit in der Informatik,6,"Entwurf, prototypische Implementierung oder Weiterentwicklung innovativer Anwendungen"
Informatik (B.Sc.),TU Darmstadt,Arbeitsaufwand,Praktikum Verantwortung und Sicherheit in der Informatik,7,Evaluation bestehender Anwendungen in Bezug auf verschiedene Gütemaße
Informatik (B.Sc.),TU Darmstadt,Arbeitsaufwand,Praktikum Verantwortung und Sicherheit in der Informatik,8,Dokumentation der erstellten Lösung
Informatik (B.Sc.),TU Darmstadt,Arbeitsaufwand,Projektpraktikum Interaktive resiliente Informationstechnik,1,Die Fähigkeit eine praktische Aufgabe ggf. im Team erfolgreich nach Vorgabe zu bearbeiten und deren Er-gebnisse angemessen zu präsentieren.
Informatik (B.Sc.),TU Darmstadt,Arbeitsaufwand,Projektpraktikum Interaktive resiliente Informationstechnik,2,Beispiele sind:
Informatik (B.Sc.),TU Darmstadt,Arbeitsaufwand,Projektpraktikum Interaktive resiliente Informationstechnik,3,Lösen einer Fragestellung im Bereich der interaktiven resilienten Informationstechnik
Informatik (B.Sc.),TU Darmstadt,Arbeitsaufwand,Projektpraktikum Interaktive resiliente Informationstechnik,4,Anforderungserhebung und (empirische) Vorstudien
Informatik (B.Sc.),TU Darmstadt,Arbeitsaufwand,Projektpraktikum Interaktive resiliente Informationstechnik,5,Recherche von Lösungsalternativen und Abwägung von Vor-/Nachteilen der Alternativen
Informatik (B.Sc.),TU Darmstadt,Arbeitsaufwand,Projektpraktikum Interaktive resiliente Informationstechnik,6,"Entwurf, prototypische Implementierung oder Weiterentwicklung innovativer Anwendungen"
Informatik (B.Sc.),TU Darmstadt,Arbeitsaufwand,Projektpraktikum Interaktive resiliente Informationstechnik,7,Evaluation bestehender Anwendungen in Bezug auf verschiedene Gütemaße
Informatik (B.Sc.),TU Darmstadt,Arbeitsaufwand,Projektpraktikum Interaktive resiliente Informationstechnik,8,Dokumentation der erstellten Lösung
Informatik (B.Sc.),TU Darmstadt,Arbeitsaufwand,Bug Hunting Praktikum,1,Ein theoretischer Teil vermittelt den Studierende Methoden zur Schwachstellenidentifikation und Bedrohungsmodellierung von Softwareprojekten.
Informatik (B.Sc.),TU Darmstadt,Arbeitsaufwand,Bug Hunting Praktikum,2,In einem praktischen Teil sammeln die Studenten selbstständig Erfahrungen im Identifizieren von Schwachstellen.
Informatik (B.Sc.),TU Darmstadt,Arbeitsaufwand,Bug Hunting Praktikum,3,"Die Studierenden sind nach erfolgreichem Absolvieren des Praktikums in der Lage, selbstständig und strukturiert Sicherheitslücken in Softwareprojekten zu finden und zu dokumentieren."
Informatik (B.Sc.),TU Darmstadt,Arbeitsaufwand,Bug Hunting Praktikum,4,"Die Studierenden können nach dem Praktikum die Schwere und die Folgen von Sicherheitslücken einschätzen, sowie Gegenmaßnahmen benennen."
Informatik (B.Sc.),TU Darmstadt,Arbeitsaufwand,Praktikum Seitenkanalanalyse,1,"Nach erfolgreicher Teilnahme an diesem Praktikum, werden die Studierenden:"
Informatik (B.Sc.),TU Darmstadt,Arbeitsaufwand,Praktikum Seitenkanalanalyse,2,"das Ausmaß der Gefahr durch Seitenkanalschwachstellen einschätzen können,"
Informatik (B.Sc.),TU Darmstadt,Arbeitsaufwand,Praktikum Seitenkanalanalyse,3,"verstehen wie Seitenkanalangriffe funktionieren,"
Informatik (B.Sc.),TU Darmstadt,Arbeitsaufwand,Praktikum Seitenkanalanalyse,4,"fähig sein, Seitenkanalangriffe gegen kryptographische Implementierungen auszuführen, um geheime Informationen zu extrahieren und"
Informatik (B.Sc.),TU Darmstadt,Arbeitsaufwand,Praktikum Seitenkanalanalyse,5,"wissen, wie Seitenkanalangriffe abgewehrt werden können."
Informatik (B.Sc.),TU Darmstadt,BOOTS: Build yo,BOOTS: Build your own tech startup,1,Nach Abschluss des Praktikums sind Studierende in der Lage
Informatik (B.Sc.),TU Darmstadt,BOOTS: Build yo,BOOTS: Build your own tech startup,2,unternehmerischen Kompetenzen anzuwenden
Informatik (B.Sc.),TU Darmstadt,BOOTS: Build yo,BOOTS: Build your own tech startup,3,einen strukturierten Geschäftsplan zu entwickeln
Informatik (B.Sc.),TU Darmstadt,BOOTS: Build yo,BOOTS: Build your own tech startup,4,einen Demonstrators für ein High-Tech Produkt aufzubauen
Informatik (B.Sc.),TU Darmstadt,BOOTS: Build yo,BOOTS: Build your own tech startup,5,ihre Idee (Pitch) zu präsentieren
Informatik (B.Sc.),TU Darmstadt,Expertenpraktik,Expertenpraktikum im Robot Learning,1,"Nachdem Studierende die Veranstaltung besucht haben, können sie die praktischen Fertigkeiten eines Experten im wissenschaftlichen Arbeiten im Roboter Lernen anwenden."
Informatik (B.Sc.),TU Darmstadt,Expertenpraktik,Expertenpraktikum im Robot Learning,2,"Sie sind in der Lage, Experimente von der Forschungsidee bis hin zur Veröffentlichung zu analysieren und synthetisieren"
Informatik (B.Sc.),TU Darmstadt,Blockchain Proj,Blockchain Projektpraktikum,1,Studierende verstehen nach erfolgreichem Besuch der Veranstaltung die technischen und praktischen Implikationen von verteilten kryptographischen Systemen.
Informatik (B.Sc.),TU Darmstadt,Blockchain Proj,Blockchain Projektpraktikum,2,Dazu gehören zum Beispiel erste Erfahrungen in den folgenden Bereichen:
Informatik (B.Sc.),TU Darmstadt,Blockchain Proj,Blockchain Projektpraktikum,3,Entwicklung von Smart Contracts und verteilten Applikationen
Informatik (B.Sc.),TU Darmstadt,Blockchain Proj,Blockchain Projektpraktikum,4,Kommunikation von Systemen durch dezentrale Peer-to-Peer Netze
Informatik (B.Sc.),TU Darmstadt,Blockchain Proj,Blockchain Projektpraktikum,5,Entwicklung von Software unter Nutzung kryptographischer Bausteine
Informatik (B.Sc.),TU Darmstadt,Blockchain Proj,Blockchain Projektpraktikum,6,Sicherheit und Anonymität von Nutzern von kryptographischen Währungen
Informatik (B.Sc.),TU Darmstadt,Blockchain Proj,Blockchain Projektpraktikum,7,Mögliche Angriffe auf Smart Contracts und Cryptocurrencies Voraussetzung für die Teilnahme Empfohlen: Dieser Kurs richtet sich an Studierende mit Interesse und Grundkenntnissen im Bereich Blockchain.
Informatik (B.Sc.),TU Darmstadt,Blockchain Proj,Blockchain Projektpraktikum,8,"Weiterhin sollten gute Programmierkenntnisse, Begeisterung für innovative Ideen und Interesse am strukturierten Bearbeiten komplexer Entwicklungsprojekte vorhanden sein."
Informatik (B.Sc.),TU Darmstadt,Forschungsmetho,Forschungsmethodik in der Kryptographie,2,Verfassen von wissenschaftlichen Arbeiten in der Kryptographie
Informatik (B.Sc.),TU Darmstadt,Forschungsmetho,Forschungsmethodik in der Kryptographie,3,Erlernen von fortgeschrittenen Techniken der modernen Kryptographie
Informatik (B.Sc.),TU Darmstadt,Forschungsmetho,Forschungsmethodik in der Kryptographie,4,Durchführen von Literaturrecherche in der Kryptographie
Informatik (B.Sc.),TU Darmstadt,Leistungsanalys,Leistungsanalyse und Modellierung von Softwaresystemen,1,"Nach Besuch der Veranstaltung können Studierende: * Zwischen verschiedenen Experimenttypen wählen, um leistungsbezogene Fragen zu einem Softwaresystem zu beantworten * Detaillierte Modelle eines Softwaresystems erstellen * Bottleneck-Analysen durchführen * die Ergebnisse der Experimente zusammenfassen und präsentieren"
Informatik (B.Sc.),TU Darmstadt,Projektpraktiku,Projektpraktikum - Systematische Analyse und Entwicklung von innovativen Systeme,1,Nach erfolgreichem Absolvieren dieser Veranstaltung haben die Studierenden praxis/forschungsnahe Erfahrungen in Analysieren und Entwicklung von komplexen Projekten gesammelt.
Informatik (B.Sc.),TU Darmstadt,Projektpraktiku,Projektpraktikum - Systematische Analyse und Entwicklung von innovativen Systeme,2,Sie werden in der Lage sein diese Erfahrungen zu reproduzieren und Projekte von vergleichbarer Komplexität eigenständig zum Erfolg führen.
Informatik (B.Sc.),TU Darmstadt,Praktikum - Sys,Praktikum - Systematische Analyse und Entwicklung von innovativen Systeme,1,Nach erfolgreichem Absolvieren dieser Veranstaltung haben die Studierenden praxis/forschungsnahe Erfahrungen in Analysieren und Entwicklung von komplexen Projekten gesammelt.
Informatik (B.Sc.),TU Darmstadt,Praktikum - Sys,Praktikum - Systematische Analyse und Entwicklung von innovativen Systeme,2,Sie werden in der Lage sein diese Erfahrungen zu reproduzieren und Projekte von vergleichbarer Komplexität eigenständig zum Erfolg führen.
Informatik (B.Sc.),TU Darmstadt,Projektseminar ,Projektseminar Softwaresysteme,1,Studierende sollen praktische Erfahrung in der (Weiter-)Entwicklung eines komplexeren Softwaresystems sammeln.
Informatik (B.Sc.),TU Darmstadt,Projektseminar ,Projektseminar Softwaresysteme,2,Dabei lernen sie in Teamarbeit eine umfangreiche Aufgabe zu bewältigen.
Informatik (B.Sc.),TU Darmstadt,Projektseminar ,Projektseminar Softwaresysteme,3,"Darüber hinaus wird geübt, in der Gruppe vorhandenes theoretisches Wissen (aus anderen Lehrveranstaltungen wie insbesondere Software-Engineering – Einführung) gezielt zur Lösung der praktischen Aufgabe einzusetzen."
Informatik (B.Sc.),TU Darmstadt,Projektseminar ,Projektseminar Softwaresysteme,4,"Studierende, die an diesem Projektseminar erfolgreich teilgenommen haben, sind in der Lage zu einer vorgegebenen Problemstellung ein Softwareprojekt eigenständig zu organisieren und auszuführen."
Informatik (B.Sc.),TU Darmstadt,Projektseminar ,Projektseminar Softwaresysteme,5,"Sie erwerben folgende Fähigkeiten im Detail:  Realistische Zeitplanung und Resourceneinteilung (Projektmanagement)  Umfangreicherer Einsatz von Werkzeugen zur Versions-, Konfiguration- und Änderungsverwaltung  Einsatz von „CASE-Tools“ für die modellbasierte Entwicklung  Planung und Durchführung von Qualtitätssicherungsmaßnahmen"
Informatik (B.Sc.),TU Darmstadt,Arbeitsaufwand,Seminar Telekooperation,1,Nach dem Besuch des Seminars Telekooperation
Informatik (B.Sc.),TU Darmstadt,Arbeitsaufwand,Seminar Telekooperation,2,sind Studierende mit dem Forschungsgebiet ihres Seminarthemas vertraut
Informatik (B.Sc.),TU Darmstadt,Arbeitsaufwand,Seminar Telekooperation,3,können sich Studierende kritische mit wissenschaftlicher Literatur auseinandersetzen
Informatik (B.Sc.),TU Darmstadt,Arbeitsaufwand,Seminar Telekooperation,4,eine solchen Auseinandersetzung und zugehöriger Schlussfolgerung in schriftlicher und mündlicher Form dokumentieren und vortragen
Informatik (B.Sc.),TU Darmstadt,Arbeitsaufwand,Aktuelle Themen der Entwicklung und Anwendung moderner Robotersysteme,1,"Durch erfolgreiche Teilnahme erwerben Studierende vertiefte Kenntnisse in ausgewählten Bereichen, Teilsystemen und Methoden moderner Robotersysteme und trainieren Präsentations- und Dokumentationsfähigkeiten."
Informatik (B.Sc.),TU Darmstadt,Arbeitsaufwand,3D Animation & Visualisierung,1,Die Studierenden erhalten in diesem Seminar Fach- und Methodenkompetenz durch die Erarbeitung eines wissenschaftlichen Themas anhand vorgegebener und selbst recherchierter Fachliteratur.
Informatik (B.Sc.),TU Darmstadt,Arbeitsaufwand,3D Animation & Visualisierung,2,"Sie können die wesentlichen Aspekte der untersuchten Arbeiten erkennen und diese kompakt aufbereiten, sowohl in textueller als auch in Vortragsform für ein Publikum mit heterogenem Vorwissensstand."
Informatik (B.Sc.),TU Darmstadt,Arbeitsaufwand,3D Animation & Visualisierung,3,Nach dem Vortrag können die Vortragenden aktiv eine Fachdiskussion zu dem von ihnen präsentierten Thema bestreiten.
Informatik (B.Sc.),TU Darmstadt,Arbeitsaufwand,Visual Analytics: Interaktive Visualisierung sehr großer Datenmengen,1,Nach erfolgreichem Besuch der Veranstaltung haben die Studierenden die Fach- und
Informatik (B.Sc.),TU Darmstadt,Arbeitsaufwand,Serious Games Seminar,1,Nach erfolgreicher Teilnahme an dem Seminar können sich die Studierenden eigenständig in ein Thema aus dem Bereich „Serious Games“ einarbeiten.
Informatik (B.Sc.),TU Darmstadt,Arbeitsaufwand,Serious Games Seminar,2,Sie sind mit Techniken der Literaturrecherche im Bereich von wissenschaftlichen Veröffentlichungen und von Industriequellen vertraut.
Informatik (B.Sc.),TU Darmstadt,Arbeitsaufwand,Serious Games Seminar,3,"Die dort genannten Techniken bzw. Ergebnisse können von ihnen zusammengefasst, bewertet und untereinander verglichen werden."
Informatik (B.Sc.),TU Darmstadt,Arbeitsaufwand,Serious Games Seminar,4,Außerdem können sie die von ihnen erzielten Ergebnisse einem Publikum unter Anwendung von verschiedenen Präsentationstechniken vorstellen sowie eine dazugehörige Fachdiskussion aktiv bestreiten.
Informatik (B.Sc.),TU Darmstadt,Arbeitsaufwand,Algorithmische Modellierung zur Erstellung von Fahrplänen,1,Studierende erwerben in dieser Veranstaltung umfassende Fähigkeiten in algorithmischer Modellierung im Zusammenhang mit Problemstellungen aus dem Bereich Bahnverkehr
Informatik (B.Sc.),TU Darmstadt,Arbeitsaufwand,Aktuelle Trends im Medical Computing,1,Nach erfolgreicher Teilnahme an der Veranstaltung können die Studierenden sich eigenständig in ein Thema anhand von wissenschaftlichen Veröffentlichungen einarbeiten.
Informatik (B.Sc.),TU Darmstadt,Arbeitsaufwand,Aktuelle Trends im Medical Computing,2,Sie lernen die wesentlichen Aspekte der untersuchten Arbeiten zu erkennen und auf verständliche Weise einem heterogenen Publikum vorzutragen.
Informatik (B.Sc.),TU Darmstadt,Arbeitsaufwand,Aktuelle Trends im Medical Computing,3,Dabei wenden sie verschiedene Präsentationstechniken an.
Informatik (B.Sc.),TU Darmstadt,Arbeitsaufwand,Aktuelle Trends im Medical Computing,4,Nach dem Vortrag können die Studierenden aktiv eine Fachdiskussion zu dem präsentierten Thema leiten und bestreiten.
Informatik (B.Sc.),TU Darmstadt,Arbeitsaufwand,Skalenraum- und PDE-Methoden in der Bildanalyse und -verarbeitung,1,Nach erfolgreichem Besuch der Veranstaltung beschreiben Studierende die Grundkonzepte sowie grundlegenden mathematische Modelle und Methoden der Bildanalyse und verarbeitung.
Informatik (B.Sc.),TU Darmstadt,Arbeitsaufwand,Skalenraum- und PDE-Methoden in der Bildanalyse und -verarbeitung,2,"Sie erklären wichtige Verfahren zu Skalenraum- sowie zu PDE-Ansätzen und können damit repräsentative Fachbeiträge beschreiben, beurteilen, und transferieren."
Informatik (B.Sc.),TU Darmstadt,Arbeitsaufwand,Algorithmen zum Graphendesign,1,"Nachdem Studierende erfolgreich diese Veranstaltung besucht haben,"
Informatik (B.Sc.),TU Darmstadt,Arbeitsaufwand,Algorithmen zum Graphendesign,2,können sie Diagrammdarstellungsprobleme als algorithmische Fragestellungen modellieren
Informatik (B.Sc.),TU Darmstadt,Arbeitsaufwand,Algorithmen zum Graphendesign,3,können sie ästhetischer Fragestellungen als Probleme algorithmischer Natur modellieren
Informatik (B.Sc.),TU Darmstadt,Arbeitsaufwand,Algorithmen zum Graphendesign,4,verstehen sie algorithmische Fragestellungen im VLSI-Schaltkreisentwurf
Informatik (B.Sc.),TU Darmstadt,Arbeitsaufwand,Semantik Visualisierung,1,Nach erfolgreicher Teilnahme an der Veranstaltung können die Studierenden sich eigenständig in ein Thema anhand von wissenschaftlichen Veröffentlichungen einarbeiten und dieses wissenschaftlich beschreiben.
Informatik (B.Sc.),TU Darmstadt,Arbeitsaufwand,Semantik Visualisierung,2,Sie lernen diverse Techniken und Ressourcen der Literaturrecherche kennen und können diese auch für weitere Arbeiten einsetzen.
Informatik (B.Sc.),TU Darmstadt,Arbeitsaufwand,Semantik Visualisierung,3,Des Weiteren werden die Studierenden mit praktischen und aktuellen Themen aus der angewandten Forschung konfrontiert und lernen dabei interessante Themengebiete kennen.
Informatik (B.Sc.),TU Darmstadt,Arbeitsaufwand,Semantik Visualisierung,4,"Die schriftliche Ausarbeitung ermöglicht die wissenschaftliche Wiedergabe in Form von Schrift, während die Präsentation vor einem Fachpublikum die mündliche Wiedergabe fördert."
Informatik (B.Sc.),TU Darmstadt,Arbeitsaufwand,Semantik Visualisierung,5,"Somit lernen die Studierenden ein Thema zu recherchieren, schriftlich auszuarbeiten und zu präsentieren."
Informatik (B.Sc.),TU Darmstadt,Arbeitsaufwand,Semantik Visualisierung,6,Nach dem Vortrag können die Vortragenden aktiv eine Fachdiskussion zu dem von ihnen präsentierten Thema bestreiten.
Informatik (B.Sc.),TU Darmstadt,Arbeitsaufwand,Semantik Visualisierung,7,Voraussetzung für die Teilnahme Empfohlen: Besuch der Vorlesung Visual Computing oder einer vergleichbaren Veranstaltung
Informatik (B.Sc.),TU Darmstadt,Arbeitsaufwand,"Forschungsseminar zu Netzen, Sicherheit, Mobilität und Drahtloser Kommunikation",1,Nach erfolgreicher Teilnahme an der Veranstaltung besitzen die Studierenden die Fähigkeit selbstständig wissenschaftlich neue Themen zu erschließen.
Informatik (B.Sc.),TU Darmstadt,Arbeitsaufwand,"Forschungsseminar zu Netzen, Sicherheit, Mobilität und Drahtloser Kommunikation",2,"Sie haben ein tiefgreifendes Verständnis ausgewählter Basismechanismen, Methoden und Anwendungen in dem bearbeiteten Themenfeld erworben."
Informatik (B.Sc.),TU Darmstadt,Arbeitsaufwand,"Forschungsseminar zu Netzen, Sicherheit, Mobilität und Drahtloser Kommunikation",3,"Arbeitstechniken wie ausführliche Literaturrecherche, kritische Diskussion und Analyse wissenschaftlicher Artikel und die Presentation der erzielten Arbeitsergebnisse werden von den Studierenden beherrscht."
Informatik (B.Sc.),TU Darmstadt,Arbeitsaufwand,"Forschungsseminar zu Netzen, Sicherheit, Mobilität und Drahtloser Kommunikation",4,Die Studierenden können ihre Arbeit vor einem kritischen Fachpublikum verteidigen.
Informatik (B.Sc.),TU Darmstadt,Arbeitsaufwand,"Seminar zu Netzen, Sicherheit, Mobilität und Drahtloser Kommunikation",1,Nach erfolgreicher Teilnahme an der Veranstaltung besitzen die Studierenden die Fähigkeit unter Anleitung wissenschaftlich zu arbeiten.
Informatik (B.Sc.),TU Darmstadt,Arbeitsaufwand,"Seminar zu Netzen, Sicherheit, Mobilität und Drahtloser Kommunikation",2,Sie kennen die grundlegenden Techniken der wissenschaftlichen Literaturarbeit und können diese für ein definiertes Thema anwenden.
Informatik (B.Sc.),TU Darmstadt,Arbeitsaufwand,"Seminar zu Netzen, Sicherheit, Mobilität und Drahtloser Kommunikation",3,"Sie haben ein mitteltiefes Verständnis ausgewählter Basismechanismen, Methoden und Anwendungen in dem bearbeiteten Themenfeld."
Informatik (B.Sc.),TU Darmstadt,Arbeitsaufwand,"Seminar zu Netzen, Sicherheit, Mobilität und Drahtloser Kommunikation",4,Die Studierenden können dieses erworbene Wissen einem heterogenen Publikum verständlich präsentieren und die technischen Details des bearbeiteten Themas erläutern.
Informatik (B.Sc.),TU Darmstadt,Arbeitsaufwand,Text Analytics,1,"Nachdem Studierende die Veranstaltung besucht haben, können sie"
Informatik (B.Sc.),TU Darmstadt,Arbeitsaufwand,Text Analytics,2,"aktuelle Forschungsfragen zum Seminarthema benennen und erläutern,"
Informatik (B.Sc.),TU Darmstadt,Arbeitsaufwand,Text Analytics,3,"wissenschaftliche Veröffentlichungen verstehen, kritisch beurteilen und untereinander diskutieren,"
Informatik (B.Sc.),TU Darmstadt,Arbeitsaufwand,Text Analytics,4,ein Forschungsthema eigenständig aufarbeiten und
Informatik (B.Sc.),TU Darmstadt,Arbeitsaufwand,Text Analytics,5,dieses der Gruppe vorstellen und auf Rückfragen und Diskussionsbeiträge eingehen.
Informatik (B.Sc.),TU Darmstadt,Arbeitsaufwand,Fortgeschrittene Themen in der Computergraphik,1,Nach erfolgreicher Teilnahme an der Veranstaltung können die Studierenden sich eigenständig in aktuelle Themen der Computergraphik anhand von wissenschaftlichen Veröffentlichungen einarbeiten.
Informatik (B.Sc.),TU Darmstadt,Arbeitsaufwand,Fortgeschrittene Themen in der Computergraphik,2,"Sie können die wesentlichen Beiträge der untersuchten Publikationen erkennen und diese kompakt einem Publikum mit heterogenem Vorwissensstand präsentieren, unter Berücksichtigung von Prinzipien des guten wissenschaftlichen Vortrags."
Informatik (B.Sc.),TU Darmstadt,Arbeitsaufwand,Fortgeschrittene Themen in der Computergraphik,3,Nach dem Vortrag können die Vortragenden aktiv eine Fachdiskussion zu dem von ihnen präsentierten Thema bestreiten.
Informatik (B.Sc.),TU Darmstadt,Arbeitsaufwand,Fortgeschrittene Themen in der Computergraphik,4,"Weiterhin sind sie in der Lage ein wissenschaftliches Gutachten über eine aktuelle Publikation anzufertigen, welches den üblichen Standards des wissenschaftlichen Begutachtungsprozesses genügt."
Informatik (B.Sc.),TU Darmstadt,Arbeitsaufwand,Seminar Smart City,1,Die Studierenden erlernen grundsätzliche wissenschaftliche Arbeitsweisen im Umgang mit bestehender Literatur zu Smart City Forschung.
Informatik (B.Sc.),TU Darmstadt,Arbeitsaufwand,Seminar Smart City,2,Weiterhin erhalten die Studierenden einen guten Überblick über das Themenfeld Smart City.
Informatik (B.Sc.),TU Darmstadt,Arbeitsaufwand,Seminar - Softwaresicherheit für mobile Endgeräte,1,Kenntnisse von Methoden und aktuellen Forschungsfragestellungen bzgl.
Informatik (B.Sc.),TU Darmstadt,Arbeitsaufwand,Seminar - Softwaresicherheit für mobile Endgeräte,2,Software-Sicherheit für mobile Endgeräte; Verbesserung der Fähigkeiten zum Lesen und Verstehen wissenschaftlicher Artikel; Fähigkeit wissenschaftliche Ergebnisse als solche zu erkennen und inhaltlich zu bewerten; Fähigkeit über wissenschaftliche Arbeiten und Ergebnisse schriftlich zu berichten; Verbesserung der Fähigkeit zum Präsentieren und Diskutieren wissenschaftlicher Projekte und Ergebnisse
Informatik (B.Sc.),TU Darmstadt,Arbeitsaufwand,Fortgeschrittene Themen in Computer Vision und Maschinellem Lernen,1,Nach erfolgreicher Teilnahme an der Veranstaltung können die Studierenden sich eigenständig in aktuelle Themen der Computer Vision und/oder des Maschinellen Lernens anhand von wissenschaftlichen Veröffentlichungen einarbeiten.
Informatik (B.Sc.),TU Darmstadt,Arbeitsaufwand,Fortgeschrittene Themen in Computer Vision und Maschinellem Lernen,2,"Sie können die wesentlichen Beiträge der untersuchten Publikationen erkennen und diese kompakt einem Publikum mit heterogenem Vorwissensstand präsentieren, unter Berücksichtigung von Prinzipien des guten wissenschaftlichen Vortrags."
Informatik (B.Sc.),TU Darmstadt,Arbeitsaufwand,Fortgeschrittene Themen in Computer Vision und Maschinellem Lernen,3,Nach dem Vortrag können die Vortragenden aktiv eine Fachdiskussion zu dem von ihnen präsentierten Thema bestreiten.
Informatik (B.Sc.),TU Darmstadt,Arbeitsaufwand,Fortgeschrittene Themen in Computer Vision und Maschinellem Lernen,4,"Weiterhin sind sie in der Lage ein wissenschaftliches Gutachten über eine aktuelle Publikation anzufertigen, welches den üblichen Standards des wissenschaftlichen Begutachtungsprozesses genügt."
Informatik (B.Sc.),TU Darmstadt,Arbeitsaufwand,Fortgeschrittene Themen in Computer Vision und Maschinellem Lernen,5,"Voraussetzung für die Teilnahme Empfohlen: Teilnehmer sollten Grundkenntnisse in Computer Vision, sowie idealerweise maschinellem Lernen besitzen (z.B. durch Besuch von „Computer Vision I“ und „Statistisches Maschinelles Lernen“)."
Informatik (B.Sc.),TU Darmstadt,Arbeitsaufwand,Mobile Security,1,Dieses Seminar behandelt verschieden Themen aus dem Bereich mobiler Sicherheit mit Fokus auf Smartphones.
Informatik (B.Sc.),TU Darmstadt,Arbeitsaufwand,Mobile Security,2,"Durch die erfolgreiche Teilnahme erhalten Studierende detaillierte Kenntnisse über Sicherheit und Datenschutz in mobilen Betriebssystemen, Geräten, Infrastrukturen und Anwendungen."
Informatik (B.Sc.),TU Darmstadt,Arbeitsaufwand,Mobile Security,3,Außerdem lernen sie sich in aktuelle wissenschaftliche Themengebiete einzuarbeiten und ihre Ergebnisse sowohl schriftlich als auch mündlich zu präsentieren.
Informatik (B.Sc.),TU Darmstadt,Arbeitsaufwand,Computergestützte Planung und Navigation in der Medizin,1,Nach erfolgreicher Teilnahme an der Veranstaltung können die Studierenden sich eigenständig in ein Thema anhand von wissenschaftlichen Veröffentlichungen einarbeiten.
Informatik (B.Sc.),TU Darmstadt,Arbeitsaufwand,Computergestützte Planung und Navigation in der Medizin,2,Sie lernen die wesentlichen Aspekte der untersuchten Arbeiten zu erkennen und auf verständliche Weise einem heterogenen Publikum vorzutragen.
Informatik (B.Sc.),TU Darmstadt,Arbeitsaufwand,Computergestützte Planung und Navigation in der Medizin,3,Dabei wenden sie verschiedene Präsentationstechniken an.
Informatik (B.Sc.),TU Darmstadt,Arbeitsaufwand,Computergestützte Planung und Navigation in der Medizin,4,Nach dem Vortrag können die Studierenden aktiv eine Fachdiskussion zu dem präsentierten Thema leiten und bestreiten.
Informatik (B.Sc.),TU Darmstadt,Arbeitsaufwand,Symbolische Ausführung,1,"Nach Besuch der Veranstaltung verstehen die Teilnehmenden, was die Möglichkeiten und Grenzen dieser fundamentalen Programmanalysetechnik sind."
Informatik (B.Sc.),TU Darmstadt,Arbeitsaufwand,Aktuelle Themen zu Secure Usage,1,Kenntnisse von Methoden und aktuellen Forschungsfragestellungen zum Thema Nutzungskontrolle; Verbesserung der Fähigkeiten zum Lesen und Verstehen wissenschaftlicher Artikel; Fähigkeit wissenschaftliche Ergebnisse als solche zu erkennen und inhaltlich zu bewerten; Fähigkeit über wissenschaftliche Arbeiten und Ergebnisse schriftlich zu berichten; Verbesserung der Fähigkeit zum Präsentieren und Diskutieren wissenschaftlicher Projekte und Ergebnisse
Informatik (B.Sc.),TU Darmstadt,Arbeitsaufwand,Angewandte Themen der Computergraphik,1,Studierende kennen nach erfolgreichem Besuch der Veranstaltung einen Ausschnitt an aktuellen Themen der Computergraphik.
Informatik (B.Sc.),TU Darmstadt,Arbeitsaufwand,Angewandte Themen der Computergraphik,2,"Sie können sich selbständig den Inhalt einer Veröffentlichung erarbeiten, die Problemstellung und den Lösungsansatz erkennen und präsentieren."
Informatik (B.Sc.),TU Darmstadt,Arbeitsaufwand,Angewandte Themen der Computergraphik,3,"Weiter sind sie in der Lage, Verbesserungspotenzial in den Arbeiten zu analysieren und darzustellen."
Informatik (B.Sc.),TU Darmstadt,Arbeitsaufwand,Cyber Security Seminar,1,Nach erfolgreicher Teilnahme an der Veranstaltung können die Studierenden sich eigenständig in ein Thema anhand von wissenschaftlichen Veröffentlichungen einarbeiten.
Informatik (B.Sc.),TU Darmstadt,Arbeitsaufwand,Cyber Security Seminar,2,Sie sind mit den verschiedenen Techniken der Literaturrecherche vertraut.
Informatik (B.Sc.),TU Darmstadt,Arbeitsaufwand,Cyber Security Seminar,3,Sie können über mehrere wissenschaftliche Arbeiten hinweg Techniken vergleichen und Forschungsergebnisse übergreifend evaluieren.
Informatik (B.Sc.),TU Darmstadt,Arbeitsaufwand,Cyber Security Seminar,4,"Sie können die wesentlichen Aspekte der untersuchten Arbeiten erkennen und diese kompakt einem Publikum mit heterogenem Vorwissensstand vortragen, wobei sie dabei effektiv verschiedene Präsentationstechniken anwenden."
Informatik (B.Sc.),TU Darmstadt,Arbeitsaufwand,Cyber Security Seminar,5,Nach dem Vortrag können die Vortragenden aktiv eine Fachdiskussion zu dem von ihnen präsentierten Thema bestreiten.
Informatik (B.Sc.),TU Darmstadt,Arbeitsaufwand,Decision Procedures,1,"Erwerb von Wissen über Entscheidungsprozeduren Erwerb der Fähigkeit sich in ein komplexes Thema einzuarbeiten Erwerb der Fähigkeit Forschungsarbeiten (Konferenzbeiträge, Journalartikel) zu lesen und zu verstehen Erwerb der Fähigkeit komplexe Themen anderen Studierenden verständlich zu erklären Vortragskompetenz"
Informatik (B.Sc.),TU Darmstadt,Arbeitsaufwand,Seminar: Aktuelle Werkzeuge für sprachbasierte Sicherheit,1,Nach erfolgreicher Teilnahme an der Veranstaltung können die Studierenden sich eigenständig in ein aktuelles Thema anhand von wissenschaftlichen Veröffentlichungen einarbeiten.
Informatik (B.Sc.),TU Darmstadt,Arbeitsaufwand,Seminar: Aktuelle Werkzeuge für sprachbasierte Sicherheit,2,Sie sind mit den verschiedenen Techniken der Literaturrecherche vertraut.
Informatik (B.Sc.),TU Darmstadt,Arbeitsaufwand,Seminar: Aktuelle Werkzeuge für sprachbasierte Sicherheit,3,Sie können über mehrere wissenschaftliche Arbeiten hinweg Techniken vergleichen und Forschungsergebnisse übergreifend evaluieren.
Informatik (B.Sc.),TU Darmstadt,Arbeitsaufwand,Seminar: Aktuelle Werkzeuge für sprachbasierte Sicherheit,4,"Sie können die wesentlichen Aspekte der untersuchten Arbeiten erkennen und diese kompakt einem Publikum mit heterogenem Vorwissensstand vortragen, wobei sie dabei effektiv verschiedene Präsentationstechniken anwenden."
Informatik (B.Sc.),TU Darmstadt,Arbeitsaufwand,Seminar: Aktuelle Werkzeuge für sprachbasierte Sicherheit,5,Nach dem Vortrag können die Vortragenden aktiv eine Fachdiskussion zu dem von ihnen präsentierten Thema bestreiten.
Informatik (B.Sc.),TU Darmstadt,Arbeitsaufwand,Automatische Code Generierung,1,- Grundkenntnisse über die Entwicklung und Verwendung von DSL.
Informatik (B.Sc.),TU Darmstadt,Arbeitsaufwand,Automatische Code Generierung,2,Kennenlernen einiger Frameworks für DSL und zur Unterstützung des Model Driven Software Developments (MDSD).
Informatik (B.Sc.),TU Darmstadt,Arbeitsaufwand,Automatische Code Generierung,3,Grundlagen des automatischen Differenzierens und dessen Implementierung
Informatik (B.Sc.),TU Darmstadt,Arbeitsaufwand,Typsysteme von Programmiersprachen,1,Neben praktischen Erfahrungen im wissenschaftlichen Arbeiten erlangen die Studierenden ein tieferes Verständnis für aktuelle Entwicklungen und Herausforderungen in der Forschung an Typsystemen.
Informatik (B.Sc.),TU Darmstadt,Arbeitsaufwand,Seitenkanalangriffe gegen Software,1,Nach erfolgreicher Teilnahme an diesem Seminar kennen die Studierenden das Konzept von Seitenkanalangriffen gegen Software sowie dazugehörige Beispiele.
Informatik (B.Sc.),TU Darmstadt,Arbeitsaufwand,Seitenkanalangriffe gegen Software,2,Sie verstehen die Ernsthaftigkeit der Problematik von Seitenkanälen sowie deren Verbreitung.
Informatik (B.Sc.),TU Darmstadt,Arbeitsaufwand,Seitenkanalangriffe gegen Software,3,"Die Studierenden verbessern ihre Fähigkeit zum Lesen und Verstehen wissenschaftlicher Artikel, dem Präsentieren wissenschaftlicher Ergebnisse sowie zur Diskussion und Vergleich der Ansätze."
Informatik (B.Sc.),TU Darmstadt,Arbeitsaufwand,Privatheit & Anonymität in einer vernetzten Welt,1,Das Seminar richtet sich an Bachelor- und Masterstudenten die sich für das Thema Privatheit in der digitalen Welt interessieren.
Informatik (B.Sc.),TU Darmstadt,Arbeitsaufwand,Privatheit & Anonymität in einer vernetzten Welt,2,"Sie sollten die Bereitschaft mitbringen, neue veröffentliche Forschungsarbeiten zum Thema ""Privacy"" zu begutachten bzw. zu diskutieren."
Informatik (B.Sc.),TU Darmstadt,Arbeitsaufwand,Seminar: Formale Spezifikation und Verifikation,1,Nach erfolgreicher Teilnahme an der Veranstaltung können die Studierenden sich eigenständig in ein Thema anhand von wissenschaftlichen Veröffentlichungen einarbeiten.
Informatik (B.Sc.),TU Darmstadt,Arbeitsaufwand,Seminar: Formale Spezifikation und Verifikation,2,Sie sind mit den verschiedenen Techniken der Literaturrecherche vertraut.
Informatik (B.Sc.),TU Darmstadt,Arbeitsaufwand,Seminar: Formale Spezifikation und Verifikation,3,Sie können über mehrere wissenschaftliche Arbeiten hinweg Techniken vergleichen und Forschungsergebnisse übergreifend evaluieren.
Informatik (B.Sc.),TU Darmstadt,Arbeitsaufwand,Seminar: Formale Spezifikation und Verifikation,4,"Sie können die wesentlichen Aspekte der untersuchten Arbeiten erkennen und diese kompakt einem Publikum mit heterogenem Vorwissensstand vortragen, wobei sie dabei effektiv verschiedene Präsentationstechniken anwenden."
Informatik (B.Sc.),TU Darmstadt,Arbeitsaufwand,Seminar: Formale Spezifikation und Verifikation,5,Nach dem Vortrag können die Vortragenden aktiv eine Fachdiskussion zu dem von ihnen präsentierten Thema bestreiten.
Informatik (B.Sc.),TU Darmstadt,Arbeitsaufwand,Grundlagen der Computersicherheit,1,Nach erfolgreicher Teilnahme an diesem Seminar werden die Studierenden fähig sein aktuelle Entwicklungen in den Grundlagen der Computersicherheit mit Bezug zu formalen Methoden zu diskutieren.
Informatik (B.Sc.),TU Darmstadt,Arbeitsaufwand,Grundlagen der Computersicherheit,2,"Des Weiteren, werden die Studierenden ihre Fähigkeit im Lesen und Verstehen wissenschaftlicher Artikel, im Präsentieren wissenschaftlicher Ergebnisse und im Diskutieren und Vergleichen formaler Ansätze der Computersicherheit und derer Implementierung verbessern."
Informatik (B.Sc.),TU Darmstadt,Arbeitsaufwand,Grundlagen der Computersicherheit,3,Voraussetzung für die Teilnahme Empfohlen: Informatikkenntnisse entsprechend der ersten vier Semester des Bachelorstudiengangs Informatik.
Informatik (B.Sc.),TU Darmstadt,Arbeitsaufwand,Privatsphäre-schützende Technologien,1,Die Studierenden lernen aktuelle und praktikable Techniken zum Schutz der Privatsphäre.
Informatik (B.Sc.),TU Darmstadt,Arbeitsaufwand,Aktuelle Themen zu Nebenläufigkeit und Parallelität,1,"Nach erfolgreicher Teilnahme an diesem Seminar werden die Studierenden fähig sein, aktuelle Entwicklungen in den Bereichen Nebenläufigkeit und Parallelität zu diskutieren."
Informatik (B.Sc.),TU Darmstadt,Arbeitsaufwand,Aktuelle Themen zu Nebenläufigkeit und Parallelität,2,"Des Weiteren werden die Studierenden ihre Fähigkeiten im Lesen und Verstehen wissenschaftlicher Artikel und im Präsentieren, Diskutieren und Vergleichen wissenschaftlicher Ergebnisse verbessern."
Informatik (B.Sc.),TU Darmstadt,Arbeitsaufwand,Zivile Sicherheit,1,- Erstellen von wissenschaftlichen Kurzvorträgen
Informatik (B.Sc.),TU Darmstadt,Arbeitsaufwand,Zivile Sicherheit,2,Verwendung von Zitaten
Informatik (B.Sc.),TU Darmstadt,Arbeitsaufwand,Zivile Sicherheit,3,Interdisziplinäre Sicherheitsbetrachtung
Informatik (B.Sc.),TU Darmstadt,Arbeitsaufwand,Zivile Sicherheit,4,Einsatz von Methoden der Betrugserkennung Voraussetzung für die Teilnahme Empfohlen: Hilfreich sind Grundkenntnisse in Internettechnologie und IT Security.
Informatik (B.Sc.),TU Darmstadt,Arbeitsaufwand,Zivile Sicherheit,5,Für einzelne Seminarthemen werden in der Veranstaltungen weitere Empfehlungen hinsichtlich der Vorkenntnisse ausgesprochen.
Informatik (B.Sc.),TU Darmstadt,Arbeitsaufwand,IT in der Grundlehre,1,"Nach Besuch der Veranstaltung sind die Studierenden in der Lage, geeignete IT-basierte Konzepte für Vorlesung sowie Übungs-und Prüfungsbetrieb in Lehrveranstaltungen mit großen, heterogenen Teilnehmergruppen zu entwickeln und softwareseitig umzusetzen."
Informatik (B.Sc.),TU Darmstadt,Arbeitsaufwand,Modellierung und Analyse von Aktoren-basierten Softwaresystemen,1,- Wissen über das aktor-basierte Programmierparadigma
Informatik (B.Sc.),TU Darmstadt,Arbeitsaufwand,Modellierung und Analyse von Aktoren-basierten Softwaresystemen,2,Wissen über die Modellierung und formale Analyse von Softwaresystemen
Informatik (B.Sc.),TU Darmstadt,Arbeitsaufwand,Modellierung und Analyse von Aktoren-basierten Softwaresystemen,3,Durchdringung und Aufarbeitung von wissenschaftlichen Konferenzbeiträgen und Journalartikeln zum Seminarthema
Informatik (B.Sc.),TU Darmstadt,Arbeitsaufwand,Modellierung und Analyse von Aktoren-basierten Softwaresystemen,4,Verständliche und organisierte Präsentation wissenschaftlicher Artikel
Informatik (B.Sc.),TU Darmstadt,Arbeitsaufwand,Parallel Computing,1,Kennenlernen aktueller Themen im Bereich Parallelverarbeitung
Informatik (B.Sc.),TU Darmstadt,Arbeitsaufwand,Parallel Computing,2,Literatur auswählen und analysieren
Informatik (B.Sc.),TU Darmstadt,Arbeitsaufwand,Parallel Computing,3,Verständliche Berichte formulieren
Informatik (B.Sc.),TU Darmstadt,Arbeitsaufwand,Parallel Computing,4,Übersichtliche Folien erstellen
Informatik (B.Sc.),TU Darmstadt,Arbeitsaufwand,Parallel Computing,5,Mündlich präsentieren
Informatik (B.Sc.),TU Darmstadt,Arbeitsaufwand,Parallel Computing,6,Anderen Teilnehmern Feedback geben
Informatik (B.Sc.),TU Darmstadt,Arbeitsaufwand,Aktuelle Themen zu Programmsemantiken,1,"Nach erfolgreicher Teilnahme an diesem Seminar werden die Studierenden fähig sein, aktuelle Entwicklungen im Bereich von Programmsemantiken zu diskutieren."
Informatik (B.Sc.),TU Darmstadt,Arbeitsaufwand,Aktuelle Themen zu Programmsemantiken,2,"Des Weiteren werden die Studierenden ihre Fähigkeiten im Lesen und Verstehen wissenschaftlicher Artikel und im Präsentieren, Diskutieren und Vergleichen wissenschaftlicher Ergebnisse verbessern."
Informatik (B.Sc.),TU Darmstadt,Arbeitsaufwand,"Seminar Krisen-, Sicherheits- und Friedenstechnologien",1,Studierende verstehen nach erfolgreichem Besuch der Veranstaltung die technischen und theoretischen Grundkonzepte für Frieden und Sicherheit.
Informatik (B.Sc.),TU Darmstadt,Arbeitsaufwand,"Seminar Krisen-, Sicherheits- und Friedenstechnologien",2,Insbesondere lernen sie:
Informatik (B.Sc.),TU Darmstadt,Arbeitsaufwand,"Seminar Krisen-, Sicherheits- und Friedenstechnologien",3,"Grundlagen der Friedens-, Konflikt-, und Sicherheitsforschung aus Blickwinkel der Informatik"
Informatik (B.Sc.),TU Darmstadt,Arbeitsaufwand,"Seminar Krisen-, Sicherheits- und Friedenstechnologien",4,Herausforderungen der IT-Gestaltung und –Nutzung im Kontext von Frieden und Sicherheit
Informatik (B.Sc.),TU Darmstadt,Arbeitsaufwand,"Seminar Krisen-, Sicherheits- und Friedenstechnologien",5,Methoden zur Entwicklung sicherheitskritischer Mensch-Computer-Interaktion
Informatik (B.Sc.),TU Darmstadt,Arbeitsaufwand,"Seminar Krisen-, Sicherheits- und Friedenstechnologien",6,Selbstständige Auseinandersetzung mit wissenschaftlichen Texten
Informatik (B.Sc.),TU Darmstadt,Arbeitsaufwand,"Seminar Krisen-, Sicherheits- und Friedenstechnologien",7,Verfassen wissenschaftlicher Ausarbeitungen
Informatik (B.Sc.),TU Darmstadt,Arbeitsaufwand,"Seminar Krisen-, Sicherheits- und Friedenstechnologien",8,Begutachtung wissenschaftlicher Texte
Informatik (B.Sc.),TU Darmstadt,Arbeitsaufwand,Schutz von verteilten Infrastrukturen und Netzwerken,1,"Studenten, die an dem Seminar teilnehmen, haben die Chance die Themen durch strukturierte Forschung, näher kennen zu lernen."
Informatik (B.Sc.),TU Darmstadt,Arbeitsaufwand,Schutz von verteilten Infrastrukturen und Netzwerken,2,"Ihre Aufgabe wird es sein, aktuelle wissenschaftliche Veröffentlichungen zu verstehen, um deren Beitrag zu erklären."
Informatik (B.Sc.),TU Darmstadt,Arbeitsaufwand,Schutz von verteilten Infrastrukturen und Netzwerken,3,Außerdem muss ein Survey über das bearbeitete Thema verfasst werden.
Informatik (B.Sc.),TU Darmstadt,Arbeitsaufwand,"Seminar Cyber-Sicherheit, -Krieg, und -Frieden",1,Studierende verstehen nach erfolgreichem Besuch der Veranstaltung die technischen und theoretischen Grundkonzepte für Frieden und Sicherheit.
Informatik (B.Sc.),TU Darmstadt,Arbeitsaufwand,"Seminar Cyber-Sicherheit, -Krieg, und -Frieden",2,Insbesondere lernen sie:
Informatik (B.Sc.),TU Darmstadt,Arbeitsaufwand,"Seminar Cyber-Sicherheit, -Krieg, und -Frieden",3,"Grundlagen der Friedens-, Konflikt-, und Sicherheitsforschung aus Blickwinkel der Informatik"
Informatik (B.Sc.),TU Darmstadt,Arbeitsaufwand,"Seminar Cyber-Sicherheit, -Krieg, und -Frieden",4,Herausforderungen der IT-Gestaltung und –Nutzung im Kontext von Frieden und Sicherheit
Informatik (B.Sc.),TU Darmstadt,Arbeitsaufwand,"Seminar Cyber-Sicherheit, -Krieg, und -Frieden",5,Methoden zur Entwicklung sicherheitskritischer Mensch-Computer-Interaktion
Informatik (B.Sc.),TU Darmstadt,Arbeitsaufwand,"Seminar Cyber-Sicherheit, -Krieg, und -Frieden",6,Selbstständige Auseinandersetzung mit wissenschaftlichen Texten
Informatik (B.Sc.),TU Darmstadt,Arbeitsaufwand,"Seminar Cyber-Sicherheit, -Krieg, und -Frieden",7,Verfassen wissenschaftlicher Ausarbeitungen
Informatik (B.Sc.),TU Darmstadt,Arbeitsaufwand,"Seminar Cyber-Sicherheit, -Krieg, und -Frieden",8,Begutachtung wissenschaftlicher Texte
Informatik (B.Sc.),TU Darmstadt,Arbeitsaufwand,Grundlagen statischer Analysen,1,"Die Studierenden werden vertraut sein mit den Grundlagen von fortgeschrittenen Analysen und werden in der Lage sein, die Angemessenheit bestimmter Techniken und Algorithmen für konkrete Anwendungsfälle zu beurteilen."
Informatik (B.Sc.),TU Darmstadt,Arbeitsaufwand,Grundlagen statischer Analysen,2,"Die Studierenden werden weiterhin in der Lage sein fortgeschrittene, technische Themen im Bereich statische Analyse effektiv zu präsentieren."
Informatik (B.Sc.),TU Darmstadt,Arbeitsaufwand,Sichere Mehrparteienberechnungen,1,Die Studierenden lernen die theoretischen Grundlagen sicherer Mehrparteienberechnungen und diverse Anwendungsbereiche im Detail kennen.
Informatik (B.Sc.),TU Darmstadt,Arbeitsaufwand,Sichere Mehrparteienberechnungen,2,"Sie sind in der Lage, einen wissenschaftlichen Artikel aufzuarbeiten und zu präsentieren."
Informatik (B.Sc.),TU Darmstadt,Arbeitsaufwand,Performance Engineering,1,"- Verstaendnis der Performanzfaktoren und -indikatoren von SMP Plattformen: Compute Units, Memory Design, Synchronisation Protocols"
Informatik (B.Sc.),TU Darmstadt,Arbeitsaufwand,Performance Engineering,2,"Verständnis der Wichtigkeit vergleichbarer, nachvollziehbarer und reproduzierbarer Messergebnisse"
Informatik (B.Sc.),TU Darmstadt,Arbeitsaufwand,Algorithmen und Plattformen des Reinforcement Learning,1,Am Ende dieses Kurses verstehen Studierende die aktuellen Forschungsthemen im Reinforcement Learning und sind in der Lage die Literaturvorstudie für eine Forschungsarbeit in diesem Bereich durchzuführen.
Informatik (B.Sc.),TU Darmstadt,Arbeitsaufwand,Zero Knowledge Beweissysteme,1,Die Studierenden lernen die theoretischen Grundlagen von Zero Knowledge Beweissystemen und diverse Anwendungsbereiche im Detail kennen.
Informatik (B.Sc.),TU Darmstadt,Arbeitsaufwand,Zero Knowledge Beweissysteme,2,"Sie sind in der Lage, einen wissenschaftlichen Artikel aufzuarbeiten und zu präsentieren."
Informatik (B.Sc.),TU Darmstadt,Arbeitsaufwand,Wertbasierte Qualitätskontrolle,1,"Neben den Standardzielen eines Seminars liegt der Schwerpunkt auf der kritischen Beurteilung von Software-Entwicklungskonzepten Voraussetzung für die Teilnahme Empfohlen: Eigene Projekterfahrung im Bereich Anforderungsanalyse, erfolgreicher Abschluss der LV Software Engineering."
Informatik (B.Sc.),TU Darmstadt,Arbeitsaufwand,Erweitertes Seminar - Systems and Machine Learning,1,Nach diesem Seminar sind Studierende in der Lage:
Informatik (B.Sc.),TU Darmstadt,Arbeitsaufwand,Erweitertes Seminar - Systems and Machine Learning,2,einen unbekannten Text aus den Bereichen des Seminars selbständig aufzuarbeiten
Informatik (B.Sc.),TU Darmstadt,Arbeitsaufwand,Erweitertes Seminar - Systems and Machine Learning,3,eine Präsentation und eine schriftliche Zusammenfassung für ein Fachpublikum in diesem Gebiet zu entwickeln
Informatik (B.Sc.),TU Darmstadt,Arbeitsaufwand,Erweitertes Seminar - Systems and Machine Learning,4,an einer Fachdiskussion über ein Thema aus den Bereichen des Seminars sinnvoll teilzunehmen
Informatik (B.Sc.),TU Darmstadt,Arbeitsaufwand,Erweitertes Seminar - Systems and Machine Learning,5,die Meinung über eine wissenschaftliche Arbeit in der Form eines schriftlichen Peer-Reviews zu artikulieren
Informatik (B.Sc.),TU Darmstadt,Arbeitsaufwand,Binary Analysis Seminar,1,Die Veranstaltung vermittelt dem Studierenden ein Grundverständnis der Analyse von nativem Code.
Informatik (B.Sc.),TU Darmstadt,Arbeitsaufwand,Binary Analysis Seminar,2,Zusätzlich wird durch den Vergleich der Werkzeuge die Fähigkeit des wissenschaftlichen Arbeitens gefördert.
Informatik (B.Sc.),TU Darmstadt,Arbeitsaufwand,Binary Analysis Seminar,3,Außerdem sammeln die Studierenden praktische Erfahrungen im Umgang mit gängigen Analysewerkzeugen.
Informatik (B.Sc.),TU Darmstadt,Arbeitsaufwand,Binary Analysis Seminar,4,Die Studierenden sind nach der Veranstaltung in der Lage sich selbstständig in weitere ähnliche und komplexere Themen dieser Art einzuarbeiten.
Informatik (B.Sc.),TU Darmstadt,Arbeitsaufwand,Bildungstechnologien,1,"Das Lernziel besteht einerseits darin wissenschaftliche Publikationen, deren Aufbau und wissenschaftliche Methoden kennen, analysieren und anwenden zu lernen."
Informatik (B.Sc.),TU Darmstadt,Arbeitsaufwand,Bildungstechnologien,2,Andererseits soll ein Einblick in aktuelle Technologien gewonnen werden und sollen diese auf ihren Einsatz im Anwendungsfeld Bildung hin beurteilt werden.
Informatik (B.Sc.),TU Darmstadt,Arbeitsaufwand,Distributed Systems Programming: Seminar,1,"Nach der Teilnahme am ""DSP-Seminar"" können Studierende technische und wissenschaftliche Probleme im Bereich DS aufarbeiten und präsentieren."
Informatik (B.Sc.),TU Darmstadt,Arbeitsaufwand,Distributed Systems Programming: Seminar,2,Je nach ausgewähltem Thema erlernen Studierende folgende Kompetenzen:
Informatik (B.Sc.),TU Darmstadt,Arbeitsaufwand,Distributed Systems Programming: Seminar,3,Literaturrecherche im Themenbereich
Informatik (B.Sc.),TU Darmstadt,Arbeitsaufwand,Distributed Systems Programming: Seminar,4,Methodische Analyse und Auswertung von:
Informatik (B.Sc.),TU Darmstadt,Arbeitsaufwand,Distributed Systems Programming: Seminar,6,Schreiben von technischen Dokumenten oder Projektberichten
Informatik (B.Sc.),TU Darmstadt,Arbeitsaufwand,Distributed Systems Programming: Seminar,7,Erstellen und Vortragen eines Abschlussvortrages
Informatik (B.Sc.),TU Darmstadt,Arbeitsaufwand,Aktor-basierte Programmiersprachen,1,* Fähigkeit ein wissenschaftliche Thema aufzuarbeiten und zu präsentieren * Fähigkeit wissenschaftliche Berichte zu lesen und verwandte Arbeiten zu recherchieren * Erwerb von Wissen über Aktor-basierte Sprachen und deren Anwendung
Informatik (B.Sc.),TU Darmstadt,Arbeitsaufwand,Aktuelle Themen zu Modular Verification,1,Die Studierenden können nach erfolgreicher Durchführung der Veranstaltung ausgewählte Forschungsaktivitäten und -resultaten zu modular Verifikation diskutieren.
Informatik (B.Sc.),TU Darmstadt,Arbeitsaufwand,Aktuelle Themen zu Modular Verification,2,"Des Weiteren werden sie ihre Fähigkeiten im Lesen und Verstehen wissenschaftliche Artikel, im Präsentieren wissenschaftlicher Resultate und im wissenschaftlichen Diskutieren weiterentwickeln."
Informatik (B.Sc.),TU Darmstadt,Arbeitsaufwand,Fortgeschrittene Techniken der Softwareverifikation,1,Nach erfolgreichem Abschluss des Seminars können sich die Studierenden anhand von Ausgangsliteratur eigenständig in ein wissenschaftliches Thema einarbeiten und dieses Thema einem heterogenen Fachpublikum sowohl mündlich als auch schriftlich präsentieren.
Informatik (B.Sc.),TU Darmstadt,Arbeitsaufwand,Fortgeschrittene Techniken der Softwareverifikation,2,Im Detail können die Studierenden Methoden zur Literaturrecherche anwenden und die Relevanz von gefundener Literatur beurteilen.
Informatik (B.Sc.),TU Darmstadt,Arbeitsaufwand,Fortgeschrittene Techniken der Softwareverifikation,3,Sie können den wesentlichen Inhalt einer wissenschaftlichen Veröffentlichung ermitteln und diesen kritisch beurteilen.
Informatik (B.Sc.),TU Darmstadt,Arbeitsaufwand,Fortgeschrittene Techniken der Softwareverifikation,4,Außerdem sind sie in der Lage verschiedene wissenschaftliche Arbeiten miteinander zu vergleichen.
Informatik (B.Sc.),TU Darmstadt,Arbeitsaufwand,Fortgeschrittene Techniken der Softwareverifikation,5,In einem mündlichen Vortrag können die Studierenden ihr Thema und ihre Ergebnisse einem heterogenen Fachpublikum erklären und ihre Ergebnisse vor diesem Publikum verteidigen.
Informatik (B.Sc.),TU Darmstadt,Arbeitsaufwand,Fortgeschrittene Techniken der Softwareverifikation,6,Zusätzlich können die Studierenden in einer schriftlichen Ausarbeitung ihr Thema und ihre Ergebnisse beschreiben.
Informatik (B.Sc.),TU Darmstadt,Arbeitsaufwand,Deep Learning und Digital Humanities,1,"Nach diesem Seminar werden Studierende dazu in der Lage sein: * Probleme aus dem Umfeld von Digital Humanities zu verstehen * verstehen, wie Deep Learning verwendet werden kann, um diese zu lösen * verstehen, wie man crowd-sourcing für Annotationen durchführt"
Informatik (B.Sc.),TU Darmstadt,Arbeitsaufwand,Meta-Science,1,- Lernen von Methoden für Trend Prediction
Informatik (B.Sc.),TU Darmstadt,Arbeitsaufwand,Meta-Science,2,Analyse und Diskussion wissenschaftilcher Praxis
Informatik (B.Sc.),TU Darmstadt,Arbeitsaufwand,Meta-Science,3,generelles Methodenwissen z.B. aus complexity science oder machine learning
Informatik (B.Sc.),TU Darmstadt,Arbeitsaufwand,Seitenkanalresistente Kryptographie,1,Das Ziel des Seminars ist die Vermittlung der einflussreichsten Paper zu Seitenkanalangriffen und Leakage Resilient Kryptographie.
Informatik (B.Sc.),TU Darmstadt,Arbeitsaufwand,Seitenkanalresistente Kryptographie,3,"Seitenkanalangriffe (z.B. Power-Analyse-Angriffe, Timing-Angriffe, Foreshadow usw.)"
Informatik (B.Sc.),TU Darmstadt,Arbeitsaufwand,Seitenkanalresistente Kryptographie,4,"gängige Gegenmaßnahmen gegen Seitenkanalangriffe (z.B. Kryptographie mit konstanter Zeit, zufällige Ausführung, Maskierungsschemata, algorithmische Gegenmaßnahmen usw.)"
Informatik (B.Sc.),TU Darmstadt,Arbeitsaufwand,Seitenkanalresistente Kryptographie,5,Sicherheitsmodelle in der Leakage Resilient Kryptographie und formale Sicherheitsanalysen von Gegenmaßnahmen für Seitenkanalangriffe
Informatik (B.Sc.),TU Darmstadt,Arbeitsaufwand,New Trends in Secure Software Engineering,1,"Sie lernen, wie Sie in ein wissenschaftliches Thema eintauchen, eine Präsentation vorbereiten, die den Anforderungen einer wissenschaftlichen Konferenz entspricht, und Führen einer wissenschaftlichen Diskussion."
Informatik (B.Sc.),TU Darmstadt,Arbeitsaufwand,New Trends in Secure Software Engineering,2,"Sie lernen auch, wie Sie die Thematik für ein branchenorientiertes Publikum aufbereiten und die Anwendbarkeit für die Industrie dabei zu berücksichtigen."
Informatik (B.Sc.),TU Darmstadt,Arbeitsaufwand,Angreifermodelle in der IT-Sicherheit,1,"Nach erfolgreicher Teilnahme an diesem Seminar werden die Studierenden fähig sein, aktuelle Entwicklungen im Bereich Angreifermodelle zu diskutieren."
Informatik (B.Sc.),TU Darmstadt,Arbeitsaufwand,Angreifermodelle in der IT-Sicherheit,2,"Des Weiteren werden die Studierenden ihre Fähigkeiten im Lesen und Verstehen wissenschaftlicher Artikel und im Präsentieren, Diskutieren und Vergleichen wissenschaftlicher Ergebnisse verbessern."
Informatik (B.Sc.),TU Darmstadt,Arbeitsaufwand,Aktuelle Themen aus dem Bereich Concurrency Theory,1,Nach erfolgreicher Teilnahme haben Studierende eine Vorstellung von den aktuell bearbeiteten Themen im Bereich Concurrency Theory.
Informatik (B.Sc.),TU Darmstadt,Arbeitsaufwand,Aktuelle Themen aus dem Bereich Concurrency Theory,2,Sie können Resultate aus diesem Bereich präsentieren und die Vorteile der präsentierten Methoden kritisch hinterfragen.
Informatik (B.Sc.),TU Darmstadt,Arbeitsaufwand,Aktuelle Themen aus dem Bereich Concurrency Theory,3,Die Vorstellung der vorliegenden Resultate wird ihnen dabei helfen ihre eigenen Arbeiten klar darzustellen und zu verteidigen.
Informatik (B.Sc.),TU Darmstadt,Arbeitsaufwand,Digitale Souveränität,1,Das Seminar wird in Form einer Konferenz abgehalten.
Informatik (B.Sc.),TU Darmstadt,Arbeitsaufwand,Digitale Souveränität,2,Die Studierenden lernen das Anfertigen eines wissenschaftlichen Textes und üben die Präsentation vor einem Publikum.
Informatik (B.Sc.),TU Darmstadt,Arbeitsaufwand,Software-Engineering für Künstliche Intelligenz,1,Die Studierenden entwickeln ein tieferes Verständnis zu SE für KI.
Informatik (B.Sc.),TU Darmstadt,Arbeitsaufwand,Software-Engineering für Künstliche Intelligenz,2,"Dies umfasst die Schwerpunkte Requirements Engineering, Qualitätssicherung, Entwicklungsprozesse sowie Softwarearchitektur und -Design für Modularität, Wiederverwendbarkeit, Effizienz, Skalierbarkeit, Fairness und Privatsphäre."
Informatik (B.Sc.),TU Darmstadt,Arbeitsaufwand,Software-Engineering für Künstliche Intelligenz,3,Die Studierenden lernen die Vorbereitung und Präsentation von wissenschaftlichen Inhalten für ein Publikum mit unterschiedlichem Hintergrundwissen.
Informatik (B.Sc.),TU Darmstadt,Arbeitsaufwand,Software-Engineering für Künstliche Intelligenz,4,Außerdem üben die Studierenden die effiziente Vorbereitung von und aktive Teilnahme an wissenschaftlichen Diskussionen sowie deren Moderation.
Informatik (B.Sc.),TU Darmstadt,1.1.4. CORONA-C,1.1.4. CORONA-CON,1,Die Studenten werden sich am Beispiel der Risikoeinschätzung und Kontrollstrategien die folgenden Fertigkeiten aneignen:
Informatik (B.Sc.),TU Darmstadt,1.1.4. CORONA-C,1.1.4. CORONA-CON,2,Einarbeitung in komplexe Fragestellungen
Informatik (B.Sc.),TU Darmstadt,1.1.4. CORONA-C,1.1.4. CORONA-CON,3,Durchführung von Literaturrecherchen
Informatik (B.Sc.),TU Darmstadt,1.1.4. CORONA-C,1.1.4. CORONA-CON,4,Erarbeitung eigener Lösungen
Informatik (B.Sc.),TU Darmstadt,1.1.5. Seminar ,"1.1.5. Seminar Informatik, Ethik und Gesellschaft",1,"Nach Abschluss des Moduls sind Studierende in der Lage,"
Informatik (B.Sc.),TU Darmstadt,1.1.5. Seminar ,"1.1.5. Seminar Informatik, Ethik und Gesellschaft",2,ethische und soziale Aspekte der Informatik sowie ihre professionellen ethischen Leitlinien zu beschreiben.
Informatik (B.Sc.),TU Darmstadt,1.1.5. Seminar ,"1.1.5. Seminar Informatik, Ethik und Gesellschaft",3,Lösungsansätze zum ethischen und sozialen Umgang mit Informatik zu nennen.
Informatik (B.Sc.),TU Darmstadt,1.1.5. Seminar ,"1.1.5. Seminar Informatik, Ethik und Gesellschaft",4,Kriterien für gutes wissenschaftliches Arbeiten zu nennen
Informatik (B.Sc.),TU Darmstadt,1.1.5. Seminar ,"1.1.5. Seminar Informatik, Ethik und Gesellschaft",5,wissenschaftliche Forschungsfragen im Kontext ethischer Aspekte der Informatik zu erarbeiten und unter Anwendung einer wissenschaftlichen Methode zu beantworten
Informatik (B.Sc.),TU Darmstadt,1.1.5. Seminar ,"1.1.5. Seminar Informatik, Ethik und Gesellschaft",6,ihr wissenschaftliches Vorgehen reflektiert in einer Fachdiskussion zu verteidigen
Informatik (B.Sc.),TU Darmstadt,1.1.5. Seminar ,"1.1.5. Seminar Informatik, Ethik und Gesellschaft",7,wissenschaftliche Beiträge Anderer in einem „Peer-Review“ konstruktiv zu begutachten
Informatik (B.Sc.),TU Darmstadt,Seminar Kryptog,Seminar Kryptographie,1,Im Bereich der fachlichen und fachlich methodischen Kompetenzen werden die Studierenden nach der Veranstaltung das Vorwissen aus dem Bereich der Kryptographie auf neue wissenschaftliche Arbeiten anwenden können.
Informatik (B.Sc.),TU Darmstadt,Seminar Kryptog,Seminar Kryptographie,2,"Im Bereich der kommunikativen Kompetenzen werden die Studierenden dann wissenschaftliche Arbeiten so analysieren können, dass sie den fachlichen Stoff daraus präsentieren können."
Informatik (B.Sc.),TU Darmstadt,Verfassen und B,Verfassen und Beurteilen Wissenschaftlicher Veröffentlichungen in der IT-Sicherheit,1,"Im Bereich der kommunikativen Kompetenzen werden die Studierenden gelernt haben, wie man wissenschaftliche Resultate darstellt und wie man wissenschaftliche Arbeiten bewertet."
Informatik (B.Sc.),TU Darmstadt,Verfassen und B,Verfassen und Beurteilen Wissenschaftlicher Veröffentlichungen in der IT-Sicherheit,2,Im Bereich der organisatorischen Kompetenzen werden sie die Abläufe von Konferenzen und den Einsatz entsprechender Systeme erlernt haben.
Informatik (B.Sc.),TU Darmstadt,Sicherheit und ,Sicherheit und Privatheit in vernetzten Systemen,1,"Am Ende der Veranstaltung sind die Studierenden in der Lage, sich in ein wissenschaftliches Thema einzuarbeiten, den aktuellen Stand der Forschung zu einer bestimmten Fragestellung zu beantworten sowie die Ergebnisse im Stil einer Publikation festzuhalten und zu präsentieren."
Informatik (B.Sc.),TU Darmstadt,Konzeptentwurf ,Konzeptentwurf für ein (Informatik-)Studium der angepassten Geschwindigkeit,1,Nach erfolgreicher Teilnahme am Seminar können Studierende:
Informatik (B.Sc.),TU Darmstadt,Konzeptentwurf ,Konzeptentwurf für ein (Informatik-)Studium der angepassten Geschwindigkeit,2,wissenschaftliche Literatur zur Hochschuldidaktik verstehen und auf konkrete Lehrinhalte beziehen
Informatik (B.Sc.),TU Darmstadt,Konzeptentwurf ,Konzeptentwurf für ein (Informatik-)Studium der angepassten Geschwindigkeit,3,Herausforderungen im eigenen Studiengang analysieren und klar benennen
Informatik (B.Sc.),TU Darmstadt,Konzeptentwurf ,Konzeptentwurf für ein (Informatik-)Studium der angepassten Geschwindigkeit,4,Konzepte für zusätzliche Lernangebote zu bestehenden Lerninhalten erstellen
Informatik (B.Sc.),TU Darmstadt,Konzeptentwurf ,Konzeptentwurf für ein (Informatik-)Studium der angepassten Geschwindigkeit,5,"sich als Gruppe koordinieren und absprechen, um zu einem gemeinsamen Ergebnis zu kommen"
Informatik (B.Sc.),TU Darmstadt,Konzeptentwurf ,Konzeptentwurf für ein (Informatik-)Studium der angepassten Geschwindigkeit,6,kleine qualitative Umfragen erstellen und die Ergebnisse auswerten
Informatik (B.Sc.),TU Darmstadt,Konzeptentwurf ,Konzeptentwurf für ein (Informatik-)Studium der angepassten Geschwindigkeit,7,die Ergebnisse in einem Vortrag präsentieren
Informatik (B.Sc.),TU Darmstadt,Humanoide Robot,Humanoide Robotik,1,Am Ende dieses Kurses verstehen die Studierenden aktuelle Forschungsthemen der humanoiden Robotik und können:
Informatik (B.Sc.),TU Darmstadt,Humanoide Robot,Humanoide Robotik,2,sich anhand von wissenschaftlichen Publikationen selbstständig in ein Themengebiet einarbeiten und
Informatik (B.Sc.),TU Darmstadt,Humanoide Robot,Humanoide Robotik,3,ihre Ergebnisse mündlich und schriftlich vor einem Fachpublikum präsentieren.
Informatik (B.Sc.),TU Darmstadt,Deduktive und I,Deduktive und Interaktive Verifikationswerkzeuge,1,"Nachdem Studierende das Seminar besucht haben, können sie * sich kritisch mit einer wissenschaftlichen Arbeit auseinandersetzen * einen wissenschaftlichen Vortrag halten * Stärken und Schwächen verschiedener Ansätze zur deduktiven Verifikation, des interaktiven Theorembeweisens sowie der existierenden Werkzeuge einschätzen und vergleichen * Verifikationswerkzeuge auf praktische Problemstellungen anwenden * einen Überblick über den aktuellen Stand der Forschung im Bereich der deduktiven Verifikation und des interaktiven Beweisen gebe"
Informatik (B.Sc.),TU Darmstadt,Theoretische Ne,Theoretische Neurowissenschaft,1,"Nach erfolgreicher Teilnahme an dem Seminar sind die Teilnehmer*innen in der Lage,"
Informatik (B.Sc.),TU Darmstadt,Theoretische Ne,Theoretische Neurowissenschaft,2,neuronale Funktionssysteme in ihren Teilen und Funktionsbezügen zu beschreiben.
Informatik (B.Sc.),TU Darmstadt,Theoretische Ne,Theoretische Neurowissenschaft,3,verschiedene Funktionssysteme einander gegenüberzustellen.
Informatik (B.Sc.),TU Darmstadt,Theoretische Ne,Theoretische Neurowissenschaft,4,mathematische Methoden für nicht-lineare Dynamiken zu kennen.
Informatik (B.Sc.),TU Darmstadt,Theoretische Ne,Theoretische Neurowissenschaft,5,gewöhnliche Differenzialgleichungen für Simulatoren zu implementieren.
Informatik (B.Sc.),TU Darmstadt,Theoretische Ne,Theoretische Neurowissenschaft,6,"aus unterschiedlichen Simulationsumgebungen (NEST, Neuron, etc.) auszuwählen."
Informatik (B.Sc.),TU Darmstadt,Theoretische Ne,Theoretische Neurowissenschaft,7,über biologische Details zu abstrahieren und ein formales neuronales Modell zu entwickeln.
Informatik (B.Sc.),TU Darmstadt,Theoretische Ne,Theoretische Neurowissenschaft,8,verschiedene neuronale Modelle zu kennen und diese für die jeweilige Anwendung zu beurteilen.
Informatik (B.Sc.),TU Darmstadt,Theoretische Ne,Theoretische Neurowissenschaft,9,Voraussetzung für die Teilnahme Empfohlen:
Informatik (B.Sc.),TU Darmstadt,Theoretische Ne,Theoretische Neurowissenschaft,10,Mathematische Methoden aus dem Bachelor-Studiengang Informatik
Informatik (B.Sc.),TU Darmstadt,Theoretische Ne,Theoretische Neurowissenschaft,11,Algorithmen und Datenstrukturen
Informatik (B.Sc.),TU Darmstadt,Theoretische Ne,Theoretische Neurowissenschaft,12,Programmierkenntnisse (Programmiersprache frei wählbar)
Informatik (B.Sc.),TU Darmstadt,Theoretische Ne,Theoretische Neurowissenschaft,13,Biologisches Grundverständnis von Vorteil
Informatik (B.Sc.),TU Darmstadt,Seminar Softwar,Seminar Softwaresystemtechnologie,1,"Nach erfolgreichem Abschluss des Moduls sind die Studierenden in der Lage sich in ein unbekanntes Themengebiet einzuarbeiten, die Zuverlässigkeit von Informationsquellen einzuschätzen und diese nach wissenschaftlichen Aspekten aufzuarbeiten."
Informatik (B.Sc.),TU Darmstadt,Seminar Softwar,Seminar Softwaresystemtechnologie,2,Studierende erlernen die Bearbeitung eines Themas durch Literaturrecherche zu unterstützen und kritisch zu hinterfragen.
Informatik (B.Sc.),TU Darmstadt,Seminar Softwar,Seminar Softwaresystemtechnologie,3,"Weiterhin wird die Fähigkeit erworben, ein klar umrissenes Thema in Form einer schriftlichen Ausarbeitung und in Form eines mündlichen Vortrags unter Anwendung von Präsentationstechniken zu präsentieren."
Informatik (B.Sc.),TU Darmstadt,Arbeitsaufwand,Praktikum in der Lehre - Algorithmen und Datenstrukturen,1,"Es sollen Fähigkeiten erlernt werden, geeignete Lernmaterialien für Schulungen in Informatikthemen selbst zu erstellen, ihren Einsatz kritisch zu begleiten und dabei auch die Lernenden zu betreuen und anzuleiten."
Informatik (B.Sc.),TU Darmstadt,Arbeitsaufwand,Praktikum in der Lehre - Allgemeine Informatik II,1,"Es sollen Fähigkeiten erlernt werden, geeignete Lernmaterialien für Schulungen in Informatikthemen selbst zu erstellen, ihren Einsatz kritisch zu begleiten und dabei auch die Lernenden zu betreuen und anzuleiten."
Informatik (B.Sc.),TU Darmstadt,Arbeitsaufwand,Praktikum in der Lehre - Allgemeine Informatik I,1,Die Studierenden können nach erfolgreicher Durchführung der Veranstaltung:
Informatik (B.Sc.),TU Darmstadt,Arbeitsaufwand,Praktikum in der Lehre - Allgemeine Informatik I,2,Lehrinhalte aus der Vorlesung für Haus- und Präsenzübungen aufbereiten
Informatik (B.Sc.),TU Darmstadt,Arbeitsaufwand,Praktikum in der Lehre - Allgemeine Informatik I,3,Praxisnahe Übungsformen konzipieren und erstellen
Informatik (B.Sc.),TU Darmstadt,Arbeitsaufwand,Praktikum in der Lehre - Allgemeine Informatik I,4,Übungen mit Studierendengruppen aller Leistungsniveaus konzipieren und durchführen
Informatik (B.Sc.),TU Darmstadt,Arbeitsaufwand,Praktikum in der Lehre - Allgemeine Informatik I,5,Ein Konzept für aufeinander aufbauende praktische Übungen entwickeln
Informatik (B.Sc.),TU Darmstadt,Arbeitsaufwand,Praktikum in der Lehre - Allgemeine Informatik I,6,Methoden der Lernkontrolle für die Lerninhalte der Vorlesung anwenden
Informatik (B.Sc.),TU Darmstadt,Arbeitsaufwand,Praktikum in der Lehre - Softwaretechnik,1,"Es sollen Fähigkeiten erlernt werden, geeignete Lernmaterialien für Schulungen in Informatikthemen selbst zu erstellen, ihren Einsatz kritisch zu begleiten und dabei auch die Lernenden zu betreuen und anzuleiten."
Informatik (B.Sc.),TU Darmstadt,Arbeitsaufwand,Praktikum in der Lehre - Visual Computing,1,"Es sollen Fähigkeiten erlernt werden, geeignete Lernmaterialien für Schulungen in Informatikthemen selbst zu erstellen, ihren Einsatz kritisch zu begleiten und dabei auch die Lernenden zu betreuen und anzuleiten."
Informatik (B.Sc.),TU Darmstadt,Arbeitsaufwand,Praktikum in der Lehre - Formale Methoden im Softwareentwurf,1,"Es sollen Fähigkeiten erlernt werden, geeignete Lernmaterialien für Schulungen in Informatikthemen selbst zu erstellen, ihren Einsatz kritisch zu begleiten und dabei auch die Lernenden zu betreuen und anzuleiten."
Informatik (B.Sc.),TU Darmstadt,Arbeitsaufwand,Praktikum in der Lehre - Betriebssysteme,1,"Es sollen Fähigkeiten erlernt werden, geeignete Lernmaterialien für Schulungen in Informatikthemen selbst zu erstellen, ihren Einsatz kritisch zu begleiten und dabei auch die Lernenden zu betreuen und anzuleiten."
Informatik (B.Sc.),TU Darmstadt,Arbeitsaufwand,Praktikum in der Lehre - Digitaltechnik,1,"Es sollen Fähigkeiten erlernt werden, geeignete Lernmaterialien für Schulungen in Informatikthemen selbst zu erstellen, ihren Einsatz kritisch zu begleiten und/oder dabei auch die Lernenden zu betreuen und anzuleiten."
Informatik (B.Sc.),TU Darmstadt,Arbeitsaufwand,Praktikum in der Lehre - TK1,1,Kenntnisse der Thematik in TK1
Informatik (B.Sc.),TU Darmstadt,Arbeitsaufwand,Praktikum in der Lehre - Informationsvisualisierung und Visual Analytics,1,Die Studierenden können nach erfolgreicher Durchführung der Veranstaltung:
Informatik (B.Sc.),TU Darmstadt,Arbeitsaufwand,Praktikum in der Lehre - Informationsvisualisierung und Visual Analytics,2,Lehrinhalte aus der Vorlesung für Haus- und Präsenzübungen aufbereiten
Informatik (B.Sc.),TU Darmstadt,Arbeitsaufwand,Praktikum in der Lehre - Informationsvisualisierung und Visual Analytics,3,Übungen mit Studentengruppen konzipieren und durchführen
Informatik (B.Sc.),TU Darmstadt,Arbeitsaufwand,Praktikum in der Lehre - Informationsvisualisierung und Visual Analytics,4,Ein Konzept für aufeinander aufbauende praktische Übungen entwickeln
Informatik (B.Sc.),TU Darmstadt,Arbeitsaufwand,Praktikum in der Lehre - Informationsvisualisierung und Visual Analytics,5,Methoden der Lernkontrolle für die Lerninhalte der Vorlesung anwenden
Informatik (B.Sc.),TU Darmstadt,Arbeitsaufwand,Praktikum in der Lehre - Graphische Datenverarbeitung II,1,Aufbereitung und Vermittlung des Vorlesungsinhaltes.
Informatik (B.Sc.),TU Darmstadt,Arbeitsaufwand,Praktikum in der Lehre - Internetsicherheit und Sicherheit in Mobilen Netzen,1,Die Studierenden können nach erfolgreicher Durchführung der Veranstaltung:
Informatik (B.Sc.),TU Darmstadt,Arbeitsaufwand,Praktikum in der Lehre - Internetsicherheit und Sicherheit in Mobilen Netzen,2,Lehrinhalte aus der Vorlesung für Haus- und Präsenzübungen aufbereiten
Informatik (B.Sc.),TU Darmstadt,Arbeitsaufwand,Praktikum in der Lehre - Internetsicherheit und Sicherheit in Mobilen Netzen,3,Praxisnahe Übungsformen konzipieren und erstellen
Informatik (B.Sc.),TU Darmstadt,Arbeitsaufwand,Praktikum in der Lehre - Internetsicherheit und Sicherheit in Mobilen Netzen,4,Übungen mit Studierendengruppen aller Leistungsniveaus konzipieren und durchführen
Informatik (B.Sc.),TU Darmstadt,Arbeitsaufwand,Praktikum in der Lehre - Internetsicherheit und Sicherheit in Mobilen Netzen,5,Ein Konzept für aufeinander aufbauende praktische Übungen entwickeln
Informatik (B.Sc.),TU Darmstadt,Arbeitsaufwand,Praktikum in der Lehre - Internetsicherheit und Sicherheit in Mobilen Netzen,6,Methoden der Lernkontrolle für die Lerninhalte der Vorlesung anwenden
Informatik (B.Sc.),TU Darmstadt,Arbeitsaufwand,Praktikum in der Lehre - Rechnerorganisation,1,"Es sollen Fähigkeiten erlernt werden, geeignete Lernmaterialien für Schulungen in Informatikthemen selbst zu erstellen, ihren Einsatz kritisch zu begleiten und/oder dabei auch die Lernenden zu betreuen und anzuleiten."
Informatik (B.Sc.),TU Darmstadt,Arbeitsaufwand,Praktikum in der Lehre - IT in der Grundlehre,1,"Nach Besuch der Veranstaltung haben die Studierenden praktische Erfahrungen darin gesammelt, geeignete IT-basierte Konzepte für Vorlesung sowie Übungs-und Prüfungsbetrieb in Lehrveranstaltungen mit großen, heterogenen Teilnehmergruppen zu entwickeln und softwareseitig umzusetzen."
Informatik (B.Sc.),TU Darmstadt,Arbeitsaufwand,Praktikum in der Lehre - Software Engineering,1,"Nachdem Studierende die Veranstaltung besucht haben, können Sie"
Informatik (B.Sc.),TU Darmstadt,Arbeitsaufwand,Praktikum in der Lehre - Software Engineering,2,Lerninhalte in Form von Übungsaufgaben auf angemessener Abstraktionsebene aufbereiten
Informatik (B.Sc.),TU Darmstadt,Arbeitsaufwand,Praktikum in der Lehre - Software Engineering,3,fachliche Inhalte aufbereiten und erklären (für die Zielgruppe der Studierenden)
Informatik (B.Sc.),TU Darmstadt,Arbeitsaufwand,Praktikum in der Lehre - Software Engineering,4,Übungsgruppen betreuen
Informatik (B.Sc.),TU Darmstadt,Arbeitsaufwand,Praktikum in der Lehre - Computersystemsicherheit,1,"Nachdem Studierende die Veranstaltung besucht haben, können sie Lerninhalte als Übungsund Programmieraufgaben aufbereiten."
Informatik (B.Sc.),TU Darmstadt,Arbeitsaufwand,Praktikum in der Lehre - Einführung in den Compilerbau,1,"Nach erfolgreichem Absolvieren der Veranstaltung sind die Studierenden in der Lage, selbständig Lehrmaterialien zu Informatikthemen zu erstellen."
Informatik (B.Sc.),TU Darmstadt,Arbeitsaufwand,Praktikum in der Lehre - Einführung in den Compilerbau,2,Sie können das Material in Schulungen erfolgreich einsetzen und seine didaktische Wirksamkeit kritisch beurteilen.
Informatik (B.Sc.),TU Darmstadt,Arbeitsaufwand,Praktikum in der Lehre - Einführung in den Compilerbau,3,"Sie können Studierende in direktem persönlichen Kontakt, aber auch über elektronische Kommunikationsmedien anleiten und betreuen."
Informatik (B.Sc.),TU Darmstadt,Arbeitsaufwand,Praktikum in der Lehre - Ubiquitous / Mobile Computing,1,Aufbereitung und Vermittlung des Vorlesungsinhaltes.
Informatik (B.Sc.),TU Darmstadt,Arbeitsaufwand,Praktikum in der Lehre - Public Key Infrastrukturen,1,"In einem Praktikum in der Lehre bearbeiten die Studierenden Probleme, die sowohl fachliche als auch didaktische Aspekte haben und wirken an der Umsetzung der von ihnen erarbeiteten Resultate mit."
Informatik (B.Sc.),TU Darmstadt,Arbeitsaufwand,Praktikum in der Lehre - Algorithmenvisualisierung,1,Die Teilnehmer am Praktikum in der Lehre Algorithmenvisualisierung vertiefen ihre Kenntnisse im Bereich der Visualisierung sowie der Algorithmen und Datenstrukturen.
Informatik (B.Sc.),TU Darmstadt,Arbeitsaufwand,Praktikum in der Lehre - Algorithmenvisualisierung,2,"Gleichzeitig erhalten sie Einblicke in die Lehrtätigkeit durch Betreuung von Studierenden, Bewertung von Aufgaben und Überarbeitung von Aufgaben."
Informatik (B.Sc.),TU Darmstadt,Arbeitsaufwand,Praktikum in der Lehre - Data Management,1,"Erfahrung in der Betreuung von Studierenden im Themenbereich Datenmanagement, mit dem Fokus auf das neu erstelle Übungs- und Vorlesungsmaterial"
Informatik (B.Sc.),TU Darmstadt,Arbeitsaufwand,Praktikum in der Lehre - Deep Learning for Natural Language Processing,1,"In einem Praktikum der Lehre bearbeiten die Studierenden Probleme, die sowohl fachliche als auch didaktische Aspekte haben und wirken an der Umsetzung der von ihnen erarbeitet Resultate mit."
Informatik (B.Sc.),TU Darmstadt,Arbeitsaufwand,Praktikum in der Lehre - SIT,1,Die Teilnehmer am Praktikum in der Lehre vertiefen ihre Kenntnisse in verschiedenen Bereiche der IT Sicherheit.
Informatik (B.Sc.),TU Darmstadt,Arbeitsaufwand,Praktikum in der Lehre - SIT,2,Zusätzlich erhalten sie Einblicke in die Lehrtätigkeit durch Betreuung von Studierenden und Überarbeitung von Aufgaben.
Informatik (B.Sc.),TU Darmstadt,Arbeitsaufwand,Praktikum in der Lehre – Parallele Programmierung,1,Studenten sind in der Lage:
Informatik (B.Sc.),TU Darmstadt,Arbeitsaufwand,Praktikum in der Lehre – Parallele Programmierung,2,Lehrinhalte in Übungen zu präsentieren und zu erklären
Informatik (B.Sc.),TU Darmstadt,Arbeitsaufwand,Praktikum in der Lehre – Parallele Programmierung,3,Praktikumsgruppen zu betreuen
Informatik (B.Sc.),TU Darmstadt,Arbeitsaufwand,Praktikum in der Lehre – Parallele Programmierung,4,Methoden zur Kontrolle des Lernerfolgs systematisch anzuwenden
Informatik (B.Sc.),TU Darmstadt,Arbeitsaufwand,Praktikum in der Lehre - Einführung in die Kryptographie,1,Studierende sind in der Lage:
Informatik (B.Sc.),TU Darmstadt,Arbeitsaufwand,Praktikum in der Lehre - Einführung in die Kryptographie,2,Lehrinhalte in Übungen zu präsentieren und zu erklären
Informatik (B.Sc.),TU Darmstadt,Arbeitsaufwand,Praktikum in der Lehre - Einführung in die Kryptographie,3,Praktikumsgruppen zu betreuuen
Informatik (B.Sc.),TU Darmstadt,Arbeitsaufwand,Praktikum in der Lehre - Einführung in die Kryptographie,4,Methoden zur Kontrolle des Lernerfolges systematisch anzuwenden
Informatik (B.Sc.),TU Darmstadt,Arbeitsaufwand,Praktikum in der Lehre - Echtzeitsysteme,1,Studierende sind in der Lage:
Informatik (B.Sc.),TU Darmstadt,Arbeitsaufwand,Praktikum in der Lehre - Echtzeitsysteme,2,Lehrinhalte in Übungen zu präsentieren und zu erklären
Informatik (B.Sc.),TU Darmstadt,Arbeitsaufwand,Praktikum in der Lehre - Echtzeitsysteme,3,Praktikumsgruppen zu betreuen
Informatik (B.Sc.),TU Darmstadt,Arbeitsaufwand,Praktikum in der Lehre - Echtzeitsysteme,4,Methoden zur Kontrolle des Lernerfolgs systematisch anzuwenden
Informatik (B.Sc.),TU Darmstadt,Arbeitsaufwand,Praktikum in der Lehre - Statistisches Maschinelles Lernen,1,Vorbereitung auf eigenständige Lehrtätigkeit.
Informatik (B.Sc.),TU Darmstadt,Arbeitsaufwand,"Praktikum in der Lehre - Modellierung, Spezifikation und Semantik",1,Die Studenten können nach erfolgreicher Durchführung der Veranstaltung:
Informatik (B.Sc.),TU Darmstadt,Arbeitsaufwand,"Praktikum in der Lehre - Modellierung, Spezifikation und Semantik",2,Lehrinhalte aus der Vorlesung für Haus- und Präsenzübungen aufbereiten
Informatik (B.Sc.),TU Darmstadt,Arbeitsaufwand,"Praktikum in der Lehre - Modellierung, Spezifikation und Semantik",3,Praxisnahe Übungsformen konzipieren und erstellen
Informatik (B.Sc.),TU Darmstadt,Arbeitsaufwand,"Praktikum in der Lehre - Modellierung, Spezifikation und Semantik",4,Übungen mit Studentengruppen aller Leistungsniveaus konzipieren und durchführen
Informatik (B.Sc.),TU Darmstadt,Arbeitsaufwand,"Praktikum in der Lehre - Modellierung, Spezifikation und Semantik",5,Ein Konzept für aufeinander aufbauende praktische Übungen entwickeln
Informatik (B.Sc.),TU Darmstadt,Arbeitsaufwand,"Praktikum in der Lehre - Modellierung, Spezifikation und Semantik",6,Methoden der Lernkontrolle für die Lerninhalte der Vorlesung anwenden
Informatik (B.Sc.),TU Darmstadt,Arbeitsaufwand,Praktikum in der Lehre - Optimierung statischer und dynamischer Systeme,1,Die Studierenden können nach erfolgreicher Durchführung der Veranstaltung: * Lehrinhalte aus der Vorlesung für Haus- und Präsenzübungen sowie für vorlesungsbegleitende Programmieraufgaben aufbereiten * Ein Konzept für aufeinander aufbauende praktische Übungen entwickeln * Methoden der Lernkontrolle für die Lerninhalte der Vorlesung anwenden
Informatik (B.Sc.),TU Darmstadt,1.1.6. Praktiku,1.1.6. Praktikum in der Lehre - System Security,1,"Es sollen Fähigkeiten erlernt werden, geeignete Lernmaterialien für Schulungen in Informatikthemen selbst zu erstellen, ihren Einsatz kritisch zu begleiten und/oder dabei auch die Lernenden zu betreuen und anzuleiten."
Informatik (B.Sc.),TU Darmstadt,1.1.7. Praktiku,1.1.7. Praktikum in der Lehre - Graphische Datenverarbeitung I,1,"Es sollen Fähigkeiten erlernt werden, geeignete Lernmaterialien für Schulungen in Informatikthemen selbst zu erstellen, ihren Einsatz kritisch zu begleiten und dabei auch die Lernenden zu betreuen und anzuleiten."
Informatik (B.Sc.),TU Darmstadt,20-00-1110,Praktikum in der Lehre - Foundations of Language Technology (FOLT),1,"Nach Abschluss der Veranstaltung sind die Studierenden in der Lage, eigenständig ein Tutorium zu veranstalten, eine Shared Task vorzubereiten und vergleichbare Aufgaben der Lehre zu übernehmen."
Informatik (B.Sc.),TU Darmstadt,Praktikum in de,Praktikum in der Lehre - Technische Informatik,1,"Nach erfolgreichem Absolvieren der Veranstaltung sind die Studierenden in der Lage, selbständig Lehrmaterialien zu Informatikthemen zu erstellen."
Informatik (B.Sc.),TU Darmstadt,Praktikum in de,Praktikum in der Lehre - Technische Informatik,2,Sie können das Material in Schulungen erfolgreich einsetzen und seine didaktische Wirksamkeit kritisch beurteilen.
Informatik (B.Sc.),TU Darmstadt,Praktikum in de,Praktikum in der Lehre - Technische Informatik,3,"Sie können Studierende in direktem persönlichen Kontakt, aber auch über elektronische Kommunikationsmedien anleiten und betreuen."
Informatik (B.Sc.),TU Darmstadt,Arbeitsaufwand,Praktikum in der Lehre - Visuelle Inferenz,1,Studierende sind in der Lage: -Lehrinhalte in Übungen zu präsentieren und zu erklären -Praktikumsgruppen zu betreuen -Methoden zur Kontrolle des Lernerfolgs systematisch anzuwenden
Informatik (B.Sc.),TU Darmstadt,Arbeitsaufwand,Praktikum in der Lehre - Einführung in die Künstliche Intelligenz,1,Studierende können nach erfolgreicher Durchführung der Veranstaltung:
Informatik (B.Sc.),TU Darmstadt,Arbeitsaufwand,Praktikum in der Lehre - Einführung in die Künstliche Intelligenz,2,Praxisnahe Übungsformen konzipieren und erstellen
Informatik (B.Sc.),TU Darmstadt,Arbeitsaufwand,Praktikum in der Lehre - Einführung in die Künstliche Intelligenz,3,Lehrinhalte aus der Vorlesung für Haus- und Präsenzübungen aufbereiten
Informatik (B.Sc.),TU Darmstadt,Arbeitsaufwand,Praktikum in der Lehre - Einführung in die Künstliche Intelligenz,4,Studentengruppen didaktisch unterstützen
Informatik (B.Sc.),TU Darmstadt,Arbeitsaufwand,Praktikum in der Lehre - Einführung in die Künstliche Intelligenz,5,Bestehende Lehrmaterialien kritisch hinterfragen und Verbesserungsvorschläge einbringen
Informatik (B.Sc.),TU Darmstadt,Arbeitsaufwand,Praktikum in der Lehre - Einführung in die Künstliche Intelligenz,6,Methoden der Lernkontrolle für die Lerninhalte der Vorlesung anwenden
