studiengang,hochschule,modul_id,modulname,satz_nr,satz,typ,taxonomie,qualitaet,konfidenz
Angewandte Informatik (B.Sc.),Hochschule Fulda,AI1005,Betriebswirtschaftslehre 1,1,Die Studierenden geben die wesentlichen Grundlagen der Betriebswirtschaftslehre wieder.,,,,
Angewandte Informatik (B.Sc.),Hochschule Fulda,AI1005,Betriebswirtschaftslehre 1,2,"Die Studierenden finden sich in der betrieblichen Wirklichkeit, die weitgehend vom betriebswirtschaftlichen Rationalitätspostulat bestimmt ist, zurecht und bringen sich produktiv ein.",,,,
Angewandte Informatik (B.Sc.),Hochschule Fulda,AI1005,Betriebswirtschaftslehre 1,3,"Die Studierenden sind in der Lage, betriebswirtschaftliche Kennzahlen zu ermitteln und diese, ebenso wie Jahresabschlüsse, zu interpretieren.",,,,
Angewandte Informatik (B.Sc.),Hochschule Fulda,AI1005,Betriebswirtschaftslehre 1,4,Die Studierenden schätzen die Bedeutung von Faktoren wie z.B. der Unternehmenskultur oder der Mitbestimmung ein und beurteilen diese.,,,,
Angewandte Informatik (B.Sc.),Hochschule Fulda,AI1002,Digitaltechnik und Rechnersysteme,1,"Die Studierenden verstehen die technischen Grundlagen, welche zum Verständnis digitaler Rechensysteme notwendig sind.",,,,
Angewandte Informatik (B.Sc.),Hochschule Fulda,AI1002,Digitaltechnik und Rechnersysteme,2,"Angefangen von der Funktionsweise primitiver logischer Verknüpfungen (UND, ODER, Negation) werden auf Grundlage der Booleschen Algebra Methoden entwickelt, welche notwendig sind, um die Funktionsweise von einfachen Von-Neumann Rechnern zu verstehen.",,,,
Angewandte Informatik (B.Sc.),Hochschule Fulda,AI1002,Digitaltechnik und Rechnersysteme,3,Die Studierenden wenden Zahlensysteme zur Darstellung von Fest- und Fließkommazahlen an.,,,,
Angewandte Informatik (B.Sc.),Hochschule Fulda,AI1002,Digitaltechnik und Rechnersysteme,4,Die Studierenden wenden die Regeln der Booleschen Algebra an.,,,,
Angewandte Informatik (B.Sc.),Hochschule Fulda,AI1002,Digitaltechnik und Rechnersysteme,5,Die Studierenden wenden Methoden zur Entwicklung und Vereinfachung kombinatorischer Schaltnetze an entwerfen endliche Automaten und realisieren diese in Form von Schaltwerken.,,,,
Angewandte Informatik (B.Sc.),Hochschule Fulda,AI1002,Digitaltechnik und Rechnersysteme,6,Die Studierenden berechnen das Laufzeitverhalten von kombinatorischen und synchronen Schaltungen.,,,,
Angewandte Informatik (B.Sc.),Hochschule Fulda,AI1002,Digitaltechnik und Rechnersysteme,7,"Die Studierenden erklären den Aufbau, die Baugruppen und die Arbeitsweise des „Von-Neumann-Rechners“.",,,,
Angewandte Informatik (B.Sc.),Hochschule Fulda,AI1002,Digitaltechnik und Rechnersysteme,8,Die Studierenden entwerfen einfache Programme in Maschinensprache.,,,,
Angewandte Informatik (B.Sc.),Hochschule Fulda,AI1004,Mathematische Grundlagen der Informatik,1,Die Studierenden benutzen fachgerecht mathematische Symbole.,,,,
Angewandte Informatik (B.Sc.),Hochschule Fulda,AI1004,Mathematische Grundlagen der Informatik,2,Die Studierenden nennen Beispiele von Zahlenfolgen und Funktionen mit bestimmten Eigenschaften.,,,,
Angewandte Informatik (B.Sc.),Hochschule Fulda,AI1004,Mathematische Grundlagen der Informatik,3,Die Studierenden analysieren die Eigenschaften von reellen Zahlenfolgen.,,,,
Angewandte Informatik (B.Sc.),Hochschule Fulda,AI1004,Mathematische Grundlagen der Informatik,4,Die Studierenden analysieren die Eigenschaften von Funktionen einer reellen Variablen.,,,,
Angewandte Informatik (B.Sc.),Hochschule Fulda,AI1004,Mathematische Grundlagen der Informatik,5,"Die Studierenden sind in der Lage, mathematische Argumentationen im Bereich der Analysis nachzuvollziehen und erkennen Lücken in mathematischen Argumentationen.",,,,
Angewandte Informatik (B.Sc.),Hochschule Fulda,AI1004,Mathematische Grundlagen der Informatik,6,Die Studierenden führen selbst mathematische Argumentationen im Bereich der Analysis.,,,,
Angewandte Informatik (B.Sc.),Hochschule Fulda,AI1000,Programmierung 1,1,"Die Studierenden beschreiben mathematische und logische Probleme mit eigenen Worten, die in natürlicher Sprache formuliert sind (z.B. Zahlenfolgen und -reihen, Sortieren, Game of Life, Türme von Hanoi).",,,,
Angewandte Informatik (B.Sc.),Hochschule Fulda,AI1000,Programmierung 1,2,Die Studierenden beschreiben diese Probleme anhand algorithmischer Teilschritte und entwickeln unter Anwendung der ihnen bekannten Programmkonstrukte programmiersprachliche Lösungen.,,,,
Angewandte Informatik (B.Sc.),Hochschule Fulda,AI1000,Programmierung 1,3,"Die Studierenden formulieren diese Lösungen in Quellcode, der vorgegebenen Konventionen für guten Programmierstil entspricht.",,,,
Angewandte Informatik (B.Sc.),Hochschule Fulda,AI1000,Programmierung 1,4,Die Studierenden treffen Einschätzungen zu Laufzeit und Speicherverwaltung dieser Programme .,,,,
Angewandte Informatik (B.Sc.),Hochschule Fulda,AI1000,Programmierung 1,5,"Die Studierenden kennen Strategien zu Fehlereingrenzung, -suche und -behebung und wenden diese an.",,,,
Angewandte Informatik (B.Sc.),Hochschule Fulda,AI1589,Programmiermethoden und -werkzeuge 1,1,Die Studierenden übersetzen selbstständig bestehenden Quellcode unter Windows und Linux,,,,
Angewandte Informatik (B.Sc.),Hochschule Fulda,AI1589,Programmiermethoden und -werkzeuge 1,2,Die Studierenden benennen gängige Build-Systeme und Paketmanager,,,,
Angewandte Informatik (B.Sc.),Hochschule Fulda,AI1589,Programmiermethoden und -werkzeuge 1,3,Die Studierenden identifizieren Abhängigkeiten zwischen Bibliotheken und lösen sie auf,,,,
Angewandte Informatik (B.Sc.),Hochschule Fulda,AI1589,Programmiermethoden und -werkzeuge 1,4,Die Studierenden bedienen PCs von der Kommandozeile aus,,,,
Angewandte Informatik (B.Sc.),Hochschule Fulda,AI1589,Programmiermethoden und -werkzeuge 1,5,Die Studierenden editieren Konfigurationsdateien mit Text-Editoren,,,,
Angewandte Informatik (B.Sc.),Hochschule Fulda,AI1589,Programmiermethoden und -werkzeuge 1,6,Die Studierenden starten und installieren selbst übersetzten Code aus bestehenden Software-Repositories,,,,
Angewandte Informatik (B.Sc.),Hochschule Fulda,AI1047,Mensch-Computer-Interaktion,1,Die Studierenden nennen die wichtigsten Grundbegriffe der Mensch-Computer-Interaktion (MCI) und erklären ihre Bedeutung.,,,,
Angewandte Informatik (B.Sc.),Hochschule Fulda,AI1047,Mensch-Computer-Interaktion,2,Die Studierenden bringen die Perspektive der Nutzer*innen aktiv in den Entwicklungsprozess interaktiver Systeme ein.,,,,
Angewandte Informatik (B.Sc.),Hochschule Fulda,AI1047,Mensch-Computer-Interaktion,3,Die Studierenden interpretieren das Grundmodell menschlicher Informationsverarbeitung und stellen einfache Ableitungen für das Handeln her.,,,,
Angewandte Informatik (B.Sc.),Hochschule Fulda,AI1047,Mensch-Computer-Interaktion,4,Die Studierenden erklären die Bedeutung der menschzentrierten Gestaltung von technischen Systemen sowie Beispiele für gute und schlechte Umsetzungen.,,,,
Angewandte Informatik (B.Sc.),Hochschule Fulda,AI1047,Mensch-Computer-Interaktion,5,Die Studierenden nennen die Grundlagen und Konzepte des menschzentrierten Entwurfs interaktiver Systeme und wenden sie auf einfache Aufgabenstellungen an.,,,,
Angewandte Informatik (B.Sc.),Hochschule Fulda,AI1047,Mensch-Computer-Interaktion,6,Die Studierenden benennen traditionelle Interaktionen und zeigen aktuelle Entwicklungen hinsichtlich des Interaktionsdesigns auf.,,,,
Angewandte Informatik (B.Sc.),Hochschule Fulda,AI1047,Mensch-Computer-Interaktion,7,Die Studierenden nennen die grundlegenden Richtlinien für die MCI und integrieren diese in ihre Überlegungen beim Entwurf von interaktiven Systemen.,,,,
Angewandte Informatik (B.Sc.),Hochschule Fulda,AI1047,Mensch-Computer-Interaktion,8,"Die Studierenden entwickeln Prototypen zur MCI mit verschiedenen Techniken (z.B. PenAndPaper), evaluieren nach etablierten Methoden, analysieren die Ergebnisse und präsentieren diese.",,,,
Angewandte Informatik (B.Sc.),Hochschule Fulda,AI1047,Mensch-Computer-Interaktion,9,Die Studierenden entwickeln ein Bewusstsein für die Rolle des Fachgebiets MCI .,,,,
Angewandte Informatik (B.Sc.),Hochschule Fulda,AI1010,Algebraische Grundlagen der Informatik,1,Die Studierenden erklären die Grundbegriffe der linearen Algebra.,,,,
Angewandte Informatik (B.Sc.),Hochschule Fulda,AI1010,Algebraische Grundlagen der Informatik,2,Die Studierenden erkennen verschiedene algebraische Strukturen.,,,,
Angewandte Informatik (B.Sc.),Hochschule Fulda,AI1010,Algebraische Grundlagen der Informatik,3,Die Studierenden analysieren die Eigenschaften algebraischer Strukturen.,,,,
Angewandte Informatik (B.Sc.),Hochschule Fulda,AI1010,Algebraische Grundlagen der Informatik,4,Die Studierenden treffen Aussagen über die Lösbarkeit linearer Gleichungssysteme und bestimmen deren Lösungsmenge.,,,,
Angewandte Informatik (B.Sc.),Hochschule Fulda,AI1010,Algebraische Grundlagen der Informatik,5,Die Studierenden führen Vektor- und Matrizenoperationen durch.,,,,
Angewandte Informatik (B.Sc.),Hochschule Fulda,AI1010,Algebraische Grundlagen der Informatik,6,"Die Studierenden sind in der Lage, mathematische Argumentationen im Bereich der Linearen Algebra nachzuvollziehen und erkennen Lücken in mathematischen Argumentationen.",,,,
Angewandte Informatik (B.Sc.),Hochschule Fulda,AI1010,Algebraische Grundlagen der Informatik,7,Die Studierenden führen selbst mathematische Argumentationen im Bereich der Linearen Algebra.,,,,
Angewandte Informatik (B.Sc.),Hochschule Fulda,AI1001,Programmiermethoden und -werkzeuge 2,1,"Die Studierenden setzen interaktive Entwicklungsumgebungen insbesondere Debugger ein, um unbekannte Fehler einzugrenzen, zu identifizieren und zu beseitigen.",,,,
Angewandte Informatik (B.Sc.),Hochschule Fulda,AI1001,Programmiermethoden und -werkzeuge 2,2,Die Studierenden wenden Versionskontrollsysteme an und erklären die technischen Grundlagen dieser Systeme.,,,,
Angewandte Informatik (B.Sc.),Hochschule Fulda,AI1001,Programmiermethoden und -werkzeuge 2,3,Die Studierenden kennen erweiterte Konzepte der Arbeit mit Kommandozeilen und können sie für fortgeschrittene Aufgaben (z.B. Suchen in Dateien und Verzeichnissen mit regulären Ausdrücken) benutzen.,,,,
Angewandte Informatik (B.Sc.),Hochschule Fulda,AI1001,Programmiermethoden und -werkzeuge 2,4,"Die Studierenden beschreiben den Entwicklungszyklus von Software, wie er tatsächlich in der Industrie stattfindet, insbesondere im Hinblick auf Dokumentationen und Prozesse.",,,,
Angewandte Informatik (B.Sc.),Hochschule Fulda,AI1007,Kommunikationsnetze und -protokolle,1,Die Studierenden benennen und erläutern grundlegende Prinzipien der Rechnerkommunikation und der relevanten Netztechnologien sowie des allgemeinen Konzepts des Internets und der Protokollfamilie TCP/IP.,,,,
Angewandte Informatik (B.Sc.),Hochschule Fulda,AI1007,Kommunikationsnetze und -protokolle,2,"Die Studierenden benennen essentielle Netzdienste und –protokolle, erklären deren Funktionsweise und Standards und wenden diese korrekt an.",,,,
Angewandte Informatik (B.Sc.),Hochschule Fulda,AI1007,Kommunikationsnetze und -protokolle,3,Die Studierenden beurteilen die Eignung von verschiedenen Kommunikationsnetzen und –protokollen für die Realisierung von Netz-Infrastrukturen und Internetdiensten sowie –anwendungen.,,,,
Angewandte Informatik (B.Sc.),Hochschule Fulda,AI1007,Kommunikationsnetze und -protokolle,4,"Die Studierenden arbeiten in Teams im Netzwerk-Labor an explorativen Lernumgebungen und Experimenten zur Sicherheit, Leistungsfähigkeit und Fehlertoleranz von Netzen und darin verwendeten Protokollen und Anwendungen.",,,,
Angewandte Informatik (B.Sc.),Hochschule Fulda,AI1007,Kommunikationsnetze und -protokolle,5,"Die Studierenden verfolgen die Weiterentwicklung des Internets sowie zugehöriger Anwendungen und Dienste, schätzen diese ein und kennen damit verbundene Risiken und Möglichkeiten.",,,,
Angewandte Informatik (B.Sc.),Hochschule Fulda,AI1006,Programmierung 2,1,Die Studierenden benennen mindestens drei Merkmale objektorientierter Programmierung (OOP).,,,,
Angewandte Informatik (B.Sc.),Hochschule Fulda,AI1006,Programmierung 2,2,Die Studierenden definieren und unterscheiden Fachbegriffe der OOP.,,,,
Angewandte Informatik (B.Sc.),Hochschule Fulda,AI1006,Programmierung 2,3,"Die Studierenden benutzen fachgerecht die behandelten OOP-Konzepte in der Programmierung, erkennen diese in gegebenen Quellcode und können darin fehlerhafte Anwendungen analysieren und benennen.",,,,
Angewandte Informatik (B.Sc.),Hochschule Fulda,AI1006,Programmierung 2,4,"Die Studierenden analysieren gegebene Problemstellungen der Informatik auf algorithmisch relevante Bestandteile, leiten daraus algorithmische Lösungen ab und setzen diese als objektorientierte Programme um.",,,,
Angewandte Informatik (B.Sc.),Hochschule Fulda,AI1006,Programmierung 2,5,Die Studierenden erklären die Funktionsweise Ihrer eigenen Lösungen und argumentieren dabei die zugrundeliegenden Entscheidungen bei alternativen Lösungswegen.,,,,
Angewandte Informatik (B.Sc.),Hochschule Fulda,AI1006,Programmierung 2,6,Die Studierenden verwenden fachgerecht moderne Werkzeuge zur Unterstützung der Programmanalyse und -entwicklung in der Einzel- und Zusammenarbeit.,,,,
Angewandte Informatik (B.Sc.),Hochschule Fulda,AI1006,Programmierung 2,7,"Die Studierenden erstellen ggf. in Gruppen Programmierlösungen zu gegebenen Problemstellungen, bringen sich aktiv in die Lösungsentwicklung ein und strukturieren die kollaborative Zusammenarbeit (optional) selbst.",,,,
Angewandte Informatik (B.Sc.),Hochschule Fulda,AI1011,Software Engineering,1,Die Studierenden definieren und unterscheiden Fachbegriffe des SE für die Gestaltung komplexer Softwaresysteme und entsprechender Vorgehensweisen.,,,,
Angewandte Informatik (B.Sc.),Hochschule Fulda,AI1011,Software Engineering,2,"Die Studierenden benutzen fachgerecht die behandelten SE-Konzepte (z.B. in der Anforderungsanalyse, dem Design oder der Qualitätssicherung), erkennen diese in gegebenen Beispielen und können darin fehlerhafte Anwendungen analysieren und benennen.",,,,
Angewandte Informatik (B.Sc.),Hochschule Fulda,AI1011,Software Engineering,3,"Die Studierenden analysieren gegebene Problemstellungen der Softwareerstellung auf relevante Bestandteile, leiten daraus Lösungen für eine adäquate System/Softwareentwicklung ab und verwenden die relevanten Methoden.",,,,
Angewandte Informatik (B.Sc.),Hochschule Fulda,AI1011,Software Engineering,4,Die Studierenden entwickeln Modelle und beurteilen die Modellierung von Softwaresysteme z.B. mit UML.,,,,
Angewandte Informatik (B.Sc.),Hochschule Fulda,AI1011,Software Engineering,5,Die Studierenden erklären die Funktionsweise ihrer eigenen Lösungen und argumentieren dabei die zugrundeliegenden Entscheidungen bei alternativen Lösungswegen.,,,,
Angewandte Informatik (B.Sc.),Hochschule Fulda,AI1009,Web-Applikationen,1,Die Studierenden beschreiben die grundlegenden Konzepte und Techniken des Webs.,,,,
Angewandte Informatik (B.Sc.),Hochschule Fulda,AI1009,Web-Applikationen,2,Die Studierenden benennen die aktuell geltenden Web-Standards.,,,,
Angewandte Informatik (B.Sc.),Hochschule Fulda,AI1009,Web-Applikationen,3,"Die Studierenden wenden grundlegende Methoden, Techniken und Werkzeuge der Webgestaltung zur Webseitenerstellung an Beispielaufgaben an.",,,,
Angewandte Informatik (B.Sc.),Hochschule Fulda,AI1009,Web-Applikationen,4,Die Studierenden erklären das wesentliche Grundprinzip der Trennung von inhaltlicher Struktur und visueller Gestaltung.,,,,
Angewandte Informatik (B.Sc.),Hochschule Fulda,AI1009,Web-Applikationen,5,"Die Studierenden erstellen fachgerecht interaktive, dynamische Webanwendungen und multimediale Webseiten.",,,,
Angewandte Informatik (B.Sc.),Hochschule Fulda,AI1009,Web-Applikationen,6,Die Studierenden setzen Web-Frameworks und -Bibliotheken zur Realisierung interaktiver Web-Anwendungen passend ein.,,,,
Angewandte Informatik (B.Sc.),Hochschule Fulda,AI1009,Web-Applikationen,7,Die Studierenden erklären und implementieren wesentliche Techniken der client- und serverseitigen Programmierung für synchrone als auch asynchrone Client-Server-Kommunikation.,,,,
Angewandte Informatik (B.Sc.),Hochschule Fulda,AI1009,Web-Applikationen,8,Die Studierenden beschreiben wichtige Klassen von Web-Anwendungssystemen.,,,,
Angewandte Informatik (B.Sc.),Hochschule Fulda,AI1009,Web-Applikationen,9,Die Studierenden kommunizieren und koordinieren in kleinen Lerngruppen die Anwendung praxisrelevanter Werkzeuge anhand von Beispielaufgaben.,,,,
Angewandte Informatik (B.Sc.),Hochschule Fulda,AI1012,Algorithmen und Datenstrukturen,1,Die Studierenden benennen typische Operationen auf Standarddatenstrukturen und können diese in Programmen anwenden.,,,,
Angewandte Informatik (B.Sc.),Hochschule Fulda,AI1012,Algorithmen und Datenstrukturen,2,Die Studierenden messen das Laufzeitverhalten von Algorithmen und schätzen es ein.,,,,
Angewandte Informatik (B.Sc.),Hochschule Fulda,AI1012,Algorithmen und Datenstrukturen,3,Die Studierenden erweitern Standardimplementierungen von Algorithmen und passen sie auf neue Anwendungen an.,,,,
Angewandte Informatik (B.Sc.),Hochschule Fulda,AI1012,Algorithmen und Datenstrukturen,4,Die Studierenden wählen abhängig vom Einsatzszenario geeignete Standarddatenstrukturen und Algorithmen zur Problemlösung aus und setzen sie ein.,,,,
Angewandte Informatik (B.Sc.),Hochschule Fulda,AI1012,Algorithmen und Datenstrukturen,5,"Die Studierenden erstellen in Gruppen Programmierlösungen zu gegebenen Problemstellungen, bringen sich aktiv in die Lösungsentwicklung ein und strukturieren die kollaborative Zusammenarbeit selbst.",,,,
Angewandte Informatik (B.Sc.),Hochschule Fulda,AI1012,Algorithmen und Datenstrukturen,6,Die Studierenden erstellen in Gruppen Präsentationen zu selbst erarbeiteten komplexen Datenstrukturen und Algorithmen.,,,,
Angewandte Informatik (B.Sc.),Hochschule Fulda,AI1014,Datenbanksysteme,1,Charakteristiken von verschiedenen Datei- und Datenbanksystemen können erklärt werden,,,,
Angewandte Informatik (B.Sc.),Hochschule Fulda,AI1014,Datenbanksysteme,2,Erkennen und einordnen von Datenbanken als Grundlage betrieblicher Informationssysteme,,,,
Angewandte Informatik (B.Sc.),Hochschule Fulda,AI1014,Datenbanksysteme,3,Beschreiben und darstellen der Grundlagen von Transaktionen,,,,
Angewandte Informatik (B.Sc.),Hochschule Fulda,AI1014,Datenbanksysteme,4,Datenmodelle in einfachen und fortgeschrittenen Szenarien entwickeln,,,,
Angewandte Informatik (B.Sc.),Hochschule Fulda,AI1014,Datenbanksysteme,5,Entwerfen komplexerer ER- und EER-Modelle und Schemata,,,,
Angewandte Informatik (B.Sc.),Hochschule Fulda,AI1014,Datenbanksysteme,6,Erlernen und anwenden von Relationenalgebra (vor allem in Hinblick auf SQL),,,,
Angewandte Informatik (B.Sc.),Hochschule Fulda,AI1014,Datenbanksysteme,7,Anwenden von SQL,,,,
Angewandte Informatik (B.Sc.),Hochschule Fulda,AI1014,Datenbanksysteme,8,"Generieren/entwickeln von Datenintegrität, insbesondere in Datenbanken",,,,
Angewandte Informatik (B.Sc.),Hochschule Fulda,AI1014,Datenbanksysteme,9,Führen Normalisierungen von Datenmodellen durch,,,,
Angewandte Informatik (B.Sc.),Hochschule Fulda,AI1014,Datenbanksysteme,10,Können physischer Datenorganisation beschreiben und erläutern,,,,
Angewandte Informatik (B.Sc.),Hochschule Fulda,AI1014,Datenbanksysteme,11,Demonstrieren grundlegendes Verstehen der Umsetzung/des Anlegens von Indices,,,,
Angewandte Informatik (B.Sc.),Hochschule Fulda,AI1014,Datenbanksysteme,12,"Darstellen des Zusammenhangs von Datenbanken & Performanz, fundamentale Umsetzung von Tuning Optional:",,,,
Angewandte Informatik (B.Sc.),Hochschule Fulda,AI1014,Datenbanksysteme,13,Anwenden Object-Relational-Mapping (ORM) Frameworks,,,,
Angewandte Informatik (B.Sc.),Hochschule Fulda,AI1014,Datenbanksysteme,14,Formulieren grundlegender prozeduraler SQL (Stored Programs),,,,
Angewandte Informatik (B.Sc.),Hochschule Fulda,AI1017,IT-Sicherheit,1,Die Studierenden benennen Angriffstechniken und Herausforderungen bei der Absicherung von IT-Systemen.,,,,
Angewandte Informatik (B.Sc.),Hochschule Fulda,AI1017,IT-Sicherheit,2,Die Studierenden definieren und unterscheiden Fachbegriffe der IT-Sicherheit.,,,,
Angewandte Informatik (B.Sc.),Hochschule Fulda,AI1017,IT-Sicherheit,3,"Die Studierenden analysieren gegebene Problemstellungen auf Anfälligkeit gegenüber Angriffen, bewerten die Relevanz der Absicherung gegenüber den Angriffen und können passende Sicherheitsmechanismen benennen.",,,,
Angewandte Informatik (B.Sc.),Hochschule Fulda,AI1017,IT-Sicherheit,4,"Die Studierenden benennen Verfahren im Bereich der Kryptographie, erklären die Sicherheitseigenschaften der Verfahren und können passende Verfahren zu gegebenen Problemstellungen auswählen.",,,,
Angewandte Informatik (B.Sc.),Hochschule Fulda,AI1017,IT-Sicherheit,5,"Die Studierenden benennen Protokolle im Bereich der IT-Sicherheit, erklären, wieso die Sicherheitsziele der Protokolle erreicht werden und können passende Protokolle zu gegebenen Problemstellungen auswählen.",,,,
Angewandte Informatik (B.Sc.),Hochschule Fulda,AI1017,IT-Sicherheit,6,"Die Studierenden benennen Angriffe und Gegenmaßnahmen im Bereich der Netzwerksicherheit, Betriebssystemsicherheit und Softwaresicherheit und können die Gegenmaßnahmen passend zu einer Problemstellung anwenden.",,,,
Angewandte Informatik (B.Sc.),Hochschule Fulda,AI1016,Wissenschaftliche Präsentation und Kommunikation,1,Die Studierenden führen Gespräche zur Angewandten Informatik fachgerecht.,,,,
Angewandte Informatik (B.Sc.),Hochschule Fulda,AI1016,Wissenschaftliche Präsentation und Kommunikation,2,Die Studierenden wenden die entsprechenden Methoden und Techniken der Kommunikation an.,,,,
Angewandte Informatik (B.Sc.),Hochschule Fulda,AI1016,Wissenschaftliche Präsentation und Kommunikation,3,Die Studierenden beherrschen das Erstellen der visuellen Hilfsmittel.,,,,
Angewandte Informatik (B.Sc.),Hochschule Fulda,AI1016,Wissenschaftliche Präsentation und Kommunikation,4,Die Studierenden nutzen multimediale Hilfsmittel bei Präsentationen.,,,,
Angewandte Informatik (B.Sc.),Hochschule Fulda,AI1016,Wissenschaftliche Präsentation und Kommunikation,5,Die Studierenden setzen rhetorische Hilfsmittel ein.,,,,
Angewandte Informatik (B.Sc.),Hochschule Fulda,AI1016,Wissenschaftliche Präsentation und Kommunikation,6,Die Studierenden beherrschen die Zielplanung einer Präsentation .,,,,
Angewandte Informatik (B.Sc.),Hochschule Fulda,AI1016,Wissenschaftliche Präsentation und Kommunikation,7,Die Studierenden erklären die Grundprinzipien wissenschaftlichen Arbeitens und wenden diese auf kleine Arbeiten an.,,,,
Angewandte Informatik (B.Sc.),Hochschule Fulda,AI1016,Wissenschaftliche Präsentation und Kommunikation,8,Die Studierenden erläutern die Einsatzzwecke für ausgewählte digitale Werkzeuge für das wissenschaftliche Arbeiten und wenden diese im Rahmen kleinerer Arbeiten an.,,,,
Angewandte Informatik (B.Sc.),Hochschule Fulda,AI1013,Betriebssysteme,1,Die Studierenden listen die Grundelemente eines Betriebssystems sowie die verschiedenen Betriebssystem-architekturen auf.,,,,
Angewandte Informatik (B.Sc.),Hochschule Fulda,AI1013,Betriebssysteme,2,"Die Studierenden erklären, wie das Betriebssystem bestimmte Aufgaben abwickelt (z.B. Prozess-, Hauptspeicher- und Dateiverwaltung).",,,,
Angewandte Informatik (B.Sc.),Hochschule Fulda,AI1013,Betriebssysteme,3,Die Studierenden beurteilen unterschiedliche Betriebssysteme.,,,,
Angewandte Informatik (B.Sc.),Hochschule Fulda,AI1013,Betriebssysteme,4,Die Studierenden wählen für eine vorgegebene Aufgabe ein passendes Betriebssystem aus.,,,,
Angewandte Informatik (B.Sc.),Hochschule Fulda,AI1013,Betriebssysteme,5,Die Studierenden erarbeiten selbstständig Lösungen für vorgegebene Problemstellungen (z.B. Synchronisation von Prozessen).,,,,
Angewandte Informatik (B.Sc.),Hochschule Fulda,AI1606,Formale Sprachen – Theoretische Grundlagen und Anwendung,1,Die Studierenden erklären den Unterschied zwischen und die praktische Bedeutung von Determinismus und Nichtdeterminismus.,,,,
Angewandte Informatik (B.Sc.),Hochschule Fulda,AI1606,Formale Sprachen – Theoretische Grundlagen und Anwendung,2,Die Studierenden erklären den Unterschied zwischen Mehrdeutigkeit einer kontext-freien Grammatik und (inhärenter) Mehrdeutigkeit einer kontext-freien Sprache.,,,,
Angewandte Informatik (B.Sc.),Hochschule Fulda,AI1606,Formale Sprachen – Theoretische Grundlagen und Anwendung,3,"Die Studierenden beschreiben die Chomsky-Hierarchie, erklären die Bedeutung der einzelnen Stufen und ordnen ihnen Automatenmodelle sowie Arten von Grammatiken korrekt zu.",,,,
Angewandte Informatik (B.Sc.),Hochschule Fulda,AI1606,Formale Sprachen – Theoretische Grundlagen und Anwendung,4,Die Studierenden nennen Beispiele für Sprachen der einzelnen Stufen der Chomsky-Hierarchie.,,,,
Angewandte Informatik (B.Sc.),Hochschule Fulda,AI1606,Formale Sprachen – Theoretische Grundlagen und Anwendung,5,Die Studierenden formalisieren konkrete Automaten bzw. Grammatiken als Instanz der jeweiligen Definition.,,,,
Angewandte Informatik (B.Sc.),Hochschule Fulda,AI1606,Formale Sprachen – Theoretische Grundlagen und Anwendung,6,Die Studierenden wenden die verschiedenen Arten zur Definition einer formalen Sprache korrekt an (u.a. induktiv).,,,,
Angewandte Informatik (B.Sc.),Hochschule Fulda,AI1606,Formale Sprachen – Theoretische Grundlagen und Anwendung,7,Die Studierenden entwickeln Grammatiken bzw. Automaten für eine gegebene Sprache.,,,,
Angewandte Informatik (B.Sc.),Hochschule Fulda,AI1606,Formale Sprachen – Theoretische Grundlagen und Anwendung,8,Die Studierenden entwickeln reguläre Ausdrücke für eine gegebene Problemstellung.,,,,
Angewandte Informatik (B.Sc.),Hochschule Fulda,AI1606,Formale Sprachen – Theoretische Grundlagen und Anwendung,9,"Die Studierenden zeigen, dass ein Wort akzeptiert bzw. generiert wird.",,,,
Angewandte Informatik (B.Sc.),Hochschule Fulda,AI1606,Formale Sprachen – Theoretische Grundlagen und Anwendung,10,Die Studierenden erstellen Syntaxbäume (basierend auf einfachen kontext-freien Grammtiken oder EBNF).,,,,
Angewandte Informatik (B.Sc.),Hochschule Fulda,AI1606,Formale Sprachen – Theoretische Grundlagen und Anwendung,11,Die Studierenden überführen eine kontext-freie Grammatik in Greibach-Normalform.,,,,
Angewandte Informatik (B.Sc.),Hochschule Fulda,AI1606,Formale Sprachen – Theoretische Grundlagen und Anwendung,12,Die Studierenden nutzen einen Parsergenerator und spezifizieren dafür die zu parsende Sprache.,,,,
Angewandte Informatik (B.Sc.),Hochschule Fulda,AI1606,Formale Sprachen – Theoretische Grundlagen und Anwendung,13,Die Studierenden führen Beweise der (Un-) Vollständigkeit bzw. (fehlender) Korrektheit.,,,,
Angewandte Informatik (B.Sc.),Hochschule Fulda,AI1606,Formale Sprachen – Theoretische Grundlagen und Anwendung,14,Die Studierenden beweisen die Mehrdeutigkeit einer kontext-freien Grammatik.,,,,
Angewandte Informatik (B.Sc.),Hochschule Fulda,AI1606,Formale Sprachen – Theoretische Grundlagen und Anwendung,15,Die Studierenden erarbeiten sich selbständig eine bisher unbekannte Definition und nutzen diese zur Formalisierung.,,,,
Angewandte Informatik (B.Sc.),Hochschule Fulda,AI1015,Verteilte Systeme,1,"Die modernen Computersysteme sind vernetzt, wobei viele von ihnen heterogene Betriebssysteme besitzen.",,,,
Angewandte Informatik (B.Sc.),Hochschule Fulda,AI1015,Verteilte Systeme,2,"Das Ziel des verteilten Systems (VS) ist es diese Systeme zu integrieren, um das Erscheinungsbild eines einzigen, kohärenten Systems zu präsentieren.",,,,
Angewandte Informatik (B.Sc.),Hochschule Fulda,AI1015,Verteilte Systeme,3,Die Studierenden benennen die Grundlagen der verteilten Systeme und ihrer Nutzung.,,,,
Angewandte Informatik (B.Sc.),Hochschule Fulda,AI1015,Verteilte Systeme,4,Die Studierenden beschreiben Design und Implementierung von verteilten Systemen sowie ihre Benutzung.,,,,
Angewandte Informatik (B.Sc.),Hochschule Fulda,AI1015,Verteilte Systeme,5,Die Studierenden lösen gängige Probleme bei verteilten Systemen.,,,,
Angewandte Informatik (B.Sc.),Hochschule Fulda,AI1015,Verteilte Systeme,6,Die Studierenden beurteilen die Einsatzmöglichkeiten und Realisierungsmöglichkeiten verteilter Anwendungen.,,,,
Angewandte Informatik (B.Sc.),Hochschule Fulda,AI1015,Verteilte Systeme,7,Die Studierenden reproduzieren die Grundlagen zur verteilten Koordination.,,,,
Angewandte Informatik (B.Sc.),Hochschule Fulda,AI1015,Verteilte Systeme,8,"Die Studierenden analysieren die Schnittstelle heterogener verteilter Betriebssysteme und entwerfen eine kohärente Systemfassade, die das verteilte System vertritt.",,,,
Angewandte Informatik (B.Sc.),Hochschule Fulda,AI1039,Robotik,1,Die Studierenden geben die Fachterminologie im Bereich der Robotik mit dem Schwerpunkt autonome mobile Roboter korrekt wieder.,,,,
Angewandte Informatik (B.Sc.),Hochschule Fulda,AI1039,Robotik,2,"Die Studierenden schildern sowohl die technischen (Mechanik, Antrieb, Sensorik, Aktuatorik) als auch die theoretischen Grundlagen der Robotik (Kinematik, Dynamik) und",,,,
Angewandte Informatik (B.Sc.),Hochschule Fulda,AI1039,Robotik,3,Die Studierenden berechnen die Pose eines Roboters im Raum anhand einer Roboterkarte sowie eines Aktions- und Sensormodells.,,,,
Angewandte Informatik (B.Sc.),Hochschule Fulda,AI1039,Robotik,4,Die Studierenden fusionieren Informationen aus verschiedenen Sensoren mittels Kalman-Filter.,,,,
Angewandte Informatik (B.Sc.),Hochschule Fulda,AI1039,Robotik,5,"Die Studierenden benennen Verfahren zur Steuerung, Kartenerstellung und Navigation von Robotern in einer Umgebung.",,,,
Angewandte Informatik (B.Sc.),Hochschule Fulda,AI1039,Robotik,6,Die Studierenden erklären die Grundlagen von Middleware-Systemen in der Robotik.,,,,
Angewandte Informatik (B.Sc.),Hochschule Fulda,AI1039,Robotik,7,Die Studierenden setzen die erworbenen Kenntnisse für konkrete Problemstellungen aus dem Bereich mobiler Roboter um.,,,,
Angewandte Informatik (B.Sc.),Hochschule Fulda,AI1020,Künstliche Intelligenz und maschinelles Lernen,1,Die Studierenden benennen die verschiedenen gängigen Begrifflichkeiten und ordnen diese richtig ein.,,,,
Angewandte Informatik (B.Sc.),Hochschule Fulda,AI1020,Künstliche Intelligenz und maschinelles Lernen,2,Die Studierenden beschreiben die grundlegenden Techniken des Machine Learning sowie deren grundsätzlicher Funktionsweise und deren anwendungsspezifischen Stärken und Schwächen.,,,,
Angewandte Informatik (B.Sc.),Hochschule Fulda,AI1020,Künstliche Intelligenz und maschinelles Lernen,3,Die Studierenden identifizieren für ein gegebenes Problem einen geeigneten Lernalgorithmus und,,,,
Angewandte Informatik (B.Sc.),Hochschule Fulda,AI1020,Künstliche Intelligenz und maschinelles Lernen,4,Die Studierenden lösen das Problem unter Benutzung geeigneter Bibliotheken.,,,,
Angewandte Informatik (B.Sc.),Hochschule Fulda,AI1020,Künstliche Intelligenz und maschinelles Lernen,5,"Die Studierenden nehmen zu beispielhaften, in den Medien verbreiteten populärwissenschaftlichen Aussagen fundiert Stellung und begründen ihre Meinung fachlich.",,,,
Angewandte Informatik (B.Sc.),Hochschule Fulda,AI1021,Bachelor-Projekt Angewandte Informatik,1,Die Studierenden planen und realisieren ein umfangreiches Projekt aus dem Gebiet der „Angewandten Informatik“ und wenden dabei im Studium vermittelte Inhalte an.,,,,
Angewandte Informatik (B.Sc.),Hochschule Fulda,AI1021,Bachelor-Projekt Angewandte Informatik,2,Die Studierenden vertiefen ihre Fachkenntnis in Spezialisierungen der Informatik.,,,,
Angewandte Informatik (B.Sc.),Hochschule Fulda,AI1021,Bachelor-Projekt Angewandte Informatik,3,"Die Studierenden organisieren selbständig das Arbeiten im Team in Form des Projekts (vgl. Arbeitsplan, Ziele, Backlog, Verantwortlichkeiten, Abläufe etc.).",,,,
Angewandte Informatik (B.Sc.),Hochschule Fulda,AI1021,Bachelor-Projekt Angewandte Informatik,4,Die Studierenden analysieren und bewerten aktuelle Erkenntnisse zum Stand der Technik und wissenschaftliche Veröffentlichungen und wenden wissenschaftlich-systematische Arbeitstechniken an.,,,,
Angewandte Informatik (B.Sc.),Hochschule Fulda,AI1021,Bachelor-Projekt Angewandte Informatik,5,Die Studierenden stellen ihr Projekt abschließend als Team vor und wenden erlernte Vortrags- und Präsentationstechniken an.,,,,
Angewandte Informatik (B.Sc.),Hochschule Fulda,AI1021,Bachelor-Projekt Angewandte Informatik,6,Die Studierenden erstellen für den Projektabschluss eine Ausarbeitung unter Verwendung wissenschaftlich-methodischer Arbeitstechniken.,,,,
Angewandte Informatik (B.Sc.),Hochschule Fulda,AI1590,Internet of Things,1,Die Studierenden kennen Besonderheiten bei der Programmierung von leistungsfähigen Mikrocontrollern mit Hochsprachen wie C.,,,,
Angewandte Informatik (B.Sc.),Hochschule Fulda,AI1590,Internet of Things,2,Die Studierenden benennen wichtige Netzwerkprotokolle für das Internet of Things (IoT).,,,,
Angewandte Informatik (B.Sc.),Hochschule Fulda,AI1590,Internet of Things,3,Die Studierenden implementieren TCP/IP-basierte Kommunikationsnetzwerke auf Mikrocontrollern.,,,,
Angewandte Informatik (B.Sc.),Hochschule Fulda,AI1590,Internet of Things,4,Die Studierenden integrieren Sensoren und Aktoren mit gängigen digitalen Schnittstellen.,,,,
Angewandte Informatik (B.Sc.),Hochschule Fulda,AI1590,Internet of Things,5,Die Studierenden integrieren Software-Bibliotheken.,,,,
Angewandte Informatik (B.Sc.),Hochschule Fulda,AI1590,Internet of Things,6,Die Studierenden entwickeln Software auf Mikrocontrollern für eigene IoT-Anwendungen.,,,,
Angewandte Informatik (B.Sc.),Hochschule Fulda,AI1590,Internet of Things,7,Die Studierenden erproben IoT-Anwendungen in praktischen Aufbauten.,,,,
Angewandte Informatik (B.Sc.),Hochschule Fulda,AI1590,Internet of Things,8,Die Studierenden bewerten die Einsatzmöglichkeiten von Internet of Things (IoT) Anwendungen.,,,,
Angewandte Informatik (B.Sc.),Hochschule Fulda,AI1416,Abschlussmodul Bachelor Angewandte Informatik,1,"Die Studierenden bearbeiten innerhalb einer vorgegebenen Frist von drei Monaten ein Problem aus dem Fachgebiet der Angewandten Informatik selbständig und nach wissenschaftlichen Methoden,",,,,
Angewandte Informatik (B.Sc.),Hochschule Fulda,AI1416,Abschlussmodul Bachelor Angewandte Informatik,2,"Die Studierenden stellen die gewonnenen Ergebnisse verständlich und folgerichtig nach wissenschaftlichen Qualitätsmerkmalen in einer Hausarbeit (Abschlussarbeit) dar,",,,,
Angewandte Informatik (B.Sc.),Hochschule Fulda,AI1416,Abschlussmodul Bachelor Angewandte Informatik,3,"Die Studierenden fassen die Kernpunkte ihrer Hausarbeit (Abschlussarbeit) in einem mündlichen Vortrag verständlich zusammen,",,,,
Angewandte Informatik (B.Sc.),Hochschule Fulda,AI1416,Abschlussmodul Bachelor Angewandte Informatik,4,"Die Studierenden beantworten mündliche, fachliche Rückfragen zu den Inhalten der Hausarbeit (Abschlussarbeit) und damit verwandten Themen verständlich, richtig und in Übereinstimmung mit den schriftlichen Inhalten.",,,,
Angewandte Informatik (B.Sc.),Hochschule Fulda,AI1652,Abschlussmodul-dual Bachelor Angewandte Informatik,1,"Die Studierenden bearbeiten innerhalb einer vorgegebenen Frist von drei Monaten ein Problem aus dem Fachgebiet der Angewandten Informatik selbständig und nach wissenschaftlichen Methoden,",,,,
Angewandte Informatik (B.Sc.),Hochschule Fulda,AI1652,Abschlussmodul-dual Bachelor Angewandte Informatik,2,"Die Studierenden stellen die gewonnenen Ergebnisse verständlich und folgerichtig nach wissenschaftlichen Qualitätsmerkmalen in einer Hausarbeit (Abschlussarbeit) dar,",,,,
Angewandte Informatik (B.Sc.),Hochschule Fulda,AI1652,Abschlussmodul-dual Bachelor Angewandte Informatik,3,"Die Studierenden fassen die Kernpunkte ihrer Hausarbeit (Abschlussarbeit) in einem mündlichen Vortrag verständlich zusammen,",,,,
Angewandte Informatik (B.Sc.),Hochschule Fulda,AI1652,Abschlussmodul-dual Bachelor Angewandte Informatik,4,"Die Studierenden beantworten mündliche, fachliche Rückfragen zu den Inhalten der Hausarbeit (Abschlussarbeit) und damit verwandten Themen verständlich, richtig und in Übereinstimmung mit den schriftlichen Inhalten.",,,,
Angewandte Informatik (B.Sc.),Hochschule Fulda,AI1023,Praxisprojekt,1,Die Studierenden fassen die Arbeitsaufgaben eines typischen Berufsbildes der Informatik zusammen.,,,,
Angewandte Informatik (B.Sc.),Hochschule Fulda,AI1023,Praxisprojekt,2,Die Studierenden berücksichtigen die Anforderungen des Bewerbungsprozesses im Personalauswahlverfahren bei ihrer Bewerbung.,,,,
Angewandte Informatik (B.Sc.),Hochschule Fulda,AI1023,Praxisprojekt,3,Die Studierenden wenden das erlernte Fach- und Methodenwissen aus dem Studium in einer Unternehmensumgebung an.,,,,
Angewandte Informatik (B.Sc.),Hochschule Fulda,AI1023,Praxisprojekt,4,Die Studierenden setzen ihre erworbenen persönlichen und sozialen Kompetenzen in konkreten Projekten ein und passen sich an betriebliche Gegebenheiten an.,,,,
Angewandte Informatik (B.Sc.),Hochschule Fulda,AI1654,Praxisprojekt–dual,1,Die Studierenden fassen die Arbeitsaufgaben eines typischen Berufsbildes der Informatik zusammen.,,,,
Angewandte Informatik (B.Sc.),Hochschule Fulda,AI1654,Praxisprojekt–dual,2,Die Studierenden wenden das erlernte Fach- und Methodenwissen aus dem Studium in einer Unternehmensumgebung an.,,,,
Angewandte Informatik (B.Sc.),Hochschule Fulda,AI1654,Praxisprojekt–dual,3,Die Studierenden setzen ihre erworbenen persönlichen und sozialen Kompetenzen in konkreten Projekten ein und passen sich an betriebliche Gegebenheiten an.,,,,
Angewandte Informatik (B.Sc.),Hochschule Fulda,AI1522,3D-Modellierung und Animation,1,Die Studierenden wenden DCC-Tools zur 3D-Modellierung und 3D-Animation fachgerecht an um damit 3D-Szenen zu modellieren und abzuändern sowie computergeneriertes Bildmaterial zu erstellen.,,,,
Angewandte Informatik (B.Sc.),Hochschule Fulda,AI1522,3D-Modellierung und Animation,2,"Die Studierenden setzen reale, dreidimensionale Objekte eigenständig und unter Verwendung eines für ein gegebenes Gestaltungsziel geeigneten Verfahrens in ein ggfs. texturiertes 3D-Modell um.",,,,
Angewandte Informatik (B.Sc.),Hochschule Fulda,AI1522,3D-Modellierung und Animation,3,Die Studierenden evaluieren ihre 3D-Modelle anhand von Gestaltungskriterien.,,,,
Angewandte Informatik (B.Sc.),Hochschule Fulda,AI1522,3D-Modellierung und Animation,4,Die Studierenden erstellen mit einer 3D-Software zu gegebenen komplexeren Aufgabenstellungen passende Lösungen.,,,,
Angewandte Informatik (B.Sc.),Hochschule Fulda,AI1522,3D-Modellierung und Animation,5,Die Studierenden erstellen ein einfaches Storyboard oder bilden in 3D aus einem vorgegebenen Storyboard zeichnerisch umgesetzte Szenen nach.,,,,
Angewandte Informatik (B.Sc.),Hochschule Fulda,AI1522,3D-Modellierung und Animation,6,Die Studierenden erklären die Verwendung verschiedene Renderingverfahren und welche Bereiche der Szene gerendert und welche in der Postproduktion entstehen müssen.,,,,
Angewandte Informatik (B.Sc.),Hochschule Fulda,AI4013,Aktuelles Thema der Angewandten Informatik (Bachelor),1,Die Studierenden diskutieren zentrale Inhalte aktueller wissenschaftlicher und praxisnaher Problemstellungen der Angewandten Informatik.,,,,
Angewandte Informatik (B.Sc.),Hochschule Fulda,AI4013,Aktuelles Thema der Angewandten Informatik (Bachelor),2,Die Studierenden vergleichen und bewerten aktuelle wissenschaftliche Veröffentlichungen beziehungsweise Entwicklungen in der Industrie im Bezug zur fokussierten Problemstellung.,,,,
Angewandte Informatik (B.Sc.),Hochschule Fulda,AI4013,Aktuelles Thema der Angewandten Informatik (Bachelor),3,Die Studierenden wenden die gewonnenen Erkenntnisse im Rahmen von praktischen Aufgaben passend zum aktuellen (Teil-)problem fachgerecht an..,,,,
Angewandte Informatik (B.Sc.),Hochschule Fulda,AI1051,Animationsprogrammierung,1,"Die Studierenden wenden die grundlegenden Verfahren der Computeranimation auf gegebene Problemstellungen an: die Animation unter Verwendung von Keyframes, deren Interpolation, die Berechnung einer direkten Kinematik beim Einsatz von kinematischen Ketten.",,,,
Angewandte Informatik (B.Sc.),Hochschule Fulda,AI1051,Animationsprogrammierung,2,"Die Studierenden beschreiben die Funktionsweise und Anwendung von Deformationsverfahren, Morphing und Warping.",,,,
Angewandte Informatik (B.Sc.),Hochschule Fulda,AI1051,Animationsprogrammierung,3,"Die Studierenden fassen die grundlegende Funktionsweise prozeduraler Animationstechniken, insbesondere Partikelsysteme fachgerecht zusammen.",,,,
Angewandte Informatik (B.Sc.),Hochschule Fulda,AI1051,Animationsprogrammierung,4,"Die Studierenden realisieren sowohl Online-, wie auch Offline-Animations-Systeme mit der Bibliothek Processing.",,,,
Angewandte Informatik (B.Sc.),Hochschule Fulda,AI1051,Animationsprogrammierung,5,Die Studierenden beschreiben die grundlegenden mathematischen Verfahren zur Berechnung von Animationen: Berechnung der zeitlichen und räumlichen Interpolation zwischen Stützpunkten sowie Partikelanimation auf Grundlage der Simulation physikalischer Kräfte und deren Wechselwirkungen.,,,,
Angewandte Informatik (B.Sc.),Hochschule Fulda,AI1485,Audio- und Videoproduktion,1,"Die Studierenden planen, konzipieren und setzen ein komplexes Medienprojekt selbständig um.",,,,
Angewandte Informatik (B.Sc.),Hochschule Fulda,AI1485,Audio- und Videoproduktion,2,Die Studierenden benennen die einzelnen Phasen eines typischen Medienprojektes.,,,,
Angewandte Informatik (B.Sc.),Hochschule Fulda,AI1485,Audio- und Videoproduktion,3,Die Studierenden bedienen Software-Tools zur Bearbeitung von digitalen Audio- und Videodaten fachgerecht.,,,,
Angewandte Informatik (B.Sc.),Hochschule Fulda,AI1485,Audio- und Videoproduktion,4,Die Studierenden beschreiben die korrekte Bedienung aktueller Kamerasysteme.,,,,
Angewandte Informatik (B.Sc.),Hochschule Fulda,AI1485,Audio- und Videoproduktion,5,"Die Studierenden argumentieren anhand von technischen und dramaturgischen Qualitätsmerkmalen, wie Licht und Ton in einer Szene einzusetzen sind.",,,,
Angewandte Informatik (B.Sc.),Hochschule Fulda,AI1485,Audio- und Videoproduktion,6,Die Studierenden erstellen ein Storyboard für eine Medienproduktion.,,,,
Angewandte Informatik (B.Sc.),Hochschule Fulda,AI1008,Betriebswirtschaftslehre 2,1,Die Studierenden beschreiben die Systematik der Produktionsfaktoren und den Wertschöpfungsprozess in Unternehmen von der Faktorbereitstellung bis zum Vertrieb der Enderzeugnisse.,,,,
Angewandte Informatik (B.Sc.),Hochschule Fulda,AI1008,Betriebswirtschaftslehre 2,2,"Die Studierenden definieren und unterscheiden Fachbegriffe aus den betrieblichen Funktionen Personal- und Materialwirtschaft, Logistik, Produktion, Marketing sowie der Planung als Teil der betrieblichen Leitungsfunktion.",,,,
Angewandte Informatik (B.Sc.),Hochschule Fulda,AI1008,Betriebswirtschaftslehre 2,3,"Die Studierenden lösen Aufgabenstellen unter Anwendung von Methoden der quantitativen BWL wie zum Beispiel Personal- und Materialbedarfsplanung, Werthäufigkeitsverteilung, Stücklistenauflösung anhand von Erzeugnisstrukturen, Bestimmung der optimalen Bestellmenge, Produktionsprogrammplanung mit Hilfe der relativen Deckungsbeitragsrechnung oder der linearen Programmierung.",,,,
Angewandte Informatik (B.Sc.),Hochschule Fulda,AI1008,Betriebswirtschaftslehre 2,4,Die Studierenden formulieren insbesondere in den Übungen betriebswirtschaftliche Probleme und verteidigen Lösungswege durch Argumentation.,,,,
Angewandte Informatik (B.Sc.),Hochschule Fulda,AI1034,Cloud Services,1,"Die Studierenden planen und realisieren organisatorische, gesetzliche und technische Aspekte der Bereitstellung und Nutzung von Internetdiensten in aktuellen IT-Infrastrukturen.",,,,
Angewandte Informatik (B.Sc.),Hochschule Fulda,AI1034,Cloud Services,2,"Die Studierenden wenden aktuelle Techniken (vgl. Cloud-, Virtualisierungs- und Automatisierungslösungen) für den lastverteilten und fehlertoleranten Betrieb von Internetdiensten an.",,,,
Angewandte Informatik (B.Sc.),Hochschule Fulda,AI1034,Cloud Services,3,Die Studierenden können Internetdienste erstellen und anhand definierter Anforderungen umsetzen.,,,,
Angewandte Informatik (B.Sc.),Hochschule Fulda,AI1034,Cloud Services,4,"Die Studierenden realisieren fachgerecht Ansätze für Monitoring, Backup/Restore, Skalierbarkeit/Ausfallsicherheit und Wartung von Internetdiensten.",,,,
Angewandte Informatik (B.Sc.),Hochschule Fulda,AI1034,Cloud Services,5,"Die Studierenden organisieren selbstständig das Arbeiten in der Form eines Projektes im Team (z.B. Verantwortlichkeiten, Ziele, Abläufe).",,,,
Angewandte Informatik (B.Sc.),Hochschule Fulda,AI1034,Cloud Services,6,Die Studierenden bringen sich aktiv in die Teamarbeit ein und gehen mit auftretenden Herausforderungen konstruktiv um.,,,,
Angewandte Informatik (B.Sc.),Hochschule Fulda,AI1034,Cloud Services,7,Die Studierenden erstellen zur Projektabgabe eine Dokumentation in Form eines Betriebshandbuchs und präsentieren das realisierte Projekt als Team.,,,,
Angewandte Informatik (B.Sc.),Hochschule Fulda,AI1043,Data Mining,1,"Data Mining ist die Gewinnung impliziter, unbekannter und potenziell nützlicher Informationen aus Daten mittels (mathematischer) Methoden.",,,,
Angewandte Informatik (B.Sc.),Hochschule Fulda,AI1043,Data Mining,2,"Die Studierenden erläutern Grundbegriffe, Konzepte, Modelle, Probleme und Methoden der Angewandten Statistik und des Data Mining. formulieren Informationsgewinnung aus den verschiedenen Datenbeständen als Probleme der Angewandten Statistik und Data Mining und bieten dazu geeignete Verfahren zu ihrer Lösung an.",,,,
Angewandte Informatik (B.Sc.),Hochschule Fulda,AI1043,Data Mining,3,"Die Studierenden wenden ihr Wissen und Verstehen auf ihre Tätigkeit oder ihren Beruf an,",,,,
Angewandte Informatik (B.Sc.),Hochschule Fulda,AI1043,Data Mining,4,"Die Studierenden formulieren und verteidigen fachbezogene Positionen und Problemlösungen ,",,,,
Angewandte Informatik (B.Sc.),Hochschule Fulda,AI1043,Data Mining,5,"Die Studierenden tauschen sich mit Fachvertreten und mit Laien über Ideen, Probleme und Lösungen aus.",,,,
Angewandte Informatik (B.Sc.),Hochschule Fulda,AI1042,Data-Warehousing,1,Die Studierenden erkennen die Bedeutung eines Data-Warehouse im Kontext der betrieblichen Anwendungssoftware.,,,,
Angewandte Informatik (B.Sc.),Hochschule Fulda,AI1042,Data-Warehousing,2,Die Studierenden definieren die Architektur eines Data-Warehouse und,,,,
Angewandte Informatik (B.Sc.),Hochschule Fulda,AI1042,Data-Warehousing,3,Die Studierenden bauen ein einfaches Data-Warehouse auf Basis eines vorgegebenen Data-Warehouse-Systems aus und nutzen es zur Beantwortung betriebswirtschaftlicher Fragestellungen,,,,
Angewandte Informatik (B.Sc.),Hochschule Fulda,AI1042,Data-Warehousing,4,"Die Studierenden verstehen das Konzept multidimensionaler Modellierung, modellieren und implementieren einen OLAP-Würfel und analysieren die darin vorhandenen Daten.",,,,
Angewandte Informatik (B.Sc.),Hochschule Fulda,AI1042,Data-Warehousing,5,"Die Studierenden verstehen die Integration eines Data-Warehouse zum betrieblichen Reporting sowie zur Weiterverarbeitung in anderen Komponenten der betrieblichen Anwendungssoftware, insbesondere dem Data-Mining.",,,,
Angewandte Informatik (B.Sc.),Hochschule Fulda,AI1031,Datenbanktechnologien,1,Die meisten Systeme und Anwendungen in der Informationstechnologie nutzen Datenbank- bzw. Datenverwaltungssysteme als Basis zur Speicherung und Wiedergewinnung system- bzw. anwendungs-relevanter Informationen.,,,,
Angewandte Informatik (B.Sc.),Hochschule Fulda,AI1031,Datenbanktechnologien,2,"Die Studierenden wenden alle wesentlichen Aspekte und den Sprachumfang der standardisierten Datenanfrage- und Datenmanipulationssprache SQL (QL, DML, DDL, DCL) an, einschließlich komplexer Anfragen.",,,,
Angewandte Informatik (B.Sc.),Hochschule Fulda,AI1031,Datenbanktechnologien,3,"Die Studierenden wenden die Typologie der unterschiedlichen (Programmier-)Schnittstellen zu Datenbanksystemen im zentralisierten und verteilten Umfeld an, zur Einbindung einer Datenbank in eine Anwendung.",,,,
Angewandte Informatik (B.Sc.),Hochschule Fulda,AI1031,Datenbanktechnologien,4,"Die Studierenden erläuternden Aufbau und die wesentlichen Konzepte von Datenbanksystemen, insbesondere das fundamentale Konzept der Transaktion (ACID), einschließlich der Mechanismen zu seiner Realisierung.",,,,
Angewandte Informatik (B.Sc.),Hochschule Fulda,AI1031,Datenbanktechnologien,5,Die Studierenden beschreiben prinzipielle Vorgehensweise von relationalen Datenbanksystemen bei der Optimierung des mengen-orientierten Zugriffs auf Daten und die Bedeutung von Speicherungsstrukturen für die Beschleunigung von Zugriffen.,,,,
Angewandte Informatik (B.Sc.),Hochschule Fulda,AI1031,Datenbanktechnologien,6,Die Studierenden analysieren Datenbankabfragen und wenden einfache Performance-Optimierung an.,,,,
Angewandte Informatik (B.Sc.),Hochschule Fulda,AI1031,Datenbanktechnologien,7,Die Studierenden implementieren Datenbankanwendungslogik sowohl mit prozedualem SQL als auch in einem Anwendungsprogramm.,,,,
Angewandte Informatik (B.Sc.),Hochschule Fulda,AI1031,Datenbanktechnologien,8,Die Studierenden verwenden fachgerecht moderne Werkzeuge zur Datenbankerstellung in Einzel- und Zusammenarbeit.,,,,
Angewandte Informatik (B.Sc.),Hochschule Fulda,AI1031,Datenbanktechnologien,9,"Die Studierenden erstellen in Gruppen Lösungen zu Problemstellungen, bringen sich aktiv in die Lösungsentwicklung ein und strukturieren die kollaborative Zusammenarbeit selbst.",,,,
Angewandte Informatik (B.Sc.),Hochschule Fulda,AI1048,Digitale Bildverarbeitung,1,"Die Studierenden benennen und kategorisieren die grundlegenden Bildverarbeitungsoperationen und erklären ihre Funktionsweise,",,,,
Angewandte Informatik (B.Sc.),Hochschule Fulda,AI1048,Digitale Bildverarbeitung,2,"Die Studierenden vorhersagen die Wirkung und berechnen das Ergebnis einzelner Bildverarbeitungsoperationen auf Beispielbildern,",,,,
Angewandte Informatik (B.Sc.),Hochschule Fulda,AI1048,Digitale Bildverarbeitung,3,"Die Studierenden verwenden Bildverarbeitungstools, um die visuelle Korrektheit des Ergebnisses zu überprüfen.",,,,
Angewandte Informatik (B.Sc.),Hochschule Fulda,AI1048,Digitale Bildverarbeitung,4,"Die Studierenden entwerfen zu einer gegebenen Problemstellung passende Abfolgen von Operationen,",,,,
Angewandte Informatik (B.Sc.),Hochschule Fulda,AI1048,Digitale Bildverarbeitung,5,"Die Studierenden implementieren die behandelten Bildverarbeitungsverfahren,",,,,
Angewandte Informatik (B.Sc.),Hochschule Fulda,AI1048,Digitale Bildverarbeitung,6,Die Studierenden argumentieren mit richtiger Anwendung der Fachterminologie.,,,,
Angewandte Informatik (B.Sc.),Hochschule Fulda,AI1048,Digitale Bildverarbeitung,7,Die Studierenden erinnern die mathematischen Grundlagen der Verfahren zur Bildverarbeitung:,,,,
Angewandte Informatik (B.Sc.),Hochschule Fulda,AI1048,Digitale Bildverarbeitung,8,"Filterung (Glättungsfilter, Differenz- und Ableitungsfilter, Anwendung der Filtermatrix, kombinierte Abfolge von Filterschritten): Lineare Algebra, insbesondere Matrizen- und Vektorrechnung",,,,
Angewandte Informatik (B.Sc.),Hochschule Fulda,AI1048,Digitale Bildverarbeitung,9,"Berechnung von Histogrammen (bimodale Histogramme, kummulative Histogramme, automatische Histogrammanpassung): Grundlagen der Statistik, Verteilungen, Erwartungswert, Mittelwert, Varianz, Standardabweichung, diskrete Wahrscheinlichkeitsdichtefunktionen",,,,
Angewandte Informatik (B.Sc.),Hochschule Fulda,AI1048,Digitale Bildverarbeitung,10,"Merkmalsberechnung/Regionen –(Flächen, Kompaktheit, Momente (1-4), Schwerpunktberechnung, Invariantenberechnung (translation- bzw. größeninvariante Momente)): Grundlagen der analytischen Geometrie, Grundlagen der Statistik",,,,
Angewandte Informatik (B.Sc.),Hochschule Fulda,AI1030,Entwicklung von betrieblicher Anwendungssoftware,1,"Die Studierenden erkennen die speziellen Fragestellungen, die sich bei der Entwicklung/ Erweiterung von betrieblicher Anwendungssoftware/ Standardsoftware ergeben.",,,,
Angewandte Informatik (B.Sc.),Hochschule Fulda,AI1030,Entwicklung von betrieblicher Anwendungssoftware,2,Beispielhaft kann dies anhand von SAP SAP-Anwendungen geschehen – etwa durch eine Programmierung in ABAP-OO oder auch anderen Systemen (abhängig vom Dozenten).,,,,
Angewandte Informatik (B.Sc.),Hochschule Fulda,AI1030,Entwicklung von betrieblicher Anwendungssoftware,3,Die Studierenden beherrschen dem Umgang mit der jeweiligen Programmierumgebung (IDE).,,,,
Angewandte Informatik (B.Sc.),Hochschule Fulda,AI1030,Entwicklung von betrieblicher Anwendungssoftware,4,Die Studierenden beschreiben das Programmiermodell des Anwendungssystems je Anwendungstyp.,,,,
Angewandte Informatik (B.Sc.),Hochschule Fulda,AI1030,Entwicklung von betrieblicher Anwendungssoftware,5,"Die Studierenden implementieren die verschiedenen Anwendungstypen (Reports, Transaktionen).",,,,
Angewandte Informatik (B.Sc.),Hochschule Fulda,AI1030,Entwicklung von betrieblicher Anwendungssoftware,6,Die Studierenden beschreiben die Beziehung/ wesentlichen Unterschiede zu den bisher bekannten Sprachen (etwa Java/ C).,,,,
Angewandte Informatik (B.Sc.),Hochschule Fulda,AI1030,Entwicklung von betrieblicher Anwendungssoftware,7,Die Studierenden verstehen die spezielle Rolle der Datenbank für die Anwendung und die Datenbankschnittstelle kann integriert in die Anwendungslogik implementiert werden.,,,,
Angewandte Informatik (B.Sc.),Hochschule Fulda,AI1030,Entwicklung von betrieblicher Anwendungssoftware,8,"Die Studierenden grenzen weiterführende Konzepte der Anwendungsprogrammierung, speziell in Form von Web-Anwendungen, wie Verwendung des MVC-Patterns, weitere Patterns (Separation of Concerns, MVP) voneinander ab.",,,,
Angewandte Informatik (B.Sc.),Hochschule Fulda,AI1030,Entwicklung von betrieblicher Anwendungssoftware,9,Die Studierenden verstehen das Konzept der kundenspezifischen Erweiterung von Anwendungen und können solche implementieren.,,,,
Angewandte Informatik (B.Sc.),Hochschule Fulda,AI1030,Entwicklung von betrieblicher Anwendungssoftware,10,Die Studierenden verstehen das Konzept der Verteilung von Anwendungen und können die wesentlichen Punkte benennen sowie kleine Beispiele implementieren.,,,,
Angewandte Informatik (B.Sc.),Hochschule Fulda,AI1030,Entwicklung von betrieblicher Anwendungssoftware,11,"Die Studierenden verstehen das Konzept der transaktionalen Verarbeitung und können diese auf das verwendete System anwenden (Locking, Verbuchung, konsistente Datenhaltung).",,,,
Angewandte Informatik (B.Sc.),Hochschule Fulda,AI1030,Entwicklung von betrieblicher Anwendungssoftware,12,Die Studierenden beschreiben die Vor- und Nachteile einer horizontalen vs. einer vertikalen Speicherung von Daten.,,,,
Angewandte Informatik (B.Sc.),Hochschule Fulda,AI1398,Entwurf digitaler Systeme mit VHDL,1,Die Studierenden benennen Grundelemente der Beschreibungssprache VHDL.,,,,
Angewandte Informatik (B.Sc.),Hochschule Fulda,AI1398,Entwurf digitaler Systeme mit VHDL,2,Die Studierenden erläutern die Funktionsweise der Sprachelemente.,,,,
Angewandte Informatik (B.Sc.),Hochschule Fulda,AI1398,Entwurf digitaler Systeme mit VHDL,3,Die Studierenden interpretieren in VHDL beschriebene digitale Systeme.,,,,
Angewandte Informatik (B.Sc.),Hochschule Fulda,AI1398,Entwurf digitaler Systeme mit VHDL,4,Die Studierenden entwerfen Beschreibungen von Standardschaltungen in VHDL.,,,,
Angewandte Informatik (B.Sc.),Hochschule Fulda,AI1398,Entwurf digitaler Systeme mit VHDL,5,Die Studierenden führen Simulationen mit Simulationswerkzeugen aus.,,,,
Angewandte Informatik (B.Sc.),Hochschule Fulda,AI1398,Entwurf digitaler Systeme mit VHDL,6,Die Studierenden implementieren digitale Schaltungen mit Hilfe von Synthese-Software.,,,,
Angewandte Informatik (B.Sc.),Hochschule Fulda,AI1398,Entwurf digitaler Systeme mit VHDL,7,Die Studierenden testen digitale Schaltungen in programmierbarer Logik.,,,,
Angewandte Informatik (B.Sc.),Hochschule Fulda,AI1028,ERP-Systeme,1,Die Studierenden bilden ausgewählte betriebliche Geschäftsprozesse in einer integrierten ERP-Standardsoftware ab.,,,,
Angewandte Informatik (B.Sc.),Hochschule Fulda,AI1028,ERP-Systeme,2,Die Studierenden benennen die Eigenschaften einer Prozessintegration für die betroffenen Prozesse.,,,,
Angewandte Informatik (B.Sc.),Hochschule Fulda,AI1028,ERP-Systeme,3,Die Studierenden beschreiben hierbei auch die Abbildung der Unternehmensstruktur auf das ERP-System sowie die Möglichkeiten der Anpassung eines ERP-Systems an individuelle Geschäftsprozesse.,,,,
Angewandte Informatik (B.Sc.),Hochschule Fulda,AI1028,ERP-Systeme,4,Die Studierenden beschreiben den Zusammenhang zwischen Material- und Werteflüssen in einem solchen System und können diese einander gegenüberstellen.,,,,
Angewandte Informatik (B.Sc.),Hochschule Fulda,AI1028,ERP-Systeme,5,"Die Studierenden sind in der Lage, ihre bisherigen Fachkenntnisse auf dem Gebiet der Wirtschaftsinformatik und Betriebswirtschaft mit der angebotenen Funktionalität im ERP-System zu vertiefen und zu beurteilen, wie diese im ERP-System abgebildet werden.",,,,
Angewandte Informatik (B.Sc.),Hochschule Fulda,AI1028,ERP-Systeme,6,"Die Studierenden beschreiben die Ziele, den Aufbau und die Arbeitsweise heutiger ERP-Systeme.",,,,
Angewandte Informatik (B.Sc.),Hochschule Fulda,AI1019,Graphische Datenverarbeitung,1,Die Studierenden beschreiben Algorithmen der Graphischen Datenverarbeitung und setzen diese praktisch um.,,,,
Angewandte Informatik (B.Sc.),Hochschule Fulda,AI1019,Graphische Datenverarbeitung,2,Die Studierenden benennen und erklären die wichtigsten Algorithmen und Methoden der Computergraphik.,,,,
Angewandte Informatik (B.Sc.),Hochschule Fulda,AI1019,Graphische Datenverarbeitung,3,"Die Studierenden wenden relevante mathematische Methoden des Fachgebiets an, was auch das mathematisch-physikalische Grundverständnis verbessert.",,,,
Angewandte Informatik (B.Sc.),Hochschule Fulda,AI1019,Graphische Datenverarbeitung,4,Die Studierenden entwerfen und realisieren graphische Systeme unter Nutzung standardisierter Graphikbibliotheken.,,,,
Angewandte Informatik (B.Sc.),Hochschule Fulda,AI1029,Grundlagen der Wirtschaftsinformatik,1,Die Studierenden beschreiben die Wirtschaftsinformatik als eigenständige Disziplin zwischen Betriebswirtschaft und Informatik in ihren Teilbereichen.,,,,
Angewandte Informatik (B.Sc.),Hochschule Fulda,AI1029,Grundlagen der Wirtschaftsinformatik,2,Die Studierenden können die grundlegenden Geschäftsprozesse eines Industrieunternehmens inhaltlich einordnen sowie methodisch korrekt vereinfacht darstellen und unter verschiedenen Gesichtspunkten analysieren.,,,,
Angewandte Informatik (B.Sc.),Hochschule Fulda,AI1029,Grundlagen der Wirtschaftsinformatik,3,"Die Studierenden benennen die verschiedenen Arten von Informationssystemen, die diese Geschäftsprozesse auf unterschiedliche Art unterstützen.",,,,
Angewandte Informatik (B.Sc.),Hochschule Fulda,AI1029,Grundlagen der Wirtschaftsinformatik,4,Die Studierenden erläutern die durch die Geschäftsprozesse erzeugten Daten und deren Weiterverarbeitung.,,,,
Angewandte Informatik (B.Sc.),Hochschule Fulda,AI1029,Grundlagen der Wirtschaftsinformatik,5,Die Studierenden beschreiben wesentliche Fragen der Anwendung von Informationssystemen.,,,,
Angewandte Informatik (B.Sc.),Hochschule Fulda,AI1029,Grundlagen der Wirtschaftsinformatik,6,Die Studierenden beschreiben wesentliche aktuelle Herausforderungen des E-Business sowie deren Behandlung durch betriebliche Informationssysteme.,,,,
Angewandte Informatik (B.Sc.),Hochschule Fulda,AI1273,Grundlagen der Wirtschaftspolitik,1,"Die Studierenden definieren die Grundlagenbegriffe von Politik und Wirtschaft, VWL und BWL.",,,,
Angewandte Informatik (B.Sc.),Hochschule Fulda,AI1273,Grundlagen der Wirtschaftspolitik,2,"Die Studierenden erklären das Wirtschaftssystem anhand von Markt und Hierarchie, Plan- und Marktwirtschaft sowie soziale Marktwirtschaft.",,,,
Angewandte Informatik (B.Sc.),Hochschule Fulda,AI1273,Grundlagen der Wirtschaftspolitik,3,Die Studierenden beantworten ausgewählte Fragestellung aus der Wirtschaftspolitik.,,,,
Angewandte Informatik (B.Sc.),Hochschule Fulda,AI1273,Grundlagen der Wirtschaftspolitik,4,Beteiligen sich aktiv an aktuellen wirtschaftspolitischen Debatten.,,,,
Angewandte Informatik (B.Sc.),Hochschule Fulda,AI1273,Grundlagen der Wirtschaftspolitik,5,Die Studierenden ordnen die vorgebrachten Argumente theoretisch ein und bewerten diese.,,,,
Angewandte Informatik (B.Sc.),Hochschule Fulda,AI1032,Mikrocontrollerprogrammierung,1,Die Studierenden kennen die besonderen Aspekte der Mikrocontrollerprogrammierung wie z.B. Interruptbehandlung und Schnittstellenprogrammierung.,,,,
Angewandte Informatik (B.Sc.),Hochschule Fulda,AI1032,Mikrocontrollerprogrammierung,2,Die Studierenden beurteilen die Einsatzgebiete von Mikrocontrollerprogrammierung erstellen eigene Programme für Mikrocontroller in Assembler.,,,,
Angewandte Informatik (B.Sc.),Hochschule Fulda,AI1032,Mikrocontrollerprogrammierung,3,Die Studierenden erstellen eigene Programme für Mikrocontroller in C.,,,,
Angewandte Informatik (B.Sc.),Hochschule Fulda,AI1032,Mikrocontrollerprogrammierung,4,Die Studierenden beurteilen sicherheitskritische Systeme aus dem Bereich Automotive Systeme und der Medizintechnik.,,,,
Angewandte Informatik (B.Sc.),Hochschule Fulda,AI1033,Multimedia-Kommunikation,1,Die Studierenden benennen die technischen Grundlagen und Anforderungen (vgl. Quality of Service/Quality of Experience) für multimediale Kommunikation und IP-Netzen bzw. insb. dem Internet.,,,,
Angewandte Informatik (B.Sc.),Hochschule Fulda,AI1033,Multimedia-Kommunikation,2,"Die Studierenden benennen die Charakteristika von Audio, Voice und Video over IP und aktuelle Kompressionsverfahren.",,,,
Angewandte Informatik (B.Sc.),Hochschule Fulda,AI1033,Multimedia-Kommunikation,3,Die Studierenden benutzen fachgerecht aktuelle Kompressionsverfahren und Protokolle für die Multimedia-Kommunikation.,,,,
Angewandte Informatik (B.Sc.),Hochschule Fulda,AI1033,Multimedia-Kommunikation,4,"Die Studierenden realisieren fachgerecht passend zu aktuellen Anforderungen Lösungen für multimediale Anwendungen wie Streaming oder interaktive Dienste wie Telefonie, Video-/Web-Conferencing oder Collaboration.",,,,
Angewandte Informatik (B.Sc.),Hochschule Fulda,AI1033,Multimedia-Kommunikation,5,"Die Studierenden bewerten unterschiedliche Protokolle, Dienste und Plattformen für Multimedia-Kommunikation und analysieren deren Nutzen.",,,,
Angewandte Informatik (B.Sc.),Hochschule Fulda,AI1033,Multimedia-Kommunikation,6,Die Studierenden kennen Standard-Lösungen für Multimedia-Kommunikationssysteme und deren Performance und Sicherheit.,,,,
Angewandte Informatik (B.Sc.),Hochschule Fulda,AI1033,Multimedia-Kommunikation,7,Die Studierenden bringen sich aktiv in die Teamarbeit mit Multimedia-Kommunikationssystemen im Labor ein.,,,,
Angewandte Informatik (B.Sc.),Hochschule Fulda,AI1441,Multimediasysteme,1,Die Studierenden beschreiben in eigenen Worten den Designprozess von multimedialen Systemen und die grundlegenden Methoden und Techniken der Systementwicklung.,,,,
Angewandte Informatik (B.Sc.),Hochschule Fulda,AI1441,Multimediasysteme,2,Die Studierenden wenden Konzeptions- und Entwicklungsphasen mehrfach in einem Designprozess nach dem Prinzip der iterativen Anwendungsentwicklung an.,,,,
Angewandte Informatik (B.Sc.),Hochschule Fulda,AI1441,Multimediasysteme,3,"Die Studierenden erklären die Bedeutung des Grundprinzips der Trennung von inhaltlicher Struktur und visueller Gestaltung, für die benutzerzentrierte, die systemzentrierte und die anwendungszentrierte Anpassung von multimedialen Anwendungen.",,,,
Angewandte Informatik (B.Sc.),Hochschule Fulda,AI1441,Multimediasysteme,4,Die Studierenden wenden Werkzeugen zur Systemerstellung fachgerecht an.,,,,
Angewandte Informatik (B.Sc.),Hochschule Fulda,AI1441,Multimediasysteme,5,Die Studierenden bereiten digitale mediale Inhalte für die Systemnutzung auf.,,,,
Angewandte Informatik (B.Sc.),Hochschule Fulda,AI1441,Multimediasysteme,6,Die Studierenden konzipieren und programmieren einfache interaktive Multimediasysteme.,,,,
Angewandte Informatik (B.Sc.),Hochschule Fulda,AI1041,Optimierung,1,"Die Studierenden benennen Probleme, Modelle, Methoden, Verfahren und Anwendungen der Optimierung.",,,,
Angewandte Informatik (B.Sc.),Hochschule Fulda,AI1041,Optimierung,2,Die Studierenden beschreiben Modelle und Verfahren der linearen und nichtlinearen Optimierung.,,,,
Angewandte Informatik (B.Sc.),Hochschule Fulda,AI1041,Optimierung,3,Die Studierenden formulieren geeignete Probleme aus den verschiedenen Anwendungsbereichen als ein Optimierungsproblem und,,,,
Angewandte Informatik (B.Sc.),Hochschule Fulda,AI1041,Optimierung,4,Lösen diese mittels passender Verfahren und Algorithmen.,,,,
Angewandte Informatik (B.Sc.),Hochschule Fulda,AI1052,Personalmanagement,1,Die Studierenden beschreiben den Umgang mit der „Ressource Mensch“ im Unternehmen.,,,,
Angewandte Informatik (B.Sc.),Hochschule Fulda,AI1052,Personalmanagement,2,Die Studierenden erklären die Grundfunktionen der Personalbedarfsplanung und -beschaffung.,,,,
Angewandte Informatik (B.Sc.),Hochschule Fulda,AI1052,Personalmanagement,3,"Die Studierenden erläutern den Personaleinsatz, die Personalentwicklung und -freisetzung.",,,,
Angewandte Informatik (B.Sc.),Hochschule Fulda,AI1052,Personalmanagement,4,Die Studierenden erklären die Personalentlohnung und Personalverwaltung.,,,,
Angewandte Informatik (B.Sc.),Hochschule Fulda,AI1052,Personalmanagement,5,Die Studierenden nennen die gängigen Personalauswahlverfahren.,,,,
Angewandte Informatik (B.Sc.),Hochschule Fulda,AI1052,Personalmanagement,6,"Die Studierenden bereiten sich kompetent auf Bewerbungsprozesse vor, indem Sie das Verhalten in Bewerbungssituationen trainieren.",,,,
Angewandte Informatik (B.Sc.),Hochschule Fulda,AI1052,Personalmanagement,7,"Die Studierenden beschreiben die wesentlichen Faktoren des Berufseinstiegs (Einarbeitung, Gehalt, Einsatz, Kündigungsverfahren).",,,,
Angewandte Informatik (B.Sc.),Hochschule Fulda,AI1052,Personalmanagement,8,Die Studierenden trainieren das Verhalten in Bewerbungssituationen.,,,,
Angewandte Informatik (B.Sc.),Hochschule Fulda,AI1052,Personalmanagement,9,Die Studierenden simulieren die gängigen Auswahlverfahren der Personalauswahl für den Berufseinstieg.,,,,
Angewandte Informatik (B.Sc.),Hochschule Fulda,AI1124,Projektmanagement,1,"Die Studierenden definieren Projektmanagement und unterscheiden das Steuerungsmodell (Projektmanagement) von dem Durchführungsmodell (Projektphasen, Vorgehensmodelle).",,,,
Angewandte Informatik (B.Sc.),Hochschule Fulda,AI1124,Projektmanagement,2,"Die Studierenden beschreiben die Phasen des Projektmanagements von der Initiierung eines Projektes bis zum Projektabschluss entlang der verschiedenen Projektmanagementelemente, sowie die Einordnung in den Strategiekreislauf von Unternehmen.",,,,
Angewandte Informatik (B.Sc.),Hochschule Fulda,AI1124,Projektmanagement,3,"Die Studierenden lösen Aufgabenstellungen unter Anwendung von Methoden des Projektmanagements wie zum Beispiel des Netzplans, verschiedener Aufwandsschätzverfahren, Verfahren zur Leistungsfortschrittskontrolle (Earned Value Analyse).",,,,
Angewandte Informatik (B.Sc.),Hochschule Fulda,AI1124,Projektmanagement,4,Die Studierenden wenden insbesondere im Praktikum die verschiedenen Methoden und Techniken der Projektplanung am konkreten Anwendungsfall selbst an und präsentieren die Ergebnisse.,,,,
Angewandte Informatik (B.Sc.),Hochschule Fulda,AI1053,Unternehmensplanspiel,1,"Die Studierenden sind in der Lage, selbstständig (bzw. in Teamarbeit) betriebswirtschaftliche Entscheidungen unter Berücksichtigung von deren Konsequenzen (z.B. auf Cash Flow oder Gewinn) zu treffen.",,,,
Angewandte Informatik (B.Sc.),Hochschule Fulda,AI1046,Visualisierung,1,"Die Studierenden lernen Theorie und Praxis, Regeln und Werkzeuge für die Umsetzung von Informationen und Daten in eine visuelle Darstellung (visuelle Kommunikation) kennen.",,,,
Angewandte Informatik (B.Sc.),Hochschule Fulda,AI1046,Visualisierung,2,Die Studierenden erläutern die Grundregeln der visuellen Kommunikation und leiten von diesen Regeln für die Verwendung ab.,,,,
Angewandte Informatik (B.Sc.),Hochschule Fulda,AI1046,Visualisierung,3,Die Studierenden beschreiben und interpretieren bildliche Abbildungen anhand ihrer visuellen Inhalte.,,,,
Angewandte Informatik (B.Sc.),Hochschule Fulda,AI1046,Visualisierung,4,Die Studierenden klassifizieren Bilder anhand ihrer visuell sichtbaren Zeichen und Inhalte.,,,,
Angewandte Informatik (B.Sc.),Hochschule Fulda,AI1046,Visualisierung,5,Die Studierenden setzen Typographie in der visuellen Kommunikation sachgemäß und zielgerichtet ein.,,,,
Angewandte Informatik (B.Sc.),Hochschule Fulda,AI1046,Visualisierung,6,Die Studierenden wenden die Grundlagen der Wahrnehmung in den eigenen Gestaltungen an.,,,,
Angewandte Informatik (B.Sc.),Hochschule Fulda,AI1046,Visualisierung,7,Die Studierenden wählen geeignete Werkzeuge für die Umsetzung und Visualisierung von Informationen und Daten aus und begründen ihre Auswahl.,,,,
Angewandte Informatik (B.Sc.),Hochschule Fulda,AI1046,Visualisierung,8,Die Studierenden visualisieren Erklärungs- und Lernprozessen mit geeigneten Werkzeugen.,,,,
Angewandte Informatik (B.Sc.),Hochschule Fulda,AI1046,Visualisierung,9,"Die Studierenden setzten eigenständig und sachgemäß visuelle Darstellungen von Informationen und Daten, mit gängiger Grafiksoftware oder einfachen Programmierungen, um.",,,,
Angewandte Informatik (B.Sc.),Hochschule Fulda,AI1591,Wissenschaftliches Arbeiten am Beispiel der IT-Sicherheit,1,Die Studierenden verstehen den Aufbau wissenschaftlicher Arbeiten und wenden verschiedene Lesetechniken zum Auseinandersetzen mit den Inhalten ausgewählter wissenschaftlicher Arbeiten an,,,,
Angewandte Informatik (B.Sc.),Hochschule Fulda,AI1591,Wissenschaftliches Arbeiten am Beispiel der IT-Sicherheit,2,Die Studierenden kennen wissenschaftliche Evaluationsmethodiken und führen eine Evaluationsmethodik anhand einer selbstgewählten Problemstellung durch,,,,
Angewandte Informatik (B.Sc.),Hochschule Fulda,AI1591,Wissenschaftliches Arbeiten am Beispiel der IT-Sicherheit,3,Die Studierenden erklären die Gütekriterien wissenschaftlicher Arbeit und wenden sie beim Verfassen einer wissenschaftlichen Ausarbeitung an,,,,
Angewandte Informatik (B.Sc.),Hochschule Fulda,AI1591,Wissenschaftliches Arbeiten am Beispiel der IT-Sicherheit,4,Die Studierenden beurteilen die Einhaltung der Gütekriterien wissenschaftlicher Arbeiten anderer Studierenden in Form eines Peer-Reviews,,,,
Angewandte Informatik (B.Sc.),Hochschule Fulda,AI1591,Wissenschaftliches Arbeiten am Beispiel der IT-Sicherheit,5,Die Studierenden präsentieren ihre gewonnen Erkenntnisse,,,,
Angewandte Informatik (B.Sc.),Hochschule Fulda,AI1454,Digitalisierung von Geschäftsprozessen mit Low Code,1,"In diesem Modul wird bevorzugt mit Low-Code Plattformen gearbeitet, deren Ausgangspunkt in dem Geschäftsprozessmodell liegt, so dass die Qualifikationsziele stark durch diese Form der Low-Code Programmierung gegeben sind – die Studierenden kennen den Zusammenhang zwischen dem Geschäftsprozessmodell und der Ausführung dieses Modells.",,,,
Angewandte Informatik (B.Sc.),Hochschule Fulda,AI1454,Digitalisierung von Geschäftsprozessen mit Low Code,2,Die Studierenden können die prinzipiellen konzeptionellen Unterschiede verschiedener Low-Code Programmierformen und deren Bezug zum komponentenbasierten Softwareengineering sowie der agilen Softwareentwicklung darstellen.,,,,
Angewandte Informatik (B.Sc.),Hochschule Fulda,AI1454,Digitalisierung von Geschäftsprozessen mit Low Code,3,Die Studierenden beschreiben den Unterschied zwischen Geschäftsprozess und Workflow.,,,,
Angewandte Informatik (B.Sc.),Hochschule Fulda,AI1454,Digitalisierung von Geschäftsprozessen mit Low Code,4,Die Studierenden erlangen vertiefte Kenntnisse in der Modellierung von Geschäftsprozessen und können so die beim Übergang vom fachlichen Modell zum automatisierten Prozess auftretenden Probleme beschreiben.,,,,
Angewandte Informatik (B.Sc.),Hochschule Fulda,AI1454,Digitalisierung von Geschäftsprozessen mit Low Code,5,Die Studierenden sind mit den Vor- und Nachteilen einer solchen Automatisierung vertraut und können diese nennen und mit Hilfe von Modellen darstellen & implementieren.,,,,
Angewandte Informatik (B.Sc.),Hochschule Fulda,AI1454,Digitalisierung von Geschäftsprozessen mit Low Code,6,"Die Studierenden implementieren typische, kleine komplette Anwendungsfälle – etwa im Prozessmodell, Datenmodell, User-Interface und den Geschäftslogiken und können diese verschiedenen Sichten klar voneinander abgrenzen.",,,,
Angewandte Informatik (B.Sc.),Hochschule Fulda,AI1454,Digitalisierung von Geschäftsprozessen mit Low Code,7,Die Studierenden kennen ein Vorgehensmodell zur Durchführung von Low-Code-Projekten und können ihre in diesem Modul erworbenen technischen Kompetenzen dort einordnen und bei Bedarf auf Plattformen mit einem nicht-prozessorientierten Ansatz übertragen.,,,,
Angewandte Informatik (B.Sc.),Hochschule Fulda,AI1454,Digitalisierung von Geschäftsprozessen mit Low Code,8,Die Studierenden sind in der Lage die Möglichkeiten der Steuerung von externen Anwendungen/ Auslagerungen von Funktionen in externen Anwendungen – speziell via Webtechnologien - einschätzen und für einfache Fälle auch implementieren.,,,,
Angewandte Informatik (M.Sc.),Hochschule Fulda,AI5167,Teamprojekt,1,Die Studierenden bearbeiten eine komplexe Aufgabe im Team mit den modernen Instrumenten des Projektmanagements.,,,,
Angewandte Informatik (M.Sc.),Hochschule Fulda,AI5167,Teamprojekt,2,Die Studierenden setzen die Kenntnisse ihrer Vertiefungsrichtung in einem Anwendungsprojekt um.,,,,
Angewandte Informatik (M.Sc.),Hochschule Fulda,AI5167,Teamprojekt,3,"Die Studierenden sind in der Lage, vertiefende Kenntnisse selbständig zu erwerben.",,,,
Angewandte Informatik (M.Sc.),Hochschule Fulda,AI5017,Masterseminar,1,Die Studierenden vertiefen ein vorgegebenes Thema anhand wissenschaftlicher Literatur.,,,,
Angewandte Informatik (M.Sc.),Hochschule Fulda,AI5017,Masterseminar,2,Die Studierenden wenden gängige Vortrags- und Präsentationstechniken sicher an und können die Inhalte des Themas anschaulich und mit angemessenen Formalismen in definiertem Umfang schriftlich ausarbeiten.,,,,
Angewandte Informatik (M.Sc.),Hochschule Fulda,AI5017,Masterseminar,3,Die Studierenden tragen aktiv an Diskussionen zu einem wissenschaftlichen Vortrag bei.,,,,
Angewandte Informatik (M.Sc.),Hochschule Fulda,AI5016,Research Project,1,Die Studierenden wenden Strategien der wissenschaftlichen Recherche und Einschätzung der Qualität wissenschaftlicher Ergebnisse im Rahmen eines konkreten Forschungszieles an.,,,,
Angewandte Informatik (M.Sc.),Hochschule Fulda,AI5016,Research Project,2,Die Studierenden leiten für eine gegebene Problemstellung wissenschaftlich nachvollziehbar Forschungsfragen oder Hypothesen ab.,,,,
Angewandte Informatik (M.Sc.),Hochschule Fulda,AI5016,Research Project,3,Die Studierenden definieren selbständig ihr Forschungsprojekt.,,,,
Angewandte Informatik (M.Sc.),Hochschule Fulda,AI5016,Research Project,4,Die Studierenden reflektieren und verfassen in eigenen Worten ihren eigenen Arbeitsprozess und Zwischenergebnisse und ziehen daraus korrigierende Schlüsse im Hinblick auf die Erreichung des Forschungszieles.,,,,
Angewandte Informatik (M.Sc.),Hochschule Fulda,AI5016,Research Project,5,"Die Studierenden wählen begründet aus den etablierten Methoden eines Forschungsgebietes diejenigen , zur Erreichung der konkreten Forschungs(teil)ziele geeigneten Methoden, aus und wenden sie an.",,,,
Angewandte Informatik (M.Sc.),Hochschule Fulda,AI5016,Research Project,6,"Die Studierenden können Ergebnisse eigener und fremder Forschungsarbeiten objektiv beschreiben, interpretieren und kritisch hinterfragen.",,,,
Angewandte Informatik (M.Sc.),Hochschule Fulda,AI5020,Abschlussmodul Master Angewandte Informatik,1,"Die Studierenden bearbeiten innerhalb einer vorgegebenen Frist ein Problem aus dem Fachgebiet der Angewandten Informatik selbständig und nach wissenschaftlichen Methoden,",,,,
Angewandte Informatik (M.Sc.),Hochschule Fulda,AI5020,Abschlussmodul Master Angewandte Informatik,2,"Die Studierenden stellen die gewonnenen Ergebnisse verständlich und folgerichtig nach wissenschaftlichen Qualitätsmerkmalen in einer Hausarbeit (Abschlussarbeit) dar,",,,,
Angewandte Informatik (M.Sc.),Hochschule Fulda,AI5020,Abschlussmodul Master Angewandte Informatik,3,"Die Studierenden fassen die Kernpunkte ihrer Hausarbeit (Abschlussarbeit) in einem mündlichen Vortrag verständlich zusammen,",,,,
Angewandte Informatik (M.Sc.),Hochschule Fulda,AI5020,Abschlussmodul Master Angewandte Informatik,4,"Die Studierenden beantworten mündliche, fachliche Rückfragen zu den Inhalten der Hausarbeit (Abschlussarbeit) und damit verwandten Themen verständlich, richtig und in Übereinstimmung mit den schriftlichen Inhalten.",,,,
Angewandte Informatik (M.Sc.),Hochschule Fulda,AI5168,Mathematische Methoden für die Informatik,1,Die Studierenden erklären die Grundbegriffe der Differential- und Integralrechnung.,,,,
Angewandte Informatik (M.Sc.),Hochschule Fulda,AI5168,Mathematische Methoden für die Informatik,2,Die Studierenden beschreiben Anwendungen der Differential- und Integralrechnung.,,,,
Angewandte Informatik (M.Sc.),Hochschule Fulda,AI5168,Mathematische Methoden für die Informatik,3,Die Studierenden erkennen und formulieren Probleme aus verschiedenen Anwendungsbereichen als Optimierungsaufgaben.,,,,
Angewandte Informatik (M.Sc.),Hochschule Fulda,AI5168,Mathematische Methoden für die Informatik,4,Die Studierenden analysieren Funktionen in einer und mehreren Variablen.,,,,
Angewandte Informatik (M.Sc.),Hochschule Fulda,AI5168,Mathematische Methoden für die Informatik,5,Die Studierenden wenden Näherungsverfahren für verschiedene Probleme der Analysis an.,,,,
Angewandte Informatik (M.Sc.),Hochschule Fulda,AI5168,Mathematische Methoden für die Informatik,6,Die Studierenden lösen Aufgaben und erklären ihre eigenen Lösungswege.,,,,
Angewandte Informatik (M.Sc.),Hochschule Fulda,AI5033,Graphen und Netzwerke,1,Die Studierenden erklären die Grundbegriffe der Graphentheorie.,,,,
Angewandte Informatik (M.Sc.),Hochschule Fulda,AI5033,Graphen und Netzwerke,2,Die Studierenden erkennen Eigenschaften von Graphen.,,,,
Angewandte Informatik (M.Sc.),Hochschule Fulda,AI5033,Graphen und Netzwerke,3,Die Studierenden erkennen und formulieren diskrete Probleme aus verschiedenen Anwendungsbereichen als graphentheoretische Probleme.,,,,
Angewandte Informatik (M.Sc.),Hochschule Fulda,AI5033,Graphen und Netzwerke,4,Die Studierenden beschreiben Verfahren zur Lösung von Standardproblemen auf Graphen und Netzwerken und wenden diese an.,,,,
Angewandte Informatik (M.Sc.),Hochschule Fulda,AI5033,Graphen und Netzwerke,5,Die Studierenden begründen die Korrektheit verschiedener graphentheoretischer Verfahren.,,,,
Angewandte Informatik (M.Sc.),Hochschule Fulda,AI5033,Graphen und Netzwerke,6,"Die Studierenden sind in der Lage, Argumentationen im Bereich der Graphentheorie nachzuvollziehen.",,,,
Angewandte Informatik (M.Sc.),Hochschule Fulda,AI5045,Komplexitätstheorie,1,Die Studierenden geben die zentralen Methoden der Komplexitätstheorie wieder.,,,,
Angewandte Informatik (M.Sc.),Hochschule Fulda,AI5045,Komplexitätstheorie,2,"Definieren Berechnungsmodelle, Komplexitätsklassen, Reduktionen, Vollständigkeit",,,,
Angewandte Informatik (M.Sc.),Hochschule Fulda,AI5045,Komplexitätstheorie,3,"Die Studierenden beschreiben weiterführende Konzepte wie Diagonalisierung, die Polynomialhierarchie, Platzkomplexität und Randomisierung.",,,,
Angewandte Informatik (M.Sc.),Hochschule Fulda,AI5022,Advanced Computer Networks,1,"Die Studierenden beschreiben die Anforderungen von fehlertoleranten, leistungsfähigen und skalierbaren IT-Services an Computernetzwerken.",,,,
Angewandte Informatik (M.Sc.),Hochschule Fulda,AI5022,Advanced Computer Networks,2,"Die Studierenden benennen Lösungen für Performance, Fehlertoleranz und Skalierbarkeit in Netzen von Unternehmen, Rechenzentren sowie Network und Internet Service Providern.",,,,
Angewandte Informatik (M.Sc.),Hochschule Fulda,AI5022,Advanced Computer Networks,3,Die Studierenden bewerten den aktuellen Stand der Forschung in diesem Bereich und,,,,
Angewandte Informatik (M.Sc.),Hochschule Fulda,AI5022,Advanced Computer Networks,4,Die Studierenden analysieren Anforderungen an aktuelle Netze und setzen geeignete Konzepte aus dem aktuellen Stand von Forschung und Technik für deren Planung ein.,,,,
Angewandte Informatik (M.Sc.),Hochschule Fulda,AI5022,Advanced Computer Networks,5,Die Studierenden setzen Konzepte für die Leistungsfähigkeit aktueller Netze bei der Realisierung eigener Dienste und Anwendungen ein und bewerten diese.,,,,
Angewandte Informatik (M.Sc.),Hochschule Fulda,AI5022,Advanced Computer Networks,6,"Die Studierenden setzen Netz-Virtualisierung und Werkzeuge für die Netz-Automatisierung und –Programmierbarkeit ein und steigern damit die Performance, Fehlertoleranz und Skalierbarkeit von Netzen und darin betriebenen Anwendungen.",,,,
Angewandte Informatik (M.Sc.),Hochschule Fulda,AI5022,Advanced Computer Networks,7,Die Studierenden kennen fortgeschrittene Werkzeuge für die Analyse der Netz-Performance sowie -Simulation und Emulation und bilden damit Fragestellungen aus aktuellen Papern und Forschungsansätzen im Team fachgerecht nach.,,,,
Angewandte Informatik (M.Sc.),Hochschule Fulda,AI5022,Advanced Computer Networks,8,Die Studierenden bewerten den aktuellen Stand der Forschung in diesem Bereich und,,,,
Angewandte Informatik (M.Sc.),Hochschule Fulda,AI5022,Advanced Computer Networks,9,Die Studierenden wirken aktiv an der angewandten Forschung im Bereich der Computernetzwerke mit.,,,,
Angewandte Informatik (M.Sc.),Hochschule Fulda,AI5029,Cloud Computing,1,"Die Studierenden benennen die Grundlagen von Cloud Services, erforderlichen Virtualisierungslösungen und deren Bereitstellung.",,,,
Angewandte Informatik (M.Sc.),Hochschule Fulda,AI5029,Cloud Computing,2,Die Studierenden benutzen fachgerecht die Terminologie und zugehörige Modelle des Cloud Computing bei der Realisierung von Internet-Diensten.,,,,
Angewandte Informatik (M.Sc.),Hochschule Fulda,AI5029,Cloud Computing,3,Die Studierenden beschreiben die Charakteristika des Cloud Computing und zugehöriger IT-Infrastruktur anhand von gegebenen Beispielen.,,,,
Angewandte Informatik (M.Sc.),Hochschule Fulda,AI5029,Cloud Computing,4,Die Studierenden können gegebene Anforderungen bei der Realisierung Cloud-nativer Dienste fachgerecht anwenden.,,,,
Angewandte Informatik (M.Sc.),Hochschule Fulda,AI5029,Cloud Computing,5,"Die Studierenden beurteilen Cloud-basierte Services vor dem Hintergrund der flexiblen Bereitstellung, Skalierbarkeit, Sicherheit und des Datenschutzes.",,,,
Angewandte Informatik (M.Sc.),Hochschule Fulda,AI5029,Cloud Computing,6,Die Studierenden analysieren die Kosten für den Einsatz von Cloud Services in eigenen Projekten und,,,,
Angewandte Informatik (M.Sc.),Hochschule Fulda,AI5029,Cloud Computing,7,Die Studierenden entwerfen geeignete IT-Sourcing Modelle.,,,,
Angewandte Informatik (M.Sc.),Hochschule Fulda,AI5029,Cloud Computing,8,Die Studierenden bewerten den aktuellen Stand der Forschung in diesem Bereich und,,,,
Angewandte Informatik (M.Sc.),Hochschule Fulda,AI5029,Cloud Computing,9,Die Studierenden wirken aktiv an der angewandten Forschung im Bereich Cloud Computing mit.,,,,
Angewandte Informatik (M.Sc.),Hochschule Fulda,AI5049,Network Management and Monitoring,1,Die Studierenden benennen theoretische Grundlagen und Standard-Techniken des Netzwerkmanagements.,,,,
Angewandte Informatik (M.Sc.),Hochschule Fulda,AI5049,Network Management and Monitoring,2,Die Studierenden wenden fachspezifische Protokolle und Standard-Werkzeuge für das Management und Monitoring in Netzen und IT-Infrastrukturen an.,,,,
Angewandte Informatik (M.Sc.),Hochschule Fulda,AI5049,Network Management and Monitoring,3,"Die Studierenden analysieren Management-, Monitoring- und Telemetrie-Daten mit Hilfe von Aggregation, Korrelation, Filtern und Prädiktion.",,,,
Angewandte Informatik (M.Sc.),Hochschule Fulda,AI5049,Network Management and Monitoring,4,Die Studierenden kombinieren die Analyse mit Ansätzen im Machine Learning z.B. für ein Forecasting oder adaptives Traffic Management.,,,,
Angewandte Informatik (M.Sc.),Hochschule Fulda,AI5049,Network Management and Monitoring,5,Die Studierenden bewerten und vergleichen aktuelle Lösungen aus der Wissenschaft und Wirtschaft.,,,,
Angewandte Informatik (M.Sc.),Hochschule Fulda,AI5049,Network Management and Monitoring,6,Die Studierenden erarbeiten im Peer-Review in Teams eigene wissenschaftliche Beiträge und Projekte im Umfeld des Netzwerk-Management und -Monitoring.,,,,
Angewandte Informatik (M.Sc.),Hochschule Fulda,AI5049,Network Management and Monitoring,7,"Die Studierenden wenden aktuelle Verfahren für die Automatisierung, Orchestrierung und Programmierbarkeit von Netzen in Laborversuchen und eigenen Projekten an.",,,,
Angewandte Informatik (M.Sc.),Hochschule Fulda,AI5049,Network Management and Monitoring,8,Die Studierenden setzen Werkzeuge für das Netzwerk-Management und -Monitoring sowie zugehörige Plattformen in Netz- und IT-Infrastrukturen ein.,,,,
Angewandte Informatik (M.Sc.),Hochschule Fulda,AI5050,Computerarithmetik,1,Die Studierenden beurteilen den Aufbau arithmetischer Einheiten moderner Computer.,,,,
Angewandte Informatik (M.Sc.),Hochschule Fulda,AI5050,Computerarithmetik,2,Die Studierenden wenden unterschiedliche Darstellungen von Zahlen auf Computern an.,,,,
Angewandte Informatik (M.Sc.),Hochschule Fulda,AI5050,Computerarithmetik,3,Die Studierenden wenden Verfahren zum Entwurf arithmetischer Einheiten für Grundrechenarten sowie elementarer Funktionen an.,,,,
Angewandte Informatik (M.Sc.),Hochschule Fulda,AI5050,Computerarithmetik,4,Die Studierenden analysieren Vor- und Nachteile arithmetischer Einheiten bezüglich Komplexität und Laufzeit.,,,,
Angewandte Informatik (M.Sc.),Hochschule Fulda,AI5050,Computerarithmetik,5,Die Studierenden erklären die Unterschiede verschiedener Zielplattformen wie z.B. ASICs oder FPGAs,,,,
Angewandte Informatik (M.Sc.),Hochschule Fulda,AI5169,Sichere Softwareentwicklung,1,Die Studierenden erklären Methoden zur Entwicklung sicherer Software,,,,
Angewandte Informatik (M.Sc.),Hochschule Fulda,AI5169,Sichere Softwareentwicklung,2,Die Studierenden erklären und wenden Bedrohungs- und Risikoanalysen an,,,,
Angewandte Informatik (M.Sc.),Hochschule Fulda,AI5169,Sichere Softwareentwicklung,3,Die Studierenden erklären sicherheits-kritische Softwarefehler und analysieren die Kritikalität von Softwarefehlern in gegebenen Kontexten,,,,
Angewandte Informatik (M.Sc.),Hochschule Fulda,AI5169,Sichere Softwareentwicklung,4,Die Studierenden erklären und wenden Verfahren zur statischen und dynamischen Codeanalyse an,,,,
Angewandte Informatik (M.Sc.),Hochschule Fulda,AI5169,Sichere Softwareentwicklung,5,Die Studierenden benennen kryptographische Verfahren und benutzen diese in passenden Problemstellungen,,,,
Angewandte Informatik (M.Sc.),Hochschule Fulda,AI5169,Sichere Softwareentwicklung,6,Die Studierenden beschreiben Verfahren zum sicheren Umgang mit Software zu verschiedenen Phasen des Softwarelebenszyklus,,,,
Angewandte Informatik (M.Sc.),Hochschule Fulda,AI5169,Sichere Softwareentwicklung,7,"Die Studierenden erstellen in Gruppen Softwarelösungen zu gegebenen Problemstellungen, wenden die Analysemethoden an und leiten Maßnahmen zum Beheben der Sicherheitslücken ab",,,,
Angewandte Informatik (M.Sc.),Hochschule Fulda,AI5123,Speichersysteme,1,"In der Veranstaltung ""Speichersysteme"" werden verschiedene Möglichkeiten betrachtet, wie Daten persistent gespeichert werden können.",,,,
Angewandte Informatik (M.Sc.),Hochschule Fulda,AI5123,Speichersysteme,2,"Dazu werden unterschiedliche Speichermedien, Algorithmen und Systeme betrachtet.",,,,
Angewandte Informatik (M.Sc.),Hochschule Fulda,AI5123,Speichersysteme,3,Die Studierenden benennen Einsatzgebiete und Einschränkungen von verschiedenen Speichersysteme.,,,,
Angewandte Informatik (M.Sc.),Hochschule Fulda,AI5123,Speichersysteme,4,Die Studierenden erklären die Konfiguration verschiedener Dateisysteme und,,,,
Angewandte Informatik (M.Sc.),Hochschule Fulda,AI5123,Speichersysteme,5,Die Studierenden führen neue Konfigurationen durch,,,,
Angewandte Informatik (M.Sc.),Hochschule Fulda,AI5123,Speichersysteme,6,Die Studierenden entwickeln eigene (special-purpose) Dateisysteme.,,,,
Angewandte Informatik (M.Sc.),Hochschule Fulda,AI5123,Speichersysteme,7,Die Studierenden speichern und verwalten Daten auf unterschiedliche Weisen,,,,
Angewandte Informatik (M.Sc.),Hochschule Fulda,AI5025,Big Data Technologies,1,weitergehende Funktionen relationaler Datenbanken anzugeben und zu beschreiben.,,,,
Angewandte Informatik (M.Sc.),Hochschule Fulda,AI5025,Big Data Technologies,2,die inhärenten Restriktionen etablierter relationaler Datenbanksysteme darzustellen und zu beschreiben.,,,,
Angewandte Informatik (M.Sc.),Hochschule Fulda,AI5025,Big Data Technologies,3,darüberhinausgehende Anwendungen und Use Cases an einzelnen Beispielen zu bearbeiten und architektonische Ansätze aus den Big Data Use Cases abzuleiten.,,,,
Angewandte Informatik (M.Sc.),Hochschule Fulda,AI5025,Big Data Technologies,4,die grundlegenden Komponenten von Hadoop und MapReduce hands-on zu unterscheiden und anzuwenden.,,,,
Angewandte Informatik (M.Sc.),Hochschule Fulda,AI5025,Big Data Technologies,5,BigData / noSQL Use Cases zu beurteilen und zu evaluieren.,,,,
Angewandte Informatik (M.Sc.),Hochschule Fulda,AI5025,Big Data Technologies,6,die Herausforderungen der Administration von Big Data Lösungen anzugeben.,,,,
Angewandte Informatik (M.Sc.),Hochschule Fulda,AI5025,Big Data Technologies,7,neuere und weitere Ansätze im Bereich Big Data zu beschreiben und diskutieren,,,,
Angewandte Informatik (M.Sc.),Hochschule Fulda,AI5036,Building Web and Mobile Apps,1,"Die Studierenden entwickeln für aktuelle Problemstellungen Lösungskonzepte mit Anwendungsarchitektur, Datenmodell, Komponenten-Kommunikation und Sicherheitsvorkehrungen als mobile und/oder Web-Anwendung und können die zugrundeliegenden Entscheidungen begründen.",,,,
Angewandte Informatik (M.Sc.),Hochschule Fulda,AI5036,Building Web and Mobile Apps,2,Die Studierenden setzen mit plattformübergreifenden Werkzeugen und Frameworks moderne mobile und webbasierte Anwendungen prototypisch um.,,,,
Angewandte Informatik (M.Sc.),Hochschule Fulda,AI5036,Building Web and Mobile Apps,3,Die Studierenden benennen die Vor- und Nachteile der verschiedenen technischen Ansätze von nativer Entwicklung für jede Zielplattform bis hin zu ausschließlicher Nutzung von Web-Technologien und berücksichtigen sowie begründen diese für gegebene Anwendungsszenarien.,,,,
Angewandte Informatik (M.Sc.),Hochschule Fulda,AI5036,Building Web and Mobile Apps,4,Die Studierenden dokumentieren den Entwicklungsprozess inklusive Reflexion anhand vorgegebener Rahmenbedingungen sachlich und unter Nutzung von Quellennachweisen.,,,,
Angewandte Informatik (M.Sc.),Hochschule Fulda,AI5036,Building Web and Mobile Apps,5,"Die Studierenden berücksichtigen Richtlinien für die Teamarbeit und reagieren wertschätzend und konstruktiv auf auftretende Herausforderungen der Zusammenarbeit und Aufgabenverteilung im Team (optional, nur wenn in Teams gearbeitet wird).",,,,
Angewandte Informatik (M.Sc.),Hochschule Fulda,AI5026,Computer Graphics,1,Die Studierenden erläutern komplexe Algorithmen der 2D- / 3D-Computergrafik und können diese realisieren.,,,,
Angewandte Informatik (M.Sc.),Hochschule Fulda,AI5026,Computer Graphics,2,Die Studierenden diskutieren die Problemstellungen und Lösungsansätze der 3D-Computergrafik.,,,,
Angewandte Informatik (M.Sc.),Hochschule Fulda,AI5026,Computer Graphics,3,"Die Studierenden erklären die Technologien, Algorithmen und Methoden der virtuellen Realität, deren Datenschnittstellen und Interaktionstechniken und erproben diese bereits in der Praxis.",,,,
Angewandte Informatik (M.Sc.),Hochschule Fulda,AI5026,Computer Graphics,4,Die Studierenden erproben Präsentationskompetenzen im Rahmen von kleinen Vorträgen.,,,,
Angewandte Informatik (M.Sc.),Hochschule Fulda,AI5026,Computer Graphics,5,Die Studierenden setzen sich mit englischsprachiger Originalliteratur auseinander und schulen ihre Englisch- und Lesekompetenz gleichermaßen.,,,,
Angewandte Informatik (M.Sc.),Hochschule Fulda,AI5109,Distributed Applications,1,Die Studierenden benennen Standard-Plattformen für verteilte Softwaresysteme insb.,,,,
Angewandte Informatik (M.Sc.),Hochschule Fulda,AI5109,Distributed Applications,2,Verteilte Webanwendungen.,,,,
Angewandte Informatik (M.Sc.),Hochschule Fulda,AI5109,Distributed Applications,3,"Die Studierenden benennen grundlegende Anwendungsarchitekturen und analysieren die Anforderungen komplexer verteilter Systeme und die damit verbundene Rolle von Ansätzen wie z.B. Middleware, Microservices, SOA und EAI.",,,,
Angewandte Informatik (M.Sc.),Hochschule Fulda,AI5109,Distributed Applications,4,"Die Studierenden realisieren fachgerecht eigenständige verteilte Anwendungen unter Verwendung verschiedener Techniken und Programmiersprachen, insb. zur serverseitigen Entwicklung.",,,,
Angewandte Informatik (M.Sc.),Hochschule Fulda,AI5031,Machine Learning,1,Die Studierenden schildern die mathematischen und konzeptuellen Grundlagen der statistischen Theorie des Lernens.,,,,
Angewandte Informatik (M.Sc.),Hochschule Fulda,AI5031,Machine Learning,2,Die Studierenden beschreiben mehrere gängige Lernalgorithmen und setzen diese in der Praxis (anhand geeigneter Standardbibliotheken) ein.,,,,
Angewandte Informatik (M.Sc.),Hochschule Fulda,AI5031,Machine Learning,3,"Die Studierenden benennen die Herausforderungen, welche sich in der Praxis der Objekt-und Mustererkennung ergeben, erläutern die wichtigsten Lösungsansätze und wenden diese Ansätze zur Lösung gegebener Aufgabenstellungen an.",,,,
Angewandte Informatik (M.Sc.),Hochschule Fulda,AI5031,Machine Learning,4,Die Studierenden verstehen aktuelle wissenschaftliche Entwicklungen und Anwendungen im Bereich des Deep Learning.,,,,
Angewandte Informatik (M.Sc.),Hochschule Fulda,AI5085,Parallel Programming,1,"Die Studierenden benennen die Techniken zur Programmierung paralleler Abläufe auf Multicore- / Multiprozessorsystemen sowie in heterogenen, verteilten Systemen.",,,,
Angewandte Informatik (M.Sc.),Hochschule Fulda,AI5085,Parallel Programming,2,Die Studierenden erarbeiten selbstständig Lösungen für vorgegebene Problemstellungen.,,,,
Angewandte Informatik (M.Sc.),Hochschule Fulda,AI5085,Parallel Programming,3,Die Studierenden implementieren Anwendungen in der Programmiersprache C unter Linux. entwickeln parallele Programme mit OpenMP und MPI.,,,,
Angewandte Informatik (M.Sc.),Hochschule Fulda,AI5086,Test Oriented Development,1,Die Studierenden definieren und unterscheiden Fachbegriffe der Test-orientierten Entwicklung nach internationalen Standards.,,,,
Angewandte Informatik (M.Sc.),Hochschule Fulda,AI5086,Test Oriented Development,2,"Die Studierenden benutzen fachgerecht die behandelten Testfallentwicklungs- und Testmanagement-Konzepte, erkennen diese in gegebenen Beispielen und können darin fehlerhafte Anwendungen analysieren und benennen.",,,,
Angewandte Informatik (M.Sc.),Hochschule Fulda,AI5086,Test Oriented Development,3,"Die Studierenden analysieren gegebene Problemstellungen der Softwarequalität auf im Softwarelebenszyklus relevante Bestandteile, leiten daraus Lösungen ab und setzen diese als Teststrategie um.",,,,
Angewandte Informatik (M.Sc.),Hochschule Fulda,AI5086,Test Oriented Development,4,Die Studierenden erklären die Funktionsweise ihrer eigenen Lösungen und argumentieren dabei die zugrundeliegenden Entscheidungen bei alternativen Lösungswegen.,,,,
Angewandte Informatik (M.Sc.),Hochschule Fulda,AI5086,Test Oriented Development,5,"Die Studierenden erstellen in Gruppen Lösungen zu gegebenen Problemstellungen, bringen sich aktiv in die Lösungsentwicklung ein und strukturieren die kollaborative Zusammenarbeit selbst.",,,,
Angewandte Informatik (M.Sc.),Hochschule Fulda,AI5163,3D Bildverarbeitung für mobile Roboter,1,Die Studierenden berechnen aus den Daten einer oder mehrerer Kameras dreidimensionale Daten zur Steuerung mobiler Roboter.,,,,
Angewandte Informatik (M.Sc.),Hochschule Fulda,AI5163,3D Bildverarbeitung für mobile Roboter,2,"Die Studierenden kalibrieren Kameras mittels OpenCV, entzerren die aufgenommenen Bilder und verarbeiten sie weiter.",,,,
Angewandte Informatik (M.Sc.),Hochschule Fulda,AI5163,3D Bildverarbeitung für mobile Roboter,3,Die Studierenden erklären die mathematischen Grundlagen des Lochkameramodells und benennen weitere Modelle und deren Modelparameter.,,,,
Angewandte Informatik (M.Sc.),Hochschule Fulda,AI5163,3D Bildverarbeitung für mobile Roboter,4,Die Studierenden erzeugen durch die Anwendung von einfachen Kantenfiltern und Liniendetektoren Steuersignale für mobile Roboter in Echtzeit und realisieren dadurch einfache Line- und Lane-Following-Algorithmen in ROS.,,,,
Angewandte Informatik (M.Sc.),Hochschule Fulda,AI5163,3D Bildverarbeitung für mobile Roboter,5,Die Studierenden beschreiben die grundlegenden geometrischen Modelle von Stereo-Systemen und die daraus resultierenden Limitierungen bzgl.,,,,
Angewandte Informatik (M.Sc.),Hochschule Fulda,AI5163,3D Bildverarbeitung für mobile Roboter,6,Tiefenauflösung und Punktdichte.,,,,
Angewandte Informatik (M.Sc.),Hochschule Fulda,AI5163,3D Bildverarbeitung für mobile Roboter,7,Sie verwenden diese Modelle zur Berechnung von 3D-Informationen.,,,,
Angewandte Informatik (M.Sc.),Hochschule Fulda,AI5163,3D Bildverarbeitung für mobile Roboter,8,Die Studierenden bauen ein Stereosystem selbstständig auf und beurteilen dessen Leistung.,,,,
Angewandte Informatik (M.Sc.),Hochschule Fulda,AI5163,3D Bildverarbeitung für mobile Roboter,9,"Die Studierenden berechnen mit Hilfe von Visual-SLAM-Algorithmen 3D-Karten aus Kameradaten und nutzen diese, um mobile Roboter zu lokalisieren.",,,,
Angewandte Informatik (M.Sc.),Hochschule Fulda,AI5122,Advanced Big Data,1,die inhärenten Restriktionen etablierter relationaler Datenbanksysteme zu illustrieren.,,,,
Angewandte Informatik (M.Sc.),Hochschule Fulda,AI5122,Advanced Big Data,2,darüberhinausgehende Anwendungen und Use Cases an einzelnen Beispielen genauer zu bearbeiten und architektonische Ansätze aus den Big Data Use Cases abzuleiten.,,,,
Angewandte Informatik (M.Sc.),Hochschule Fulda,AI5122,Advanced Big Data,3,die grundlegenden Komponenten des erweiterten Hadoop Ecosystem hands-on zu unterscheiden und anzuwenden.,,,,
Angewandte Informatik (M.Sc.),Hochschule Fulda,AI5122,Advanced Big Data,4,Big Data / noSQL Use Cases im erweiterten Hadoop Ecosystem zu beurteilen und zu evaluieren.,,,,
Angewandte Informatik (M.Sc.),Hochschule Fulda,AI5122,Advanced Big Data,5,die Herausforderungen der Administration von Big Data Lösungen im erweiterten Ecosystem anzugeben.,,,,
Angewandte Informatik (M.Sc.),Hochschule Fulda,AI5122,Advanced Big Data,6,insbesondere neuere und weitere Ansätze im Bereich Big Data zu werten und klassifizieren.,,,,
Angewandte Informatik (M.Sc.),Hochschule Fulda,AI5037,Agentenbasierte Modellierung und Simulation,1,Die Studierenden haben einen Einblick in das Themenfeld der agentenbasierten Modellbildung und Simulation.,,,,
Angewandte Informatik (M.Sc.),Hochschule Fulda,AI5037,Agentenbasierte Modellierung und Simulation,2,"Die Studierenden erstellen agentenbasierte Modelle , führen Simulationsexperimente durch und analysieren die entstehenden Ergebnisse.",,,,
Angewandte Informatik (M.Sc.),Hochschule Fulda,AI5037,Agentenbasierte Modellierung und Simulation,3,"Dies umfasst die Replikation bestehender Modelle als auch die Erstellung, Validierung und Verifikation neuer Modelle.",,,,
Angewandte Informatik (M.Sc.),Hochschule Fulda,AI5037,Agentenbasierte Modellierung und Simulation,4,"Die Studierenden zählen aktuelle Erkenntnisse aus der Wissenschaft auf, schätzen deren Bedeutung ein und knüpfen mit einem eigenen Beitrag daran an.",,,,
Angewandte Informatik (M.Sc.),Hochschule Fulda,AI5037,Agentenbasierte Modellierung und Simulation,5,Dies schließt insbesondere die Auswahl und die Bewertung geeigneter Literatur sowie die schriftliche Zusammenfassung und Präsentation der Ergebnisse mit ein.,,,,
Angewandte Informatik (M.Sc.),Hochschule Fulda,AI6001,Aktuelles Thema der Angewandten Informatik (Master),1,Die Studierenden diskutieren vertiefend zentrale Inhalte aktueller wissenschaftlicher und praxisnaher Problemstellungen der Angewandten Informatik.,,,,
Angewandte Informatik (M.Sc.),Hochschule Fulda,AI6001,Aktuelles Thema der Angewandten Informatik (Master),2,Die Studierenden vergleichen und bewerten aktuelle wissenschaftliche Veröffentlichungen beziehungsweise Entwicklungen in der Industrie im Bezug zur fokussierten Problemstellung.,,,,
Angewandte Informatik (M.Sc.),Hochschule Fulda,AI6001,Aktuelles Thema der Angewandten Informatik (Master),3,Die Studierenden wenden die gewonnenen Erkenntnisse im Rahmen von praktischen Aufgaben passend zum aktuellen (Teil-)problem fachgerecht an.,,,,
Angewandte Informatik (M.Sc.),Hochschule Fulda,AI5038,Advanced Multimedia Communications,1,Die Studierenden benennen die technischen Grundlagen für die Realisierung fortgeschrittener Echtzeitkommunikation über IP- und Web-Dienste.,,,,
Angewandte Informatik (M.Sc.),Hochschule Fulda,AI5038,Advanced Multimedia Communications,2,Die Studierenden benennen die Anforderungen und Herausforderungen für multimediale Kommunikation über aktuelle und zukünftige Netzinfrastrukturen und können diese fachgerecht umsetzen.,,,,
Angewandte Informatik (M.Sc.),Hochschule Fulda,AI5038,Advanced Multimedia Communications,3,Die Studierenden realisieren basierend auf dem aktuellen Stand von Forschung und Technik eigene multimediale Dienste im Team und tragen zu deren Weiterentwicklung bei.,,,,
Angewandte Informatik (M.Sc.),Hochschule Fulda,AI5038,Advanced Multimedia Communications,4,Die Studierenden analysieren Echtzeit-Kommunikationsdienste über das Internet neben deren Leistungsfähigkeit auch auf die Aspekte der Sicherheit.,,,,
Angewandte Informatik (M.Sc.),Hochschule Fulda,AI5038,Advanced Multimedia Communications,5,Die Studierenden präsentieren und dokumentieren die eigenständig entwickelten Echtzeit-Kommunikationsdienste und diskutieren deren Bezug zum aktuellen Stand von Forschung und Technik.,,,,
Angewandte Informatik (M.Sc.),Hochschule Fulda,AI5104,Angewandte Designtheorie,1,"Die Studierenden beschreiben differenziert wichtige Inhalte (Texte, Schriften, Bücher) und theoretische Hintergründe zu ausgesuchten Themenbereichen der Designtheorie.",,,,
Angewandte Informatik (M.Sc.),Hochschule Fulda,AI5104,Angewandte Designtheorie,2,"Ein Schwerpunkt sind Ansätze, die sich interdisziplinär auf Design, mit Bezug zu informationstechnischen Fragestellungen, beziehen.",,,,
Angewandte Informatik (M.Sc.),Hochschule Fulda,AI5104,Angewandte Designtheorie,3,Die Studierenden unterscheiden und analysieren unterschiedliche Perspektiven und Konzepte und vertreten Auseinandersetzungen in Wort und Schrift.,,,,
Angewandte Informatik (M.Sc.),Hochschule Fulda,AI5104,Angewandte Designtheorie,4,"Die Studierenden arbeiten wissenschaftlich mit Texten, diskutieren diese und erstellen eigene Texte.",,,,
Angewandte Informatik (M.Sc.),Hochschule Fulda,AI5104,Angewandte Designtheorie,5,Dieser Kompetenzerwerb dient im Hinblick auf die Masterarbeit und der wissenschaftlichen Diskussion.,,,,
Angewandte Informatik (M.Sc.),Hochschule Fulda,AI5104,Angewandte Designtheorie,6,Die Studierenden überführen in Praktika exemplarisch Elemente aus der Theorie in die Design-Praxis .,,,,
Angewandte Informatik (M.Sc.),Hochschule Fulda,AI5104,Angewandte Designtheorie,7,Die Studierenden wenden die erworbenen Kenntnisse in der Gestaltung bzw. Programmierung einer eigenen kreativen Arbeit an.,,,,
Angewandte Informatik (M.Sc.),Hochschule Fulda,AI5030,Businessanwendungen,1,Die Studierenden beschreiben typische Anwendungsarchitekturen moderner Unternehmen.,,,,
Angewandte Informatik (M.Sc.),Hochschule Fulda,AI5030,Businessanwendungen,2,"Die Studierenden stellen dar, welche Rolle Unternehmensanwendungen in verschiedenen Industrien besitzen, wie Geschäftsprozesse in diesen Anwendungen abgebildet werden können und wie Systemlandschaften zur Abbildung dieser Prozesse strukturiert sind.",,,,
Angewandte Informatik (M.Sc.),Hochschule Fulda,AI5030,Businessanwendungen,3,Die Studierenden bilden ausgewählte Geschäftsprozesse in Anwendungssystemen ab und bewerten diese kritisch.,,,,
Angewandte Informatik (M.Sc.),Hochschule Fulda,AI5030,Businessanwendungen,4,"Die Studierenden verstehen die wichtigsten architektonischen Aspekte der verschiedenen Anwendungssysteme und können diese kritisch beurteilen – auch neuerer Konzepte, wie “in Memory DBs”.",,,,
Angewandte Informatik (M.Sc.),Hochschule Fulda,AI5030,Businessanwendungen,5,"Die Studierenden erläutern die Auswirkung aktueller DB-Technologien, wie “in-Memory-DB“ und können diese anhand von Beispielen nachvollziehen/implementieren (je nach Verfügbarkeit entsprechender Systeme).",,,,
Angewandte Informatik (M.Sc.),Hochschule Fulda,AI5030,Businessanwendungen,6,Die Studierenden benennen verschiedene Arten der kundenspezifischen Erweiterung.,,,,
Angewandte Informatik (M.Sc.),Hochschule Fulda,AI5030,Businessanwendungen,7,Die Studierenden implementieren ausgewählte Arten der Erweiterung und bewerten die Implementierung kritisch – die Auswahl richtet sich nach Verfügbarkeit von System und auch Interesse der jeweiligen Kohorte.,,,,
Angewandte Informatik (M.Sc.),Hochschule Fulda,AI5170,Data Visualization,1,Die Studierenden erstellen Visualisierungen vorhandener Daten auf verständliche Weise anhand gegebener Kriterien unter Berücksichtigung der Wahrnehmungstheorien.,,,,
Angewandte Informatik (M.Sc.),Hochschule Fulda,AI5170,Data Visualization,2,Die Studierenden wählen die passenden Visualisierungsformen auf Basis des Daten- und Informationsdesigns für gegebene Daten aus und begründen diese in eigenen Worten.,,,,
Angewandte Informatik (M.Sc.),Hochschule Fulda,AI5170,Data Visualization,3,Die Studierenden setzen vorhandene Datenvisualisierungs-Tools zur Umsetzung eines Visualisierungskonzeptes fachgerecht und effizient ein.,,,,
Angewandte Informatik (M.Sc.),Hochschule Fulda,AI5170,Data Visualization,4,"Die Studierenden erstellen interaktive Visualisierungen, so dass für verschiedene gegebene Informationsbedürfnisse die Visualisierung beeinflusst werden kann.",,,,
Angewandte Informatik (M.Sc.),Hochschule Fulda,AI5121,Datenanalyse in Businessanwendungen,1,"Die Studierenden benennen konkrete Methoden der Datenanalyse sowie allgemein quantitative Methoden innerhalb von Business-Anwendungen; in erster Linie die analytischen Anteile von vertikal integrierten Business-Anwendungen, wie Supply-Chain-Management-Anwendungen sowie Customer-RelationshipAnwendungen.",,,,
Angewandte Informatik (M.Sc.),Hochschule Fulda,AI5121,Datenanalyse in Businessanwendungen,2,"Die Studierenden verstehen Algorithmen zur Datenanalyse aus dem Bereich des SCM und CRM und setzen sie in Business-Anwendungen um, sie beurteilen deren Auswirkung auf die operativen Komponenten der Anwendungssysteme; im Falle der Datenanalyse sind dies in erster Linie Algorithmen zur Zeitreihenanalyse mit verschiedensten Modellen, Algorithmen zur Korrelationsanalyse im SCM bzw. der Analyse von Kundensedimenten, Kundengruppen sowie Kundenverhalten im Falle des CRM.",,,,
Angewandte Informatik (M.Sc.),Hochschule Fulda,AI5121,Datenanalyse in Businessanwendungen,3,"Die Studierenden erläutern die Ergebnisse einer modellgetriebenen Arbeitsweise, die auf quantitativen Modellen basiert, setzen diese um und beurteilen deren Bezug zur operativen betrieblichen Anwendung.",,,,
Angewandte Informatik (M.Sc.),Hochschule Fulda,AI5121,Datenanalyse in Businessanwendungen,4,Dies beinhaltet auch ein Verständnis der zugrundeliegenden Algorithmen sowie der Auswirkung der verschiedenen Parametrisierungen des Modells – insbesondere im Fall einer Supply-Netz sowie Transportoptimierung.,,,,
Angewandte Informatik (M.Sc.),Hochschule Fulda,AI5121,Datenanalyse in Businessanwendungen,5,Die Studierenden leiten spezielle Fragestellungen des SCM/CRM in diesem Zusammenhang durch Literaturrecherchen neuerer Forschungsbeiträge her.,,,,
Angewandte Informatik (M.Sc.),Hochschule Fulda,AI5171,Fortgeschrittenes Wissenschaftliches Arbeiten,1,Die Studierenden benennen den Prozess von der Bearbeitung einer wissenschaftlichen Problemstellung bis zur Publikation,,,,
Angewandte Informatik (M.Sc.),Hochschule Fulda,AI5171,Fortgeschrittenes Wissenschaftliches Arbeiten,2,Die Studierenden wenden verschiedene Methoden zur Aufbereitung und Darstellung von Daten an,,,,
Angewandte Informatik (M.Sc.),Hochschule Fulda,AI5171,Fortgeschrittenes Wissenschaftliches Arbeiten,3,Die Studierenden benennen den Aufbau von wissenschaftlichen Arbeiten,,,,
Angewandte Informatik (M.Sc.),Hochschule Fulda,AI5171,Fortgeschrittenes Wissenschaftliches Arbeiten,4,Die Studierenden führen Literaturrecherchen durch und beurteilen Literaturstellen,,,,
Angewandte Informatik (M.Sc.),Hochschule Fulda,AI5171,Fortgeschrittenes Wissenschaftliches Arbeiten,5,Die Studierenden erstellen wissenschaftliche Arbeiten,,,,
Angewandte Informatik (M.Sc.),Hochschule Fulda,AI5171,Fortgeschrittenes Wissenschaftliches Arbeiten,6,Die Studierenden skizzieren den Ablauf von Peer-Review Prozessen,,,,
Angewandte Informatik (M.Sc.),Hochschule Fulda,AI5171,Fortgeschrittenes Wissenschaftliches Arbeiten,7,Die Studierenden erstellen wissenschaftliche Gutachten,,,,
Angewandte Informatik (M.Sc.),Hochschule Fulda,AI5171,Fortgeschrittenes Wissenschaftliches Arbeiten,8,Die Studierenden führen Präsentationen durch,,,,
Angewandte Informatik (M.Sc.),Hochschule Fulda,AI5171,Fortgeschrittenes Wissenschaftliches Arbeiten,9,Die Studierenden erklären Methoden der Teamarbeit,,,,
Angewandte Informatik (M.Sc.),Hochschule Fulda,AI5032,Preparation and Analysis of Data,1,Die Studierenden grenzen Probleme und Methoden aus dem Bereich der Vorbereitung und Analyse von Daten voneinander ab.,,,,
Angewandte Informatik (M.Sc.),Hochschule Fulda,AI5032,Preparation and Analysis of Data,2,Die Studierenden wenden die grundlegenden theoretischen Erkenntnisse praktisch an.,,,,
Angewandte Informatik (M.Sc.),Hochschule Fulda,AI5032,Preparation and Analysis of Data,3,Dazu gehört die Auswahl und praktische Anwendung sinnvoller Methoden.,,,,
Angewandte Informatik (M.Sc.),Hochschule Fulda,AI5032,Preparation and Analysis of Data,4,"Die Studierenden geben verschiedene, aktuelle Anwendungsbeispiele in unterschiedlichen Anwendungsdomänen wieder.",,,,
Angewandte Informatik (M.Sc.),Hochschule Fulda,AI5032,Preparation and Analysis of Data,5,Die Studierenden wenden neue wissenschaftliche Erkenntnisse selbständig in einem praktischen Kontext an.,,,,
Angewandte Informatik (M.Sc.),Hochschule Fulda,AI5032,Preparation and Analysis of Data,6,Dies schließt insbesondere die Auswahl und Bewertung geeigneter Literatur sowie die Präsentation der Ergebnisse mit ein.,,,,
Angewandte Informatik (M.Sc.),Hochschule Fulda,AI5158,Process Mining,1,Die Studierenden erläutern die Notwendigkeit des Prozess-Minings und können dessen Teilgebiete einordnen.,,,,
Angewandte Informatik (M.Sc.),Hochschule Fulda,AI5158,Process Mining,2,"Die Studierenden erläutern die Architektur eines Prozess-Mining Systems, eingebettet in die Landschaft von Anwendungssystemen sowie die Anwendung des Minings zur Generierung von Prozessmodellen sowie zur Konformitätsprüfung der aktiven Geschäftsprozesse.",,,,
Angewandte Informatik (M.Sc.),Hochschule Fulda,AI5158,Process Mining,3,"Die Studierenden erläutern die wichtigsten Konzepte von Geschäftsprozessmodellen, soweit sie für die durch das Mining erzeugten Prozessmodelle relevant sind, speziell Petri-Netze und BPMN",,,,
Angewandte Informatik (M.Sc.),Hochschule Fulda,AI5158,Process Mining,4,"Die Studierenden implementieren Modelle in BPMN und Petri-Netzen und beherrschen die wichtigsten Methoden (Inzidenzmatrix, Invarianten, Zustandsgraphen)",,,,
Angewandte Informatik (M.Sc.),Hochschule Fulda,AI5158,Process Mining,5,Die Studierenden unterscheiden verschiedene Prozess-Mining Algorithmen und beschreiben deren Unterschiede - insbesondere auch auf deren Fähigkeit/ Einschränkungen die Prozessmodelle zu erzeugen,,,,
Angewandte Informatik (M.Sc.),Hochschule Fulda,AI5158,Process Mining,6,Die Studierenden benennen verschiedene Verfahren zur Prüfung der Konformität der Prozesse,,,,
Angewandte Informatik (M.Sc.),Hochschule Fulda,AI5158,Process Mining,7,sie bewerten ihre Einschränkungen und führen diese anhand konkreter Beispiele durch,,,,
Angewandte Informatik (M.Sc.),Hochschule Fulda,AI5158,Process Mining,8,grenzen das Prozess-Mining zu Data-Mining/ und BI sowie zum Geschäftsprozessmanagement ab.,,,,
Angewandte Informatik (M.Sc.),Hochschule Fulda,AI5100,Reconfigurable Computing,1,"Die Studierenden analysieren rechenintensive Anwendungen hinsichtlich ihrer Parallelisierung und Beschleunigung auf rekonfigurierbaren Rechensystemen, sowohl in eingebetteten Systemen als auch im Data Center.",,,,
Angewandte Informatik (M.Sc.),Hochschule Fulda,AI5100,Reconfigurable Computing,2,Die Studierenden beurteilen den Aufbau und die Einschränkungen klassischer Rechensysteme Computer.,,,,
Angewandte Informatik (M.Sc.),Hochschule Fulda,AI5100,Reconfigurable Computing,3,Die Studierenden bewerten den Aufbau heterogener rekonfigurierbarer Rechensysteme mit CPU und FPGA Anteilen.,,,,
Angewandte Informatik (M.Sc.),Hochschule Fulda,AI5100,Reconfigurable Computing,4,Die Studierenden wenden Algorithmen der High-Level Synthese (HLS) und des Hardware/Software-Codedesigns an.,,,,
Angewandte Informatik (M.Sc.),Hochschule Fulda,AI5100,Reconfigurable Computing,5,"Die Studierenden analysieren ein gegebenes Problem, um dieses in Hardware- und Software-Anteile zu zerlegen.",,,,
Angewandte Informatik (M.Sc.),Hochschule Fulda,AI5100,Reconfigurable Computing,6,Die Studierenden entwerfen einfache Anwendungen für rekonfigurierbare Rechensysteme mittels HLS.,,,,
Angewandte Informatik (M.Sc.),Hochschule Fulda,AI5100,Reconfigurable Computing,7,Die Studierenden implementieren die Kommunikationsschnittstellen zwischen Hard- und Software.,,,,
Angewandte Informatik (M.Sc.),Hochschule Fulda,AI5100,Reconfigurable Computing,8,Die Studierenden analysieren den Entwurfsraum der HLS um gegebene Zielvorgaben zu erfüllen.,,,,
Angewandte Informatik (M.Sc.),Hochschule Fulda,AI5172,Semantische Umgebungsmodellierung,1,Die Studierenden beschreiben die Grundlagen zur semantischen Modellierung von 3D-Umgebungsdaten im Kontext der mobilen Robotik.,,,,
Angewandte Informatik (M.Sc.),Hochschule Fulda,AI5172,Semantische Umgebungsmodellierung,2,Die Studierenden benennen die Grundlagen der Prädikatenlogik sowie Beschreibungslogiken und die etablierten Standards OWL-DL und SWRL.,,,,
Angewandte Informatik (M.Sc.),Hochschule Fulda,AI5172,Semantische Umgebungsmodellierung,3,Die Studierenden schreiben einfache Anwendungen unter Verwendung der Programmiersprache Prolog.,,,,
Angewandte Informatik (M.Sc.),Hochschule Fulda,AI5172,Semantische Umgebungsmodellierung,4,Die Studierenden bedienen verschiedene Tools zur semantischen Modellierung und Schlussfolgerung,,,,
Angewandte Informatik (M.Sc.),Hochschule Fulda,AI5172,Semantische Umgebungsmodellierung,5,Die Studierenden verwalten dreidimensionale semantische Modelle in räumlichen Datenbanken wie PostGIS und machen diese über bestehende Interfaces zu Roboterkontrollarchitekturen auf mobilen Robotern verfügbar.,,,,
Angewandte Informatik (M.Sc.),Hochschule Fulda,AI5172,Semantische Umgebungsmodellierung,6,"Die Studierenden überwachen in Kombination mit Stream-Processing-Engines, wie Apache Flink, Datenströme der Sensoren von mobilen Robotern auf das Auftreten definierter Events und verknüpfen diese mit einem semantischen Umgebungsmodell.",,,,
Angewandte Informatik (M.Sc.),Hochschule Fulda,AI5174,Stream Processing and Analytics,1,Die Studierenden benennen die wesentlichen Charakteristika eines Daten Streams sowie verschiedene Verarbeitungsparadigmen wie Batch- und Stream Processing.,,,,
Angewandte Informatik (M.Sc.),Hochschule Fulda,AI5174,Stream Processing and Analytics,2,Die Studierenden schildern die Unterschiede zwischen begrenzten und unbegrenzten Daten Streams.,,,,
Angewandte Informatik (M.Sc.),Hochschule Fulda,AI5174,Stream Processing and Analytics,3,Die Studierenden zerlegen unbegrenzte Daten Streams mithilfe von Windowing in begrenzte Data Streams.,,,,
Angewandte Informatik (M.Sc.),Hochschule Fulda,AI5174,Stream Processing and Analytics,4,Die Studierenden verarbeiten Daten Streams mithilfe gängiger Frameworks.,,,,
Angewandte Informatik (M.Sc.),Hochschule Fulda,AI5174,Stream Processing and Analytics,5,Die Studierenden unterscheiden zwischen Processing-time und Event-time und verarbeiten out-of-order und late-arriving Daten robust.,,,,
Angewandte Informatik (M.Sc.),Hochschule Fulda,AI5174,Stream Processing and Analytics,6,Die Studierenden verarbeiten Streaming-Daten nach definierten Anforderungen unter Einsatz von den verschiedenen Typen von Streaming Joins.,,,,
Angewandte Informatik (M.Sc.),Hochschule Fulda,AI5174,Stream Processing and Analytics,7,Die Studierenden bezeichnen die Herausforderungen und Möglichkeiten von Data Stream Analytics und Online Machine Learning.,,,,
Angewandte Informatik (M.Sc.),Hochschule Fulda,AI5174,Stream Processing and Analytics,8,Die Studierenden fassen die wesentlichen Charakteristika von Data Sketches zusammen.,,,,
Angewandte Informatik (M.Sc.),Hochschule Fulda,AI5174,Stream Processing and Analytics,9,Die Studierenden erklären ausgewählte Data Sketches und,,,,
Angewandte Informatik (M.Sc.),Hochschule Fulda,AI5174,Stream Processing and Analytics,10,Die Studierenden setzen diese für praktische Probleme ein.,,,,
Angewandte Informatik (M.Sc.),Hochschule Fulda,AI5174,Stream Processing and Analytics,11,Die Studierenden erklären ausgewählte Online Machine Learning Verfahren und,,,,
Angewandte Informatik (M.Sc.),Hochschule Fulda,AI5174,Stream Processing and Analytics,12,Die Studierenden setzen diese für praktische Probleme ein.,,,,
Angewandte Informatik (M.Sc.),Hochschule Fulda,AI5174,Stream Processing and Analytics,13,Die Studierenden bewerten den aktuellen Stand der Forschung im Bereich Stream Processing und Analytics und,,,,
Angewandte Informatik (M.Sc.),Hochschule Fulda,AI5174,Stream Processing and Analytics,14,Die Studierenden wirken aktiv an der angewandten Forschung in diesem Bereich mit.,,,,
Angewandte Informatik (M.Sc.),Hochschule Fulda,AI5173,Verarbeitung von 3D-Punktwolkendaten,1,"Die Studierenden benennen die grundlegenden Herausforderungen der Handhabung von hochaufgelösten 3D-Modellen, die aus 3D-Punktwolkendaten abgeleitet wurden, und ordnen diese ein.",,,,
Angewandte Informatik (M.Sc.),Hochschule Fulda,AI5173,Verarbeitung von 3D-Punktwolkendaten,2,Die Studierenden schildern dazu die technischen Grundlagen gängiger 3D-Sensoren und die daraus resultierenden Effekte bzgl.,,,,
Angewandte Informatik (M.Sc.),Hochschule Fulda,AI5173,Verarbeitung von 3D-Punktwolkendaten,3,Rauschen und Punktverteilung in den aufgenommenen Daten.,,,,
Angewandte Informatik (M.Sc.),Hochschule Fulda,AI5173,Verarbeitung von 3D-Punktwolkendaten,4,"Die Studierenden verwalten große 3D-Punktwolken speicher- und laufzeiteffizient, registrieren diese in einem gemeinsamen Koordinatensystem und visualisieren diese.",,,,
Angewandte Informatik (M.Sc.),Hochschule Fulda,AI5173,Verarbeitung von 3D-Punktwolkendaten,5,"Die Studierenden erklären gängige Algorithmen zur Partitionierung, Persistierung und Filterung von 3D-Daten und übertragen diese auf praktische Szenarien.",,,,
Angewandte Informatik (M.Sc.),Hochschule Fulda,AI5173,Verarbeitung von 3D-Punktwolkendaten,6,Die Studierenden berechnen auf Basis von 3D-Punktwolken implizite oder polygonale Darstellungen algorithmisch und texturieren diese mit Daten von 2D-Kameras.,,,,
Angewandte Informatik (M.Sc.),Hochschule Fulda,AI5028,Virtual Reality and Augmented Reality,1,Die Studierenden beschreiben komplexe Algorithmen der Bereiche Virtual Reality und Augmented Reality und realisieren diese.,,,,
Angewandte Informatik (M.Sc.),Hochschule Fulda,AI5028,Virtual Reality and Augmented Reality,2,"Die Studierenden diskutieren die Problemstellungen und Lösungsansätze in den Bereichen Immersion, Tracking und Ein-/Ausgabetechnologien.",,,,
Angewandte Informatik (M.Sc.),Hochschule Fulda,AI5028,Virtual Reality and Augmented Reality,3,"Die Studierenden erklären die Technologien, Algorithmen und Methoden der virtuellen und/oder erweiterten Realität, deren Datenschnittstellen und Interaktionstechniken und erproben diese in der Praxis.",,,,
Angewandte Informatik (M.Sc.),Hochschule Fulda,AI5028,Virtual Reality and Augmented Reality,4,Die Studierenden erwerben Präsentationskompetenzen im Rahmen kleiner Vorträge.,,,,
Angewandte Informatik (M.Sc.),Hochschule Fulda,AI5028,Virtual Reality and Augmented Reality,5,Die Studierenden schulen durch die intensive Auseinandersetzung mit englischsprachiger Originalliteratur ihre Englisch- und Lesekompetenz gleichermaßen.,,,,
Angewandte Informatik (M.Sc.),Hochschule Fulda,AI5028,Virtual Reality and Augmented Reality,6,Die Studierenden verbessern in der Projektphase in Teams ihre allgemeine Teamfähigkeit und Sozialkompetenz.,,,,
Data Science (M.Sc.),Hochschule Fulda,AI5175,Frameworks & Application Development for Data Science,1,Die Studierenden setzen die gängigen Programmiersprachen und Bibliotheken der Datenanalyse zur Verarbeitung und Analyse einfacher strukturierter Daten ein.,,,,
Data Science (M.Sc.),Hochschule Fulda,AI5175,Frameworks & Application Development for Data Science,2,Die Studierenden importieren Daten aus verschiedenen Datenquellen wie Dateien oder Datenbanken und bereiten diese für die weitere Analyse vor und exportieren diese.,,,,
Data Science (M.Sc.),Hochschule Fulda,AI5175,Frameworks & Application Development for Data Science,3,"Die Studierenden führen eine explorative Datenanalyse durchzuführen, visualisieren die Daten anhand der gängigsten Verfahren und bewerten deren Qualität.",,,,
Data Science (M.Sc.),Hochschule Fulda,AI5175,Frameworks & Application Development for Data Science,4,"Die Studierenden beschreiben die Methoden und Bibliotheken zur Erstellung einfacher Machine Learning Workflows und erklären die Notwendigkeit von Data Splitting, Model Evaluation und Hyperparameter Tuning.",,,,
Data Science (M.Sc.),Hochschule Fulda,AI5175,Frameworks & Application Development for Data Science,5,Die Studierenden automatisieren und orchestrieren Data Science Workflows.,,,,
Data Science (M.Sc.),Hochschule Fulda,AI5175,Frameworks & Application Development for Data Science,6,Die Studierenden benutzen Techniken um Data Science Anwendung in einfacher Form als Webanwendung bereitzustellen um diese zu überwachen und zu warten.,,,,
Data Science (M.Sc.),Hochschule Fulda,AI5032,Preparation and Analysis of Data,1,Die Studierenden grenzen Probleme und Methoden aus dem Bereich der Vorbereitung und Analyse von Daten voneinander ab.,,,,
Data Science (M.Sc.),Hochschule Fulda,AI5032,Preparation and Analysis of Data,2,Die Studierenden wenden die grundlegenden theoretischen Erkenntnisse praktisch an.,,,,
Data Science (M.Sc.),Hochschule Fulda,AI5032,Preparation and Analysis of Data,3,Dazu gehört die Auswahl und praktische Anwendung sinnvoller Methoden.,,,,
Data Science (M.Sc.),Hochschule Fulda,AI5032,Preparation and Analysis of Data,4,"Die Studierenden geben verschiedene, aktuelle Anwendungsbeispiele in unterschiedlichen Anwendungsdomänen wieder.",,,,
Data Science (M.Sc.),Hochschule Fulda,AI5032,Preparation and Analysis of Data,5,Die Studierenden wenden neue wissenschaftliche Erkenntnisse selbständig in einem praktischen Kontext an.,,,,
Data Science (M.Sc.),Hochschule Fulda,AI5032,Preparation and Analysis of Data,6,Dies schließt insbesondere die Auswahl und Bewertung geeigneter Literatur sowie die Präsentation der Ergebnisse mit ein.,,,,
Data Science (M.Sc.),Hochschule Fulda,AI5176,Mathematics for Data Science,1,Die Studierenden erklären die Grundbegriffe der Differential- und Integralrechnung.,,,,
Data Science (M.Sc.),Hochschule Fulda,AI5176,Mathematics for Data Science,2,Die Studierenden beschreiben Anwendungen der Differential- und Integralrechnung.,,,,
Data Science (M.Sc.),Hochschule Fulda,AI5176,Mathematics for Data Science,3,Die Studierenden erkennen und formulieren Probleme aus verschiedenen Anwendungsbereichen als Optimierungsaufgaben.,,,,
Data Science (M.Sc.),Hochschule Fulda,AI5176,Mathematics for Data Science,4,Die Studierenden analysieren Funktionen in einer und mehreren Variablen.,,,,
Data Science (M.Sc.),Hochschule Fulda,AI5176,Mathematics for Data Science,5,Die Studierenden wenden Näherungsverfahren für verschiedene Probleme der Analysis an.,,,,
Data Science (M.Sc.),Hochschule Fulda,AI5176,Mathematics for Data Science,6,Die Studierenden lösen Aufgaben und erklären ihre eigenen Lösungswege.,,,,
Data Science (M.Sc.),Hochschule Fulda,AI5031,Machine Learning,1,Die Studierenden schildern die mathematischen und konzeptuellen Grundlagen der statistischen Theorie des Lernens.,,,,
Data Science (M.Sc.),Hochschule Fulda,AI5031,Machine Learning,2,Die Studierenden beschreiben mehrere gängige Lernalgorithmen und setzen diese in der Praxis (anhand geeigneter Standardbibliotheken) ein.,,,,
Data Science (M.Sc.),Hochschule Fulda,AI5031,Machine Learning,3,"Die Studierenden benennen die Herausforderungen, welche sich in der Praxis der Objekt-und Mustererkennung ergeben, erläutern die wichtigsten Lösungsansätze und wenden diese Ansätze zur Lösung gegebener Aufgabenstellungen an.",,,,
Data Science (M.Sc.),Hochschule Fulda,AI5031,Machine Learning,4,Die Studierenden verstehen aktuelle wissenschaftliche Entwicklungen und Anwendungen im Bereich des Deep Learning.,,,,
Data Science (M.Sc.),Hochschule Fulda,AI5158,Process Mining,1,Die Studierenden erläutern die Notwendigkeit des Prozess-Minings und können dessen Teilgebiete einordnen.,,,,
Data Science (M.Sc.),Hochschule Fulda,AI5158,Process Mining,2,"Die Studierenden erläutern die Architektur eines Prozess-Mining Systems, eingebettet in die Landschaft von Anwendungssystemen sowie die Anwendung des Minings zur Generierung von Prozessmodellen sowie zur Konformitätsprüfung der aktiven Geschäftsprozesse.",,,,
Data Science (M.Sc.),Hochschule Fulda,AI5158,Process Mining,3,"Die Studierenden erläutern die wichtigsten Konzepte von Geschäftsprozessmodellen, soweit sie für die durch das Mining erzeugten Prozessmodelle relevant sind, speziell Petri-Netze und BPMN",,,,
Data Science (M.Sc.),Hochschule Fulda,AI5158,Process Mining,4,"Die Studierenden implementieren Modelle in BPMN und Petri-Netzen und beherrschen die wichtigsten Methoden (Inzidenzmatrix, Invarianten, Zustandsgraphen)",,,,
Data Science (M.Sc.),Hochschule Fulda,AI5158,Process Mining,5,Die Studierenden unterscheiden verschiedene Prozess-Mining Algorithmen und beschreiben deren Unterschiede - insbesondere auch auf deren Fähigkeit/ Einschränkungen die Prozessmodelle zu erzeugen,,,,
Data Science (M.Sc.),Hochschule Fulda,AI5158,Process Mining,6,Die Studierenden benennen verschiedene Verfahren zur Prüfung der Konformität der Prozesse,,,,
Data Science (M.Sc.),Hochschule Fulda,AI5158,Process Mining,7,sie bewerten ihre Einschränkungen und führen diese anhand konkreter Beispiele durch,,,,
Data Science (M.Sc.),Hochschule Fulda,AI5158,Process Mining,8,grenzen das Prozess-Mining zu Data-Mining/ und BI sowie zum Geschäftsprozessmanagement ab.,,,,
Data Science (M.Sc.),Hochschule Fulda,AI5177,"Security, Legal and Ethical Issues of Data Science",1,Die Studierenden analysieren ein zuvor unbekanntes Problem der Data Science auf rechtlich problematische Aspekte sowie IT-Sicherheitsaspekte und formulieren dafür verbal oder als Text Alternativen oder Lösungswege.,,,,
Data Science (M.Sc.),Hochschule Fulda,AI5177,"Security, Legal and Ethical Issues of Data Science",2,"Die Studierenden geben ethisch, moralische Leitlinien und IT-Sicherheitsrichtlinien der Technikgestaltung mit Bezug zum Data Science wieder und wenden diese auf gegebene Problemstellungen an.",,,,
Data Science (M.Sc.),Hochschule Fulda,AI5177,"Security, Legal and Ethical Issues of Data Science",3,"Die Studierenden fassen ein ausgewähltes Thema entweder ethischer, rechtlicher oder sicherheitstechnischer Fragestellungen im Data Science zusammen und präsentieren dieses.",,,,
Data Science (M.Sc.),Hochschule Fulda,AI5025,Big Data Technologies,1,weitergehende Funktionen relationaler Datenbanken anzugeben und zu beschreiben.,,,,
Data Science (M.Sc.),Hochschule Fulda,AI5025,Big Data Technologies,2,die inhärenten Restriktionen etablierter relationaler Datenbanksysteme darzustellen und zu beschreiben.,,,,
Data Science (M.Sc.),Hochschule Fulda,AI5025,Big Data Technologies,3,darüberhinausgehende Anwendungen und Use Cases an einzelnen Beispielen zu bearbeiten und architektonische Ansätze aus den Big Data Use Cases abzuleiten.,,,,
Data Science (M.Sc.),Hochschule Fulda,AI5025,Big Data Technologies,4,die grundlegenden Komponenten von Hadoop und MapReduce hands-on zu unterscheiden und anzuwenden.,,,,
Data Science (M.Sc.),Hochschule Fulda,AI5025,Big Data Technologies,5,BigData / noSQL Use Cases zu beurteilen und zu evaluieren.,,,,
Data Science (M.Sc.),Hochschule Fulda,AI5025,Big Data Technologies,6,die Herausforderungen der Administration von Big Data Lösungen anzugeben.,,,,
Data Science (M.Sc.),Hochschule Fulda,AI5025,Big Data Technologies,7,neuere und weitere Ansätze im Bereich Big Data zu beschreiben und diskutieren,,,,
Data Science (M.Sc.),Hochschule Fulda,AI5170,Data Visualization,1,Die Studierenden erstellen Visualisierungen vorhandener Daten auf verständliche Weise anhand gegebener Kriterien unter Berücksichtigung der Wahrnehmungstheorien.,,,,
Data Science (M.Sc.),Hochschule Fulda,AI5170,Data Visualization,2,Die Studierenden wählen die passenden Visualisierungsformen auf Basis des Daten- und Informationsdesigns für gegebene Daten aus und begründen diese in eigenen Worten.,,,,
Data Science (M.Sc.),Hochschule Fulda,AI5170,Data Visualization,3,Die Studierenden setzen vorhandene Datenvisualisierungs-Tools zur Umsetzung eines Visualisierungskonzeptes fachgerecht und effizient ein.,,,,
Data Science (M.Sc.),Hochschule Fulda,AI5170,Data Visualization,4,"Die Studierenden erstellen interaktive Visualisierungen, so dass für verschiedene gegebene Informationsbedürfnisse die Visualisierung beeinflusst werden kann.",,,,
Data Science (M.Sc.),Hochschule Fulda,AI5120,Data Mining and Predictive Analytics,1,Die Studierenden kennen die Aufgaben und Fragestellungen von Data Mining und Predictive Analytics und identifizieren diese in Anwendungsbeispielen.,,,,
Data Science (M.Sc.),Hochschule Fulda,AI5120,Data Mining and Predictive Analytics,2,Die Studierenden schildern den CRISP-DM Prozess und wenden diesen auf identifizierte Fragestellungen an.,,,,
Data Science (M.Sc.),Hochschule Fulda,AI5120,Data Mining and Predictive Analytics,3,Die Studierenden führen explorative Datenanalyse strukturiertere Daten aus und bereiten Daten für Data Mining und Prädiktive Analytics Aufgaben vor.,,,,
Data Science (M.Sc.),Hochschule Fulda,AI5120,Data Mining and Predictive Analytics,4,Die Studierenden skizzieren den Bias-Varianz in überwachtem Lernen und setzen Resampling Methoden ein um Overfitting zu verhindern.,,,,
Data Science (M.Sc.),Hochschule Fulda,AI5120,Data Mining and Predictive Analytics,5,Die Studierenden beschreiben die theoretischen Grundlagen ausgewählter Methoden im Bereich Data Mining und Predictive Analytics und wenden diese an.,,,,
Data Science (M.Sc.),Hochschule Fulda,AI5120,Data Mining and Predictive Analytics,6,Die Studierenden erarbeiten eigenständig neue Methoden und wenden diese an.,,,,
Data Science (M.Sc.),Hochschule Fulda,AI5120,Data Mining and Predictive Analytics,7,Die Studierenden schätzen die Qualität ihrer Analysen und Prognosen ein.,,,,
Data Science (M.Sc.),Hochschule Fulda,AI5120,Data Mining and Predictive Analytics,8,Die Studierenden kommunizieren ihre Ergebnisse auch Personen ohne Data Mining-Vorbildung verständlich und nachvollziehbar.,,,,
Data Science (M.Sc.),Hochschule Fulda,AI5120,Data Mining and Predictive Analytics,9,"Die Studierenden kennen aktuelle, vertiefende Themen aus Wissenschaft und Praxis.",,,,
Data Science (M.Sc.),Hochschule Fulda,AI5178,Team Project,1,Die Studierenden bearbeiten eine komplexe Aufgabe im Team mit den modernen Methoden des Data Science.,,,,
Data Science (M.Sc.),Hochschule Fulda,AI5178,Team Project,2,Die Studierenden setzen die Kenntnisse aus Ihrem Studium in einem Anwendungsprojekt um.,,,,
Data Science (M.Sc.),Hochschule Fulda,AI5178,Team Project,3,"Die Studierenden sind in der Lage, vertiefende Kenntnisse selbständig zu erwerben.",,,,
Data Science (M.Sc.),Hochschule Fulda,AI5017,Masterseminar,1,Die Studierenden vertiefen ein vorgegebenes Thema anhand wissenschaftlicher Literatur.,,,,
Data Science (M.Sc.),Hochschule Fulda,AI5017,Masterseminar,2,Die Studierenden wenden gängige Vortrags- und Präsentationstechniken sicher an und können die Inhalte des Themas anschaulich und mit angemessenen Formalismen in definiertem Umfang schriftlich ausarbeiten.,,,,
Data Science (M.Sc.),Hochschule Fulda,AI5017,Masterseminar,3,Die Studierenden tragen aktiv an Diskussionen zu einem wissenschaftlichen Vortrag bei.,,,,
Data Science (M.Sc.),Hochschule Fulda,AI5179,Master’s Thesis in Data Science,1,Die Masterarbeit ist eine schriftliche Prüfungsarbeit.,,,,
Data Science (M.Sc.),Hochschule Fulda,AI5179,Master’s Thesis in Data Science,2,"Die Arbeit soll zeigen, dass die Studierenden in der Lage sind, innerhalb einer vorgegebenen Frist ein Problem aus dem Fachgebiet Data Science selbständig nach wissenschaftlichen Methoden zu bearbeiten und folgerichtig darzustellen.",,,,
Data Science (M.Sc.),Hochschule Fulda,AI5180,Intercultural Study of Data Science,1,"Die Studierenden vertiefen ihr Wissen in Informatik und lernen, wie diese Disziplin in anderen Kulturen gelehrt und verstanden wird.",,,,
Data Science (M.Sc.),Hochschule Fulda,AI5180,Intercultural Study of Data Science,2,Sie erleben unterschiedliche Lehr- und Prüfungsstile.,,,,
Data Science (M.Sc.),Hochschule Fulda,AI5180,Intercultural Study of Data Science,3,Sie verfügen über ei- nen großen Erfahrungsschatz im Umgang mit Alltagssituationen und Kommunikationseinstellungen in ei- nem interkulturellen Umfeld.,,,,
Data Science (M.Sc.),Hochschule Fulda,AI5180,Intercultural Study of Data Science,4,Sie können ihre Erfahrungen während ihres Auslandsaufenthalts reflektieren.,,,,
Data Science (M.Sc.),Hochschule Fulda,AI5016,Research Project,1,Die Studierenden wenden Strategien der wissenschaftlichen Recherche und Einschätzung der Qualität wissenschaftlicher Ergebnisse im Rahmen eines konkreten Forschungszieles an.,,,,
Data Science (M.Sc.),Hochschule Fulda,AI5016,Research Project,2,Die Studierenden leiten für eine gegebene Problemstellung wissenschaftlich nachvollziehbar Forschungsfragen oder Hypothesen ab.,,,,
Data Science (M.Sc.),Hochschule Fulda,AI5016,Research Project,3,Die Studierenden definieren selbständig ihr Forschungsprojekt.,,,,
Data Science (M.Sc.),Hochschule Fulda,AI5016,Research Project,4,Die Studierenden reflektieren und verfassen in eigenen Worten ihren eigenen Arbeitsprozess und Zwischenergebnisse und ziehen daraus korrigierende Schlüsse im Hinblick auf die Erreichung des Forschungszieles.,,,,
Data Science (M.Sc.),Hochschule Fulda,AI5016,Research Project,5,"Die Studierenden wählen begründet aus den etablierten Methoden eines Forschungsgebietes diejenigen , zur Erreichung der konkreten Forschungs(teil)ziele geeigneten Methoden, aus und wenden sie an.",,,,
Data Science (M.Sc.),Hochschule Fulda,AI5016,Research Project,6,"Die Studierenden können Ergebnisse eigener und fremder Forschungsarbeiten objektiv beschreiben, interpretieren und kritisch hinterfragen.",,,,
Data Science (M.Sc.),Hochschule Fulda,AI4002,Additional Courses for Data Science,1,"Die Studierenden erweitern und vertiefen ihre studienbezogenen Kenntnisse durch Belegung von Modu- len aus den Studiengängen des Fachbereichs Angewandte Informatik im Hinblick auf den angestrebten Abschluss, siehe § 5 Abs. 2a.",,,,
Data Science (M.Sc.),Hochschule Fulda,AI4002,Additional Courses for Data Science,2,Die jeweiligen Qualifikationsziele ergeben sich aus den Modulbeschreibungen der belegten Module.,,,,
Data Science (M.Sc.),Hochschule Fulda,AI5181,Current Topic of Data Science,1,"Die Studierenden diskutieren vertiefend zentrale Inhalte aktueller wissenschaftlicher und praxisnaher Problemstellungen des Data Science,",,,,
Data Science (M.Sc.),Hochschule Fulda,AI5181,Current Topic of Data Science,2,"Die Studierenden vergleichen und bewerten aktuelle wissenschaftliche Veröffentlichungen beziehungsweise Entwicklungen in der Industrie im Bezug zur fokussierten Problemstellung,",,,,
Data Science (M.Sc.),Hochschule Fulda,AI5181,Current Topic of Data Science,3,Die Studierenden wenden die gewonnenen Erkenntnisse im Rahmen von praktischen Aufgaben passend zum aktuellen (Teil-)problem fachgerecht an.,,,,
Data Science (M.Sc.),Hochschule Fulda,AI5122,Advanced Big Data,1,die inhärenten Restriktionen etablierter relationaler Datenbanksysteme zu illustrieren.,,,,
Data Science (M.Sc.),Hochschule Fulda,AI5122,Advanced Big Data,2,darüberhinausgehende Anwendungen und Use Cases an einzelnen Beispielen genauer zu bearbeiten und architektonische Ansätze aus den Big Data Use Cases abzuleiten.,,,,
Data Science (M.Sc.),Hochschule Fulda,AI5122,Advanced Big Data,3,die grundlegenden Komponenten des erweiterten Hadoop Ecosystem hands-on zu unterscheiden und anzuwenden.,,,,
Data Science (M.Sc.),Hochschule Fulda,AI5122,Advanced Big Data,4,Big Data / noSQL Use Cases im erweiterten Hadoop Ecosystem zu beurteilen und zu evaluieren.,,,,
Data Science (M.Sc.),Hochschule Fulda,AI5122,Advanced Big Data,5,die Herausforderungen der Administration von Big Data Lösungen im erweiterten Ecosystem anzugeben.,,,,
Data Science (M.Sc.),Hochschule Fulda,AI5122,Advanced Big Data,6,insbesondere neuere und weitere Ansätze im Bereich Big Data zu werten und klassifizieren.,,,,
Data Science (M.Sc.),Hochschule Fulda,AI5037,Agentenbasierte Modellierung und Simulation,1,Die Studierenden haben einen Einblick in das Themenfeld der agentenbasierten Modellbildung und Simulation.,,,,
Data Science (M.Sc.),Hochschule Fulda,AI5037,Agentenbasierte Modellierung und Simulation,2,"Die Studierenden erstellen agentenbasierte Modelle , führen Simulationsexperimente durch und analysieren die entstehenden Ergebnisse.",,,,
Data Science (M.Sc.),Hochschule Fulda,AI5037,Agentenbasierte Modellierung und Simulation,3,"Dies umfasst die Replikation bestehender Modelle als auch die Erstellung, Validierung und Verifikation neuer Modelle.",,,,
Data Science (M.Sc.),Hochschule Fulda,AI5037,Agentenbasierte Modellierung und Simulation,4,"Die Studierenden zählen aktuelle Erkenntnisse aus der Wissenschaft auf, schätzen deren Bedeutung ein und knüpfen mit einem eigenen Beitrag daran an.",,,,
Data Science (M.Sc.),Hochschule Fulda,AI5037,Agentenbasierte Modellierung und Simulation,5,Dies schließt insbesondere die Auswahl und die Bewertung geeigneter Literatur sowie die schriftliche Zusammenfassung und Präsentation der Ergebnisse mit ein.,,,,
Data Science (M.Sc.),Hochschule Fulda,AI5174,Stream Processing and Analytics,1,Die Studierenden benennen die wesentlichen Charakteristika eines Daten Streams sowie verschiedene Verarbeitungsparadigmen wie Batch- und Stream Processing.,,,,
Data Science (M.Sc.),Hochschule Fulda,AI5174,Stream Processing and Analytics,2,Die Studierenden schildern die Unterschiede zwischen begrenzten und unbegrenzten Daten Streams.,,,,
Data Science (M.Sc.),Hochschule Fulda,AI5174,Stream Processing and Analytics,3,Die Studierenden zerlegen unbegrenzte Daten Streams mithilfe von Windowing in begrenzte Data Streams.,,,,
Data Science (M.Sc.),Hochschule Fulda,AI5174,Stream Processing and Analytics,4,Die Studierenden verarbeiten Daten Streams mithilfe gängiger Frameworks.,,,,
Data Science (M.Sc.),Hochschule Fulda,AI5174,Stream Processing and Analytics,5,Die Studierenden unterscheiden zwischen Processing-time und Event-time und verarbeiten out-of-order und late-arriving Daten robust.,,,,
Data Science (M.Sc.),Hochschule Fulda,AI5174,Stream Processing and Analytics,6,Die Studierenden verarbeiten Streaming-Daten nach definierten Anforderungen unter Einsatz von den verschiedenen Typen von Streaming Joins.,,,,
Data Science (M.Sc.),Hochschule Fulda,AI5174,Stream Processing and Analytics,7,Die Studierenden bezeichnen die Herausforderungen und Möglichkeiten von Data Stream Analytics und Online Machine Learning.,,,,
Data Science (M.Sc.),Hochschule Fulda,AI5174,Stream Processing and Analytics,8,Die Studierenden fassen die wesentlichen Charakteristika von Data Sketches zusammen.,,,,
Data Science (M.Sc.),Hochschule Fulda,AI5174,Stream Processing and Analytics,9,Die Studierenden erklären ausgewählte Data Sketches und,,,,
Data Science (M.Sc.),Hochschule Fulda,AI5174,Stream Processing and Analytics,10,Die Studierenden setzen diese für praktische Probleme ein.,,,,
Data Science (M.Sc.),Hochschule Fulda,AI5174,Stream Processing and Analytics,11,Die Studierenden erklären ausgewählte Online Machine Learning Verfahren und,,,,
Data Science (M.Sc.),Hochschule Fulda,AI5174,Stream Processing and Analytics,12,Die Studierenden setzen diese für praktische Probleme ein.,,,,
Data Science (M.Sc.),Hochschule Fulda,AI5174,Stream Processing and Analytics,13,Die Studierenden bewerten den aktuellen Stand der Forschung im Bereich Stream Processing und Analytics und,,,,
Data Science (M.Sc.),Hochschule Fulda,AI5174,Stream Processing and Analytics,14,Die Studierenden wirken aktiv an der angewandten Forschung in diesem Bereich mit.,,,,
Digitale Medien (B.Sc.),Hochschule Fulda,AI1425,Design und Coding,1,"Die Studierenden erwerben grundlegende Kompetenzen in für Design und Interaktion konzipierten Programmiersprachen und Entwicklungsumgebungen z.B. Max/MSP, Pure Data, Processing, Arduino, SuperCollider, Reaktor, C-Sound, u.Ä.",,,,
Digitale Medien (B.Sc.),Hochschule Fulda,AI1425,Design und Coding,2,Der Zusammenhang von gestalterischen Problemstellungen und programmierten Lösungen wird erkannt.,,,,
Digitale Medien (B.Sc.),Hochschule Fulda,AI1425,Design und Coding,3,Einfache Konzepte werden erarbeitet und umgesetzt.,,,,
Digitale Medien (B.Sc.),Hochschule Fulda,AI1145,Einführung in die Betriebswirtschaftslehre,1,"Die Studierenden kennen wesentliche Grundtatbestände der Betriebswirtschaftslehre und sind fähig, sich in der betrieblichen Wirklichkeit, die weitgehend vom betriebswirtschaftlichen Rationalitätspostulat bestimmt ist, zurechtzufinden und produktiv einzubringen.",,,,
Digitale Medien (B.Sc.),Hochschule Fulda,AI1145,Einführung in die Betriebswirtschaftslehre,2,Die Studierenden kennen ferner den Wertschöpfungsprozess in Unternehmen von der Faktorbereitstellung bis hin zum Vertrieb.,,,,
Digitale Medien (B.Sc.),Hochschule Fulda,AI1145,Einführung in die Betriebswirtschaftslehre,3,"Dadurch sind sie befähigt, als Informatiker die betriebswirtschaftlichen Anforderungen in IT-Lösungen zu integrieren.",,,,
Digitale Medien (B.Sc.),Hochschule Fulda,AI1430,Gestaltungsgrundlagen,1,Die Studierenden erwerben grundlegende Kompetenzen der audiovisuellen Mediengestaltung.,,,,
Digitale Medien (B.Sc.),Hochschule Fulda,AI1430,Gestaltungsgrundlagen,2,"Projektbasierte, praktische Erfahrungen im Umgang mit aktueller Gestaltungssoftware werden gesammelt.",,,,
Digitale Medien (B.Sc.),Hochschule Fulda,AI1430,Gestaltungsgrundlagen,3,"Gestalterische Problemstellungen werden erkannt, einfache Konzepte werden erarbeitet und umgesetzt.",,,,
Digitale Medien (B.Sc.),Hochschule Fulda,AI1433,Grundlagen der Informatik,1,"Die Studierenden erlangen grundlegende Kenntnisse der Informatik, die für das Verständnis und die Beurteilung von Aufgabenstellungen in der IT erforderlich sind.",,,,
Digitale Medien (B.Sc.),Hochschule Fulda,AI1433,Grundlagen der Informatik,2,"Die Studierenden kennen die Grundbegriffe der Informatik und wissen, wie Daten repräsentiert und verarbeitet werden.",,,,
Digitale Medien (B.Sc.),Hochschule Fulda,AI1433,Grundlagen der Informatik,3,"Ferner kennen sie die prinzipielle Funktionsweise von Rechnersystemen, insbes. der Von-Neumann-Architektur, und Wissen um den Aufbau, den Komponenten und die Nutzung von Betriebssystemen.",,,,
Digitale Medien (B.Sc.),Hochschule Fulda,AI1433,Grundlagen der Informatik,4,Sie kennen grundlegende Konzepte der Arbeit mit Kommandozeilen und können diese für verschiedene Aufgaben benutzen.,,,,
Digitale Medien (B.Sc.),Hochschule Fulda,AI1000,Programmierung 1,1,"Die Studierenden beschreiben mathematische und logische Probleme mit eigenen Worten, die in natürlicher Sprache formuliert sind (z.B. Zahlenfolgen und -reihen, Sortieren, Game of Life, Türme von Hanoi).",,,,
Digitale Medien (B.Sc.),Hochschule Fulda,AI1000,Programmierung 1,2,Die Studierenden beschreiben diese Probleme anhand algorithmischer Teilschritte und entwickeln unter Anwendung der ihnen bekannten Programmkonstrukte programmiersprachliche Lösungen.,,,,
Digitale Medien (B.Sc.),Hochschule Fulda,AI1000,Programmierung 1,3,"Die Studierenden formulieren diese Lösungen in Quellcode, der vorgegebenen Konventionen für guten Programmierstil entspricht.",,,,
Digitale Medien (B.Sc.),Hochschule Fulda,AI1000,Programmierung 1,4,Die Studierenden treffen Einschätzungen zu Laufzeit und Speicherverwaltung dieser Programme .,,,,
Digitale Medien (B.Sc.),Hochschule Fulda,AI1000,Programmierung 1,5,"Die Studierenden kennen Strategien zu Fehlereingrenzung, -suche und -behebung und wenden diese an.",,,,
Digitale Medien (B.Sc.),Hochschule Fulda,AI1067,Webdesign,1,Die Studierenden erwerben erweiterte Grundkenntnisse über den Designprozess von multimedialen Webseiten.,,,,
Digitale Medien (B.Sc.),Hochschule Fulda,AI1067,Webdesign,2,Hierbei durchlaufen sie die Konzeptions- und Entwicklungsphasen mehrfach und lernen so das Prinzip der iterativen Anwendungsentwicklung kennen.,,,,
Digitale Medien (B.Sc.),Hochschule Fulda,AI1067,Webdesign,3,Sie erlernen die grundlegenden Methoden und Techniken der Webgestaltung und verstehen das wesentliche Grundprinzip der Trennung von inhaltlicher Struktur und visueller Gestaltung.,,,,
Digitale Medien (B.Sc.),Hochschule Fulda,AI1067,Webdesign,4,"Sie erkennen und verstehen die sich hieraus ergebenden Vorteile für die benutzerzentrierte, die systemzentrierte und die anwendungszentrierte Anpassung von Webseiten und Anwendungen.",,,,
Digitale Medien (B.Sc.),Hochschule Fulda,AI1067,Webdesign,5,"Sie üben die Verwendung von Werkzeugen zur Webseitenerstellung, sind in der Lage digitale mediale Inhalte für Webdesign aufzubereiten, verstehen, wie mit den Webtechnologien eine hypermediale Struktur aufgebaut werden kann und sind in der Lage, einfache interaktive Webelemente zu programmieren.",,,,
Digitale Medien (B.Sc.),Hochschule Fulda,AI1067,Webdesign,6,Sie erhalten Anleitung für die Anfertigung der schriftlichen Hausarbeit und lernen einen längeren wissenschaftlichen Text zu strukturieren und inhaltlich formal korrekt auszuführen.,,,,
Digitale Medien (B.Sc.),Hochschule Fulda,AI1007,Kommunikationsnetze und -protokolle,1,Die Studierenden benennen und erläutern grundlegende Prinzipien der Rechnerkommunikation und der relevanten Netztechnologien sowie des allgemeinen Konzepts des Internets und der Protokollfamilie TCP/IP.,,,,
Digitale Medien (B.Sc.),Hochschule Fulda,AI1007,Kommunikationsnetze und -protokolle,2,"Die Studierenden benennen essentielle Netzdienste und –protokolle, erklären deren Funktionsweise und Standards und wenden diese korrekt an.",,,,
Digitale Medien (B.Sc.),Hochschule Fulda,AI1007,Kommunikationsnetze und -protokolle,3,Die Studierenden beurteilen die Eignung von verschiedenen Kommunikationsnetzen und –protokollen für die Realisierung von Netz-Infrastrukturen und Internetdiensten sowie –anwendungen.,,,,
Digitale Medien (B.Sc.),Hochschule Fulda,AI1007,Kommunikationsnetze und -protokolle,4,"Die Studierenden arbeiten in Teams im Netzwerk-Labor an explorativen Lernumgebungen und Experimenten zur Sicherheit, Leistungsfähigkeit und Fehlertoleranz von Netzen und darin verwendeten Protokollen und Anwendungen.",,,,
Digitale Medien (B.Sc.),Hochschule Fulda,AI1007,Kommunikationsnetze und -protokolle,5,"Die Studierenden verfolgen die Weiterentwicklung des Internets sowie zugehöriger Anwendungen und Dienste, schätzen diese ein und kennen damit verbundene Risiken und Möglichkeiten.",,,,
Digitale Medien (B.Sc.),Hochschule Fulda,AI1437,Lineare Algebra,1,Die Studierenden beherrschen den Umgang mit grundlegenden Begriffen und Methoden der Mathematik hinter der Computergrafik und können diese zur Lösung anwendungsbezogener Fragestellungen anwenden.,,,,
Digitale Medien (B.Sc.),Hochschule Fulda,AI1437,Lineare Algebra,2,"Die Studierenden erwerben Kompetenzen, die ihnen erlauben, selbständig weiterführende Lernprozesse zu gestalten und sich mit Fachvertretern und mit Laien über Ideen, Probleme und Lösungen auszutauschen.",,,,
Digitale Medien (B.Sc.),Hochschule Fulda,AI1440,Medientechnik,1,"Die Studierenden erwerben grundlegende technische und gestalterische Kenntnisse, die für die professionelle Produktion audiovisueller Inhalte nötig sind.",,,,
Digitale Medien (B.Sc.),Hochschule Fulda,AI1440,Medientechnik,2,Sie haben erste Erfahrungen im fachgerechten Umgang mit der gesamten Studiotechnik im TV- und Fotostudio sowie im Außeneinsatz gesammelt und können diese praktisch für die kreative Produktion audiovisueller Inhalte in individuellen sowie in Gruppenprojekten anwenden.,,,,
Digitale Medien (B.Sc.),Hochschule Fulda,AI1006,Programmierung 2,1,Die Studierenden benennen mindestens drei Merkmale objektorientierter Programmierung (OOP).,,,,
Digitale Medien (B.Sc.),Hochschule Fulda,AI1006,Programmierung 2,2,Die Studierenden definieren und unterscheiden Fachbegriffe der OOP.,,,,
Digitale Medien (B.Sc.),Hochschule Fulda,AI1006,Programmierung 2,3,"Die Studierenden benutzen fachgerecht die behandelten OOP-Konzepte in der Programmierung, erkennen diese in gegebenen Quellcode und können darin fehlerhafte Anwendungen analysieren und benennen.",,,,
Digitale Medien (B.Sc.),Hochschule Fulda,AI1006,Programmierung 2,4,"Die Studierenden analysieren gegebene Problemstellungen der Informatik auf algorithmisch relevante Bestandteile, leiten daraus algorithmische Lösungen ab und setzen diese als objektorientierte Programme um.",,,,
Digitale Medien (B.Sc.),Hochschule Fulda,AI1006,Programmierung 2,5,Die Studierenden erklären die Funktionsweise Ihrer eigenen Lösungen und argumentieren dabei die zugrundeliegenden Entscheidungen bei alternativen Lösungswegen.,,,,
Digitale Medien (B.Sc.),Hochschule Fulda,AI1006,Programmierung 2,6,Die Studierenden verwenden fachgerecht moderne Werkzeuge zur Unterstützung der Programmanalyse und -entwicklung in der Einzel- und Zusammenarbeit.,,,,
Digitale Medien (B.Sc.),Hochschule Fulda,AI1006,Programmierung 2,7,"Die Studierenden erstellen ggf. in Gruppen Programmierlösungen zu gegebenen Problemstellungen, bringen sich aktiv in die Lösungsentwicklung ein und strukturieren die kollaborative Zusammenarbeit (optional) selbst.",,,,
Digitale Medien (B.Sc.),Hochschule Fulda,AI1093,Webprogrammierung,1,Die Studierenden lernen die grundlegenden Konzepte und Techniken des World Wide Web kennen,,,,
Digitale Medien (B.Sc.),Hochschule Fulda,AI1093,Webprogrammierung,2,"Die Studierenden erwerben Fähigkeiten zur Realisierung interaktiver, dynamischer Webanwendungen",,,,
Digitale Medien (B.Sc.),Hochschule Fulda,AI1093,Webprogrammierung,3,Die Studierenden können multimediale und multimodale Webseiten erstellen,,,,
Digitale Medien (B.Sc.),Hochschule Fulda,AI1093,Webprogrammierung,4,Die Studierenden können sowohl synchrone als auch asynchrone Client-Server-Kommunikation implementieren,,,,
Digitale Medien (B.Sc.),Hochschule Fulda,AI1093,Webprogrammierung,5,Die Studierenden lernen den Einsatz von Frameworks der Webprogrammierung zur Realisierung interaktiver Web-,,,,
Digitale Medien (B.Sc.),Hochschule Fulda,AI1093,Webprogrammierung,6,Die Studierenden kennen wesentliche Techniken der serverseitigen und clientseitigen Programmierung,,,,
Digitale Medien (B.Sc.),Hochschule Fulda,AI1093,Webprogrammierung,7,Die Studierenden gewinnen einen Überblick über die aktuellen Techniken der Webprogrammierung und der Web-,,,,
Digitale Medien (B.Sc.),Hochschule Fulda,AI1012,Algorithmen und Datenstrukturen,1,Die Studierenden benennen typische Operationen auf Standarddatenstrukturen und können diese in Programmen anwenden.,,,,
Digitale Medien (B.Sc.),Hochschule Fulda,AI1012,Algorithmen und Datenstrukturen,2,Die Studierenden messen das Laufzeitverhalten von Algorithmen und schätzen es ein.,,,,
Digitale Medien (B.Sc.),Hochschule Fulda,AI1012,Algorithmen und Datenstrukturen,3,Die Studierenden erweitern Standardimplementierungen von Algorithmen und passen sie auf neue Anwendungen an.,,,,
Digitale Medien (B.Sc.),Hochschule Fulda,AI1012,Algorithmen und Datenstrukturen,4,Die Studierenden wählen abhängig vom Einsatzszenario geeignete Standarddatenstrukturen und Algorithmen zur Problemlösung aus und setzen sie ein.,,,,
Digitale Medien (B.Sc.),Hochschule Fulda,AI1012,Algorithmen und Datenstrukturen,5,"Die Studierenden erstellen in Gruppen Programmierlösungen zu gegebenen Problemstellungen, bringen sich aktiv in die Lösungsentwicklung ein und strukturieren die kollaborative Zusammenarbeit selbst.",,,,
Digitale Medien (B.Sc.),Hochschule Fulda,AI1012,Algorithmen und Datenstrukturen,6,Die Studierenden erstellen in Gruppen Präsentationen zu selbst erarbeiteten komplexen Datenstrukturen und Algorithmen.,,,,
Digitale Medien (B.Sc.),Hochschule Fulda,AI1420,Analysis,1,Die Studierenden beherrschen den Umgang mit grundlegenden Begriffen und Methoden der Mathematik hinter der Computergrafik und können diese zur Lösung anwendungsbezogener Fragestellungen anwenden.,,,,
Digitale Medien (B.Sc.),Hochschule Fulda,AI1420,Analysis,2,Dabei spielen die Anwendungsbezüge eine wesentliche Rolle.,,,,
Digitale Medien (B.Sc.),Hochschule Fulda,AI1420,Analysis,3,"Die Studierenden erwerben Kompetenzen, die ihnen erlauben, selbständig weiterführende Lernprozesse zu gestalten und sich mit Fachvertretern und mit Laien über Ideen, Probleme und Lösungen auszutauschen.",,,,
Digitale Medien (B.Sc.),Hochschule Fulda,AI1485,Audio- und Videoproduktion,1,"Die Studierenden planen, konzipieren und setzen ein komplexes Medienprojekt selbständig um.",,,,
Digitale Medien (B.Sc.),Hochschule Fulda,AI1485,Audio- und Videoproduktion,2,Die Studierenden benennen die einzelnen Phasen eines typischen Medienprojektes.,,,,
Digitale Medien (B.Sc.),Hochschule Fulda,AI1485,Audio- und Videoproduktion,3,Die Studierenden bedienen Software-Tools zur Bearbeitung von digitalen Audio- und Videodaten fachgerecht.,,,,
Digitale Medien (B.Sc.),Hochschule Fulda,AI1485,Audio- und Videoproduktion,4,Die Studierenden beschreiben die korrekte Bedienung aktueller Kamerasysteme.,,,,
Digitale Medien (B.Sc.),Hochschule Fulda,AI1485,Audio- und Videoproduktion,5,"Die Studierenden argumentieren anhand von technischen und dramaturgischen Qualitätsmerkmalen, wie Licht und Ton in einer Szene einzusetzen sind.",,,,
Digitale Medien (B.Sc.),Hochschule Fulda,AI1485,Audio- und Videoproduktion,6,Die Studierenden erstellen ein Storyboard für eine Medienproduktion.,,,,
Digitale Medien (B.Sc.),Hochschule Fulda,AI1522,3D-Modellierung und Animation,1,Die Studierenden wenden DCC-Tools zur 3D-Modellierung und 3D-Animation fachgerecht an um damit 3D-Szenen zu modellieren und abzuändern sowie computergeneriertes Bildmaterial zu erstellen.,,,,
Digitale Medien (B.Sc.),Hochschule Fulda,AI1522,3D-Modellierung und Animation,2,"Die Studierenden setzen reale, dreidimensionale Objekte eigenständig und unter Verwendung eines für ein gegebenes Gestaltungsziel geeigneten Verfahrens in ein ggfs. texturiertes 3D-Modell um.",,,,
Digitale Medien (B.Sc.),Hochschule Fulda,AI1522,3D-Modellierung und Animation,3,Die Studierenden evaluieren ihre 3D-Modelle anhand von Gestaltungskriterien.,,,,
Digitale Medien (B.Sc.),Hochschule Fulda,AI1522,3D-Modellierung und Animation,4,Die Studierenden erstellen mit einer 3D-Software zu gegebenen komplexeren Aufgabenstellungen passende Lösungen.,,,,
Digitale Medien (B.Sc.),Hochschule Fulda,AI1522,3D-Modellierung und Animation,5,Die Studierenden erstellen ein einfaches Storyboard oder bilden in 3D aus einem vorgegebenen Storyboard zeichnerisch umgesetzte Szenen nach.,,,,
Digitale Medien (B.Sc.),Hochschule Fulda,AI1522,3D-Modellierung und Animation,6,Die Studierenden erklären die Verwendung verschiedene Renderingverfahren und welche Bereiche der Szene gerendert und welche in der Postproduktion entstehen müssen.,,,,
Digitale Medien (B.Sc.),Hochschule Fulda,AI1047,Mensch-Computer-Interaktion,1,Die Studierenden nennen die wichtigsten Grundbegriffe der Mensch-Computer-Interaktion (MCI) und erklären ihre Bedeutung.,,,,
Digitale Medien (B.Sc.),Hochschule Fulda,AI1047,Mensch-Computer-Interaktion,2,Die Studierenden bringen die Perspektive der Nutzer*innen aktiv in den Entwicklungsprozess interaktiver Systeme ein.,,,,
Digitale Medien (B.Sc.),Hochschule Fulda,AI1047,Mensch-Computer-Interaktion,3,Die Studierenden interpretieren das Grundmodell menschlicher Informationsverarbeitung und stellen einfache Ableitungen für das Handeln her.,,,,
Digitale Medien (B.Sc.),Hochschule Fulda,AI1047,Mensch-Computer-Interaktion,4,Die Studierenden erklären die Bedeutung der menschzentrierten Gestaltung von technischen Systemen sowie Beispiele für gute und schlechte Umsetzungen.,,,,
Digitale Medien (B.Sc.),Hochschule Fulda,AI1047,Mensch-Computer-Interaktion,5,Die Studierenden nennen die Grundlagen und Konzepte des menschzentrierten Entwurfs interaktiver Systeme und wenden sie auf einfache Aufgabenstellungen an.,,,,
Digitale Medien (B.Sc.),Hochschule Fulda,AI1047,Mensch-Computer-Interaktion,6,Die Studierenden benennen traditionelle Interaktionen und zeigen aktuelle Entwicklungen hinsichtlich des Interaktionsdesigns auf.,,,,
Digitale Medien (B.Sc.),Hochschule Fulda,AI1047,Mensch-Computer-Interaktion,7,Die Studierenden nennen die grundlegenden Richtlinien für die MCI und integrieren diese in ihre Überlegungen beim Entwurf von interaktiven Systemen.,,,,
Digitale Medien (B.Sc.),Hochschule Fulda,AI1047,Mensch-Computer-Interaktion,8,"Die Studierenden entwickeln Prototypen zur MCI mit verschiedenen Techniken (z.B. PenAndPaper), evaluieren nach etablierten Methoden, analysieren die Ergebnisse und präsentieren diese.",,,,
Digitale Medien (B.Sc.),Hochschule Fulda,AI1047,Mensch-Computer-Interaktion,9,Die Studierenden entwickeln ein Bewusstsein für die Rolle des Fachgebiets MCI .,,,,
Digitale Medien (B.Sc.),Hochschule Fulda,AI1011,Software Engineering,1,Die Studierenden definieren und unterscheiden Fachbegriffe des SE für die Gestaltung komplexer Softwaresysteme und entsprechender Vorgehensweisen.,,,,
Digitale Medien (B.Sc.),Hochschule Fulda,AI1011,Software Engineering,2,"Die Studierenden benutzen fachgerecht die behandelten SE-Konzepte (z.B. in der Anforderungsanalyse, dem Design oder der Qualitätssicherung), erkennen diese in gegebenen Beispielen und können darin fehlerhafte Anwendungen analysieren und benennen.",,,,
Digitale Medien (B.Sc.),Hochschule Fulda,AI1011,Software Engineering,3,"Die Studierenden analysieren gegebene Problemstellungen der Softwareerstellung auf relevante Bestandteile, leiten daraus Lösungen für eine adäquate System/Softwareentwicklung ab und verwenden die relevanten Methoden.",,,,
Digitale Medien (B.Sc.),Hochschule Fulda,AI1011,Software Engineering,4,Die Studierenden entwickeln Modelle und beurteilen die Modellierung von Softwaresysteme z.B. mit UML.,,,,
Digitale Medien (B.Sc.),Hochschule Fulda,AI1011,Software Engineering,5,Die Studierenden erklären die Funktionsweise ihrer eigenen Lösungen und argumentieren dabei die zugrundeliegenden Entscheidungen bei alternativen Lösungswegen.,,,,
Digitale Medien (B.Sc.),Hochschule Fulda,AI1244,Datenbanken,1,Die meisten Systeme und Anwendungen in der Informationstechnologie nutzen Datenbank- bzw. Datenverwaltungssysteme als Basis zur Speicherung und Wiedergewinnung system- bzw. anwendungsrelevanter Informationen.,,,,
Digitale Medien (B.Sc.),Hochschule Fulda,AI1244,Datenbanken,2,"Die Studierenden werden befähigt, ob und wie der Einsatz von relationalen Datenbanksystemen gerechtfertigt ist (Business Case).",,,,
Digitale Medien (B.Sc.),Hochschule Fulda,AI1244,Datenbanken,3,Sie verstehen die grundlegenden Modellierungskonzepte und Datenstrukturen und deren Anwendungen.,,,,
Digitale Medien (B.Sc.),Hochschule Fulda,AI1244,Datenbanken,4,Die Studierenden kennen alle wesentlichen Aspekte und den Sprachumfang der standardisierten Datenanfrage- und Datenmanipulationssprache SQL und können diese anwenden.,,,,
Digitale Medien (B.Sc.),Hochschule Fulda,AI1244,Datenbanken,5,"Die Studierenden verstehen den Aufbau und die wesentlichen Konzepte von Datenbanksystemen, insbesondere das fundamentale Konzept der Transaktion (ACID), einschließlich der Mechanismen zu seiner Realisierung.",,,,
Digitale Medien (B.Sc.),Hochschule Fulda,AI1244,Datenbanken,6,Die Studierenden verstehen die prinzipielle Vorgehensweise von relationalen Datenbanksystemen bei der Optimierung des mengenorientierten Zugriffs auf Daten und die Bedeutung von Speicherungsstrukturen für die Beschleunigung von Zugriffen.,,,,
Digitale Medien (B.Sc.),Hochschule Fulda,AI1019,Graphische Datenverarbeitung,1,Die Studierenden beschreiben Algorithmen der Graphischen Datenverarbeitung und setzen diese praktisch um.,,,,
Digitale Medien (B.Sc.),Hochschule Fulda,AI1019,Graphische Datenverarbeitung,2,Die Studierenden benennen und erklären die wichtigsten Algorithmen und Methoden der Computergraphik.,,,,
Digitale Medien (B.Sc.),Hochschule Fulda,AI1019,Graphische Datenverarbeitung,3,"Die Studierenden wenden relevante mathematische Methoden des Fachgebiets an, was auch das mathematisch-physikalische Grundverständnis verbessert.",,,,
Digitale Medien (B.Sc.),Hochschule Fulda,AI1019,Graphische Datenverarbeitung,4,Die Studierenden entwerfen und realisieren graphische Systeme unter Nutzung standardisierter Graphikbibliotheken.,,,,
Digitale Medien (B.Sc.),Hochschule Fulda,AI1274,Management und Marketing,1,Management: Die Studierenden verfügen über Kompetenzen im Bereich Unternehmens- und Personalführung sowie Organisation.,,,,
Digitale Medien (B.Sc.),Hochschule Fulda,AI1274,Management und Marketing,2,Hierbei wird auf spezielle Probleme von IT-Unternehmen und IT-Funktionen in Unternehmen eingegangen.,,,,
Digitale Medien (B.Sc.),Hochschule Fulda,AI1274,Management und Marketing,3,"Marketing: Die Studierenden verfügen über detaillierte Kenntnisse der Prozesse im Marketing, um Informatik-Leistungen auch an externe oder interne Kunden vermarkten zu können und sind mit den Instrumenten des Marketings vertraut.",,,,
Digitale Medien (B.Sc.),Hochschule Fulda,AI1274,Management und Marketing,4,"Die Studierenden sind in die Lage, eine Marketing-Konzeption zu entwickeln.",,,,
Digitale Medien (B.Sc.),Hochschule Fulda,AI1443,Usability Evaluation,1,die Grundlagen und Konzepte des benutzerzentrierten Entwurfs interaktiver Systeme zu erklären,,,,
Digitale Medien (B.Sc.),Hochschule Fulda,AI1443,Usability Evaluation,2,interdisziplinär interaktive Mediensysteme zu evaluieren,,,,
Digitale Medien (B.Sc.),Hochschule Fulda,AI1443,Usability Evaluation,3,Methoden der Evaluation selbstständig und zielorientiert anzuwenden,,,,
Digitale Medien (B.Sc.),Hochschule Fulda,AI1443,Usability Evaluation,4,dedizierte Werkzeuge zur Evaluation von Benutzungsschnittstellen einzusetzen,,,,
Digitale Medien (B.Sc.),Hochschule Fulda,AI1443,Usability Evaluation,5,Methoden zur Evaluation im Kontext des Usability Engineerings in einem iterativen Prozess abzuleiten und an Bedürfnisse eines konkreten Projekts anzupassen,,,,
Digitale Medien (B.Sc.),Hochschule Fulda,AI1147,Bachelor-Projekt Digitale Medien,1,"Die Studierenden können eine umfangreiche Aufgabe aus dem Gebiet „Medieninformatik“ im Team bearbeiten und sind in der Lage, das Arbeiten in der Form eines Projektes selbstständig zu organisieren.",,,,
Digitale Medien (B.Sc.),Hochschule Fulda,AI1147,Bachelor-Projekt Digitale Medien,2,"Die Studierenden besitzen Kenntnisse der Projektarbeit und des Projektmanagements und sind in der Lage, ihre bisherigen fachspezifischen Kenntnisse in einem Anwendungsprojekt umzusetzen.",,,,
Digitale Medien (B.Sc.),Hochschule Fulda,AI1441,Multimediasysteme,1,Die Studierenden beschreiben in eigenen Worten den Designprozess von multimedialen Systemen und die grundlegenden Methoden und Techniken der Systementwicklung.,,,,
Digitale Medien (B.Sc.),Hochschule Fulda,AI1441,Multimediasysteme,2,Die Studierenden wenden Konzeptions- und Entwicklungsphasen mehrfach in einem Designprozess nach dem Prinzip der iterativen Anwendungsentwicklung an.,,,,
Digitale Medien (B.Sc.),Hochschule Fulda,AI1441,Multimediasysteme,3,"Die Studierenden erklären die Bedeutung des Grundprinzips der Trennung von inhaltlicher Struktur und visueller Gestaltung, für die benutzerzentrierte, die systemzentrierte und die anwendungszentrierte Anpassung von multimedialen Anwendungen.",,,,
Digitale Medien (B.Sc.),Hochschule Fulda,AI1441,Multimediasysteme,4,Die Studierenden wenden Werkzeugen zur Systemerstellung fachgerecht an.,,,,
Digitale Medien (B.Sc.),Hochschule Fulda,AI1441,Multimediasysteme,5,Die Studierenden bereiten digitale mediale Inhalte für die Systemnutzung auf.,,,,
Digitale Medien (B.Sc.),Hochschule Fulda,AI1441,Multimediasysteme,6,Die Studierenden konzipieren und programmieren einfache interaktive Multimediasysteme.,,,,
Digitale Medien (B.Sc.),Hochschule Fulda,AI1417,Abschlussmodul Bachelor Digitale Medien,1,"Die Studierenden sind in der Lage, innerhalb einer vorgegebenen Frist von drei Monaten ein Problem aus dem Fachgebiet der Digitalen Medien selbständig und nach wissenschaftlichen Methoden zu bearbeiten und die gewonnenen Ergebnisse verständlich und folgerichtig darzustellen.",,,,
Digitale Medien (B.Sc.),Hochschule Fulda,AI1023,Praxisprojekt,1,Die Studierenden fassen die Arbeitsaufgaben eines typischen Berufsbildes der Informatik zusammen.,,,,
Digitale Medien (B.Sc.),Hochschule Fulda,AI1023,Praxisprojekt,2,Die Studierenden berücksichtigen die Anforderungen des Bewerbungsprozesses im Personalauswahlverfahren bei ihrer Bewerbung.,,,,
Digitale Medien (B.Sc.),Hochschule Fulda,AI1023,Praxisprojekt,3,Die Studierenden wenden das erlernte Fach- und Methodenwissen aus dem Studium in einer Unternehmensumgebung an.,,,,
Digitale Medien (B.Sc.),Hochschule Fulda,AI1023,Praxisprojekt,4,Die Studierenden setzen ihre erworbenen persönlichen und sozialen Kompetenzen in konkreten Projekten ein und passen sich an betriebliche Gegebenheiten an.,,,,
Digitale Medien (B.Sc.),Hochschule Fulda,AI4029,Aktuelles Thema der Digitalen Medien,1,Die Studierenden haben ein vertieftes Verständnis für ein aktuelles Problem der Digitalen Medien und können diese Erkenntnisse in der Praxis anwenden.,,,,
Digitale Medien (B.Sc.),Hochschule Fulda,AI1051,Animationsprogrammierung,1,"Die Studierenden wenden die grundlegenden Verfahren der Computeranimation auf gegebene Problemstellungen an: die Animation unter Verwendung von Keyframes, deren Interpolation, die Berechnung einer direkten Kinematik beim Einsatz von kinematischen Ketten.",,,,
Digitale Medien (B.Sc.),Hochschule Fulda,AI1051,Animationsprogrammierung,2,"Die Studierenden beschreiben die Funktionsweise und Anwendung von Deformationsverfahren, Morphing und Warping.",,,,
Digitale Medien (B.Sc.),Hochschule Fulda,AI1051,Animationsprogrammierung,3,"Die Studierenden fassen die grundlegende Funktionsweise prozeduraler Animationstechniken, insbesondere Partikelsysteme fachgerecht zusammen.",,,,
Digitale Medien (B.Sc.),Hochschule Fulda,AI1051,Animationsprogrammierung,4,"Die Studierenden realisieren sowohl Online-, wie auch Offline-Animations-Systeme mit der Bibliothek Processing.",,,,
Digitale Medien (B.Sc.),Hochschule Fulda,AI1051,Animationsprogrammierung,5,Die Studierenden beschreiben die grundlegenden mathematischen Verfahren zur Berechnung von Animationen: Berechnung der zeitlichen und räumlichen Interpolation zwischen Stützpunkten sowie Partikelanimation auf Grundlage der Simulation physikalischer Kräfte und deren Wechselwirkungen.,,,,
Digitale Medien (B.Sc.),Hochschule Fulda,AI1084,Audioprogrammierung,1,Die Studierenden kennen die Grundlagen der digitalen Audioverarbeitung.,,,,
Digitale Medien (B.Sc.),Hochschule Fulda,AI1084,Audioprogrammierung,2,"Sie sind in der Lage, digitale Oszillatoren, Filter und Verstärker zu implementieren und zu einem komplexeren audioverarbeitenden System zu kombinieren.",,,,
Digitale Medien (B.Sc.),Hochschule Fulda,AI1084,Audioprogrammierung,3,Sie kennen die grundlegende Historie der Klangsynthese.,,,,
Digitale Medien (B.Sc.),Hochschule Fulda,AI1422,Begreifbare Schnittstellen,1,"Die Studierenden erwerben erweiterte Grundkenntnisse in der Gestaltung, Realisierung und Implementierung von Systemen mit begreifbaren Schnittstellen.",,,,
Digitale Medien (B.Sc.),Hochschule Fulda,AI1422,Begreifbare Schnittstellen,2,"Systeme mit begreifbaren Schnittstellen nutzen physische Objekte, welche ein direkte Manipulation durch den Menschen erlauben, die im realen Raum existieren und so den Gesetzen der Mechanik gehorchen, wobei die Effekte der Manipulation in der digitalen Welt Parameter verändern, welche schließlich in (potentiell) mehreren Modalitäten an den Anwender zurückgemeldet werden.",,,,
Digitale Medien (B.Sc.),Hochschule Fulda,AI1422,Begreifbare Schnittstellen,3,Sie erlernen die grundlegenden Methoden und Techniken des Designs von Interaktionsobjekten und nutzen beispielsweise Techniken des 3D-Drucks zur Erstellung erster physischer Prototypen.,,,,
Digitale Medien (B.Sc.),Hochschule Fulda,AI1422,Begreifbare Schnittstellen,4,"In der Folge werden die Prototypen mit Interaktionssensorik ausgestattet, etwa durch die Programmierung aktueller Mikrokontroller, deren Daten an die zu kontrollierende Anwendung übermittelt werden, etwa der Manipulation von Objekten in Anwendungen der Virtuellen Realität (VR) oder zur Kontrolle computergestützer Musikinstrumente.",,,,
Digitale Medien (B.Sc.),Hochschule Fulda,AI1422,Begreifbare Schnittstellen,5,Die so gesteuerten Systeme reagieren in Echtzeit und liefern dann visuelles und/oder akustisches Feedback.,,,,
Digitale Medien (B.Sc.),Hochschule Fulda,AI1422,Begreifbare Schnittstellen,6,"Sie üben die Verwendung von Werkzeugen zur Systemerstellung und Modellierung, sind in der Lage, begreifbare Schnittstellen und zu steuerndes System zu integrieren, verstehen, wie Sensordaten übertragen und integriert werden können und sind in der Lage, eine einfaches System mit begreifbarer Schnittstelle zu konzipieren und zu programmieren.",,,,
Digitale Medien (B.Sc.),Hochschule Fulda,AI1422,Begreifbare Schnittstellen,7,"Sie erhalten Anleitung in der systematischen Planung, Erfassung und Dokumentation des von Ihnen geleisteten Arbeitsprozesses.",,,,
Digitale Medien (B.Sc.),Hochschule Fulda,AI1048,Digitale Bildverarbeitung,1,"Die Studierenden benennen und kategorisieren die grundlegenden Bildverarbeitungsoperationen und erklären ihre Funktionsweise,",,,,
Digitale Medien (B.Sc.),Hochschule Fulda,AI1048,Digitale Bildverarbeitung,2,"Die Studierenden vorhersagen die Wirkung und berechnen das Ergebnis einzelner Bildverarbeitungsoperationen auf Beispielbildern,",,,,
Digitale Medien (B.Sc.),Hochschule Fulda,AI1048,Digitale Bildverarbeitung,3,"Die Studierenden verwenden Bildverarbeitungstools, um die visuelle Korrektheit des Ergebnisses zu überprüfen.",,,,
Digitale Medien (B.Sc.),Hochschule Fulda,AI1048,Digitale Bildverarbeitung,4,"Die Studierenden entwerfen zu einer gegebenen Problemstellung passende Abfolgen von Operationen,",,,,
Digitale Medien (B.Sc.),Hochschule Fulda,AI1048,Digitale Bildverarbeitung,5,"Die Studierenden implementieren die behandelten Bildverarbeitungsverfahren,",,,,
Digitale Medien (B.Sc.),Hochschule Fulda,AI1048,Digitale Bildverarbeitung,6,Die Studierenden argumentieren mit richtiger Anwendung der Fachterminologie.,,,,
Digitale Medien (B.Sc.),Hochschule Fulda,AI1048,Digitale Bildverarbeitung,7,Die Studierenden erinnern die mathematischen Grundlagen der Verfahren zur Bildverarbeitung:,,,,
Digitale Medien (B.Sc.),Hochschule Fulda,AI1048,Digitale Bildverarbeitung,8,"Filterung (Glättungsfilter, Differenz- und Ableitungsfilter, Anwendung der Filtermatrix, kombinierte Abfolge von Filterschritten): Lineare Algebra, insbesondere Matrizen- und Vektorrechnung",,,,
Digitale Medien (B.Sc.),Hochschule Fulda,AI1048,Digitale Bildverarbeitung,9,"Berechnung von Histogrammen (bimodale Histogramme, kummulative Histogramme, automatische Histogrammanpassung): Grundlagen der Statistik, Verteilungen, Erwartungswert, Mittelwert, Varianz, Standardabweichung, diskrete Wahrscheinlichkeitsdichtefunktionen",,,,
Digitale Medien (B.Sc.),Hochschule Fulda,AI1048,Digitale Bildverarbeitung,10,"Merkmalsberechnung/Regionen –(Flächen, Kompaktheit, Momente (1-4), Schwerpunktberechnung, Invariantenberechnung (translation- bzw. größeninvariante Momente)): Grundlagen der analytischen Geometrie, Grundlagen der Statistik",,,,
Digitale Medien (B.Sc.),Hochschule Fulda,AI1098,Digitale Fotografie,1,Die Teilnehmenden erwerben fundierte Kenntnisse in der Gestaltung und Beurteilung von Fotografien.,,,,
Digitale Medien (B.Sc.),Hochschule Fulda,AI1098,Digitale Fotografie,2,"Sie sind in der Lage, mit verschiedenem Fotoequipment umzugehen und deren technischen Möglichkeiten zielorientiert einzusetzen.",,,,
Digitale Medien (B.Sc.),Hochschule Fulda,AI1098,Digitale Fotografie,3,Die Teilnehmenden erwerben Kompetenzen im Umgang mit Beleuchtungstechnik und deren gestalterischen Einsatzmöglichkeiten.,,,,
Digitale Medien (B.Sc.),Hochschule Fulda,AI1098,Digitale Fotografie,4,"Durch den Einsatz von Kalibrierungstechnik und Colormanagement können die Studenten ICC-Profile erzeugen und somit Scanner, Kamera, Monitor und Drucker kalibrieren.",,,,
Digitale Medien (B.Sc.),Hochschule Fulda,AI1454,Digitalisierung von Geschäftsprozessen mit Low Code,1,"In diesem Modul wird bevorzugt mit Low-Code Plattformen gearbeitet, deren Ausgangspunkt in dem Geschäftsprozessmodell liegt, so dass die Qualifikationsziele stark durch diese Form der Low-Code Programmierung gegeben sind – die Studierenden kennen den Zusammenhang zwischen dem Geschäftsprozessmodell und der Ausführung dieses Modells.",,,,
Digitale Medien (B.Sc.),Hochschule Fulda,AI1454,Digitalisierung von Geschäftsprozessen mit Low Code,2,Die Studierenden können die prinzipiellen konzeptionellen Unterschiede verschiedener Low-Code Programmierformen und deren Bezug zum komponentenbasierten Softwareengineering sowie der agilen Softwareentwicklung darstellen.,,,,
Digitale Medien (B.Sc.),Hochschule Fulda,AI1454,Digitalisierung von Geschäftsprozessen mit Low Code,3,Die Studierenden beschreiben den Unterschied zwischen Geschäftsprozess und Workflow.,,,,
Digitale Medien (B.Sc.),Hochschule Fulda,AI1454,Digitalisierung von Geschäftsprozessen mit Low Code,4,Die Studierenden erlangen vertiefte Kenntnisse in der Modellierung von Geschäftsprozessen und können so die beim Übergang vom fachlichen Modell zum automatisierten Prozess auftretenden Probleme beschreiben.,,,,
Digitale Medien (B.Sc.),Hochschule Fulda,AI1454,Digitalisierung von Geschäftsprozessen mit Low Code,5,Die Studierenden sind mit den Vor- und Nachteilen einer solchen Automatisierung vertraut und können diese nennen und mit Hilfe von Modellen darstellen & implementieren.,,,,
Digitale Medien (B.Sc.),Hochschule Fulda,AI1454,Digitalisierung von Geschäftsprozessen mit Low Code,6,"Die Studierenden implementieren typische, kleine komplette Anwendungsfälle – etwa im Prozessmodell, Datenmodell, User-Interface und den Geschäftslogiken und können diese verschiedenen Sichten klar voneinander abgrenzen.",,,,
Digitale Medien (B.Sc.),Hochschule Fulda,AI1454,Digitalisierung von Geschäftsprozessen mit Low Code,7,Die Studierenden kennen ein Vorgehensmodell zur Durchführung von Low-Code-Projekten und können ihre in diesem Modul erworbenen technischen Kompetenzen dort einordnen und bei Bedarf auf Plattformen mit einem nicht-prozessorientierten Ansatz übertragen.,,,,
Digitale Medien (B.Sc.),Hochschule Fulda,AI1454,Digitalisierung von Geschäftsprozessen mit Low Code,8,Die Studierenden sind in der Lage die Möglichkeiten der Steuerung von externen Anwendungen/ Auslagerungen von Funktionen in externen Anwendungen – speziell via Webtechnologien - einschätzen und für einfache Fälle auch implementieren.,,,,
Digitale Medien (B.Sc.),Hochschule Fulda,AI1030,Entwicklung von betrieblicher Anwendungssoftware,1,"Die Studierenden erkennen die speziellen Fragestellungen, die sich bei der Entwicklung/ Erweiterung von betrieblicher Anwendungssoftware/ Standardsoftware ergeben.",,,,
Digitale Medien (B.Sc.),Hochschule Fulda,AI1030,Entwicklung von betrieblicher Anwendungssoftware,2,Beispielhaft kann dies anhand von SAP SAP-Anwendungen geschehen – etwa durch eine Programmierung in ABAP-OO oder auch anderen Systemen (abhängig vom Dozenten).,,,,
Digitale Medien (B.Sc.),Hochschule Fulda,AI1030,Entwicklung von betrieblicher Anwendungssoftware,3,Die Studierenden beherrschen dem Umgang mit der jeweiligen Programmierumgebung (IDE).,,,,
Digitale Medien (B.Sc.),Hochschule Fulda,AI1030,Entwicklung von betrieblicher Anwendungssoftware,4,Die Studierenden beschreiben das Programmiermodell des Anwendungssystems je Anwendungstyp.,,,,
Digitale Medien (B.Sc.),Hochschule Fulda,AI1030,Entwicklung von betrieblicher Anwendungssoftware,5,"Die Studierenden implementieren die verschiedenen Anwendungstypen (Reports, Transaktionen).",,,,
Digitale Medien (B.Sc.),Hochschule Fulda,AI1030,Entwicklung von betrieblicher Anwendungssoftware,6,Die Studierenden beschreiben die Beziehung/ wesentlichen Unterschiede zu den bisher bekannten Sprachen (etwa Java/ C).,,,,
Digitale Medien (B.Sc.),Hochschule Fulda,AI1030,Entwicklung von betrieblicher Anwendungssoftware,7,Die Studierenden verstehen die spezielle Rolle der Datenbank für die Anwendung und die Datenbankschnittstelle kann integriert in die Anwendungslogik implementiert werden.,,,,
Digitale Medien (B.Sc.),Hochschule Fulda,AI1030,Entwicklung von betrieblicher Anwendungssoftware,8,"Die Studierenden grenzen weiterführende Konzepte der Anwendungsprogrammierung, speziell in Form von Web-Anwendungen, wie Verwendung des MVC-Patterns, weitere Patterns (Separation of Concerns, MVP) voneinander ab.",,,,
Digitale Medien (B.Sc.),Hochschule Fulda,AI1030,Entwicklung von betrieblicher Anwendungssoftware,9,Die Studierenden verstehen das Konzept der kundenspezifischen Erweiterung von Anwendungen und können solche implementieren.,,,,
Digitale Medien (B.Sc.),Hochschule Fulda,AI1030,Entwicklung von betrieblicher Anwendungssoftware,10,Die Studierenden verstehen das Konzept der Verteilung von Anwendungen und können die wesentlichen Punkte benennen sowie kleine Beispiele implementieren.,,,,
Digitale Medien (B.Sc.),Hochschule Fulda,AI1030,Entwicklung von betrieblicher Anwendungssoftware,11,"Die Studierenden verstehen das Konzept der transaktionalen Verarbeitung und können diese auf das verwendete System anwenden (Locking, Verbuchung, konsistente Datenhaltung).",,,,
Digitale Medien (B.Sc.),Hochschule Fulda,AI1030,Entwicklung von betrieblicher Anwendungssoftware,12,Die Studierenden beschreiben die Vor- und Nachteile einer horizontalen vs. einer vertikalen Speicherung von Daten.,,,,
Digitale Medien (B.Sc.),Hochschule Fulda,AI1400,Fulda Open Mobile Music Project,1,Die Studierenden verstehen den grundsätzlichen Aufbau abstrakter im Computer generierter Musik und ihrer Programmierung innerhalb eines Laptoporchestra-Settings.,,,,
Digitale Medien (B.Sc.),Hochschule Fulda,AI1400,Fulda Open Mobile Music Project,2,"Sie entwickeln ein Verständnis für datenstromorientierten Programmiersprachen und Entwicklungsumgebungen wie Pure Data, Max/MSP, Audio Mulch oder auch anderer aktueller Programmiersprachen und Programmierumgebungen für Audioanwendungen und erstellen damit eigene Softwareinstrumente.",,,,
Digitale Medien (B.Sc.),Hochschule Fulda,AI1400,Fulda Open Mobile Music Project,3,"Darüber hinaus sind sie in der Lage, Softwareinstrumente auf mobilen Endgeräten zu implementieren, Klänge und Strukturen mit haptischen Interfaces zu steuern und Steuerdaten über Netzwerke auszutauschen.",,,,
Digitale Medien (B.Sc.),Hochschule Fulda,AI1404,Gestaltungsprojekte in der Praxis,1,Studierende verstehen die Visuelle Kommunikation als Teil eines komplexeren Gestaltungsprozesses.,,,,
Digitale Medien (B.Sc.),Hochschule Fulda,AI1404,Gestaltungsprojekte in der Praxis,2,"Die Studierenden erfahren praxisbezogen und aktiv das Thema Gestaltung von der Ideenfindung, -bewertung, bis hin zur Umsetzung.",,,,
Digitale Medien (B.Sc.),Hochschule Fulda,AI1404,Gestaltungsprojekte in der Praxis,3,Die Nachhaltigkeit des Ergebnisses sowie das Ausloten der Vermarktungsmöglichkeiten runden das Projekt ab.,,,,
Digitale Medien (B.Sc.),Hochschule Fulda,AI1404,Gestaltungsprojekte in der Praxis,4,Studierende sind in der Lage selbst aktiv eine Marke zu entwickeln,,,,
Digitale Medien (B.Sc.),Hochschule Fulda,AI1279,Graphisch-Interaktive Systeme,1,"Die Studierenden verstehen die Methodik und Implementierung von graphischen Benutzerschnittstellen und besitzen erste, praktische Erfahrungen bei der Realisierung interaktiver Grafiksysteme.",,,,
Digitale Medien (B.Sc.),Hochschule Fulda,AI1279,Graphisch-Interaktive Systeme,2,Sie kennen insbesondere die gängigen Interaktionstechniken und können diese anwenden und beherrschen die Methodik des Bewegungsdesigns.,,,,
Digitale Medien (B.Sc.),Hochschule Fulda,AI1279,Graphisch-Interaktive Systeme,3,Daneben gewinnen sie erste Erfahrungen mit Graphikschnittstellen.,,,,
Digitale Medien (B.Sc.),Hochschule Fulda,AI1029,Grundlagen der Wirtschaftsinformatik,1,Die Studierenden beschreiben die Wirtschaftsinformatik als eigenständige Disziplin zwischen Betriebswirtschaft und Informatik in ihren Teilbereichen.,,,,
Digitale Medien (B.Sc.),Hochschule Fulda,AI1029,Grundlagen der Wirtschaftsinformatik,2,Die Studierenden können die grundlegenden Geschäftsprozesse eines Industrieunternehmens inhaltlich einordnen sowie methodisch korrekt vereinfacht darstellen und unter verschiedenen Gesichtspunkten analysieren.,,,,
Digitale Medien (B.Sc.),Hochschule Fulda,AI1029,Grundlagen der Wirtschaftsinformatik,3,"Die Studierenden benennen die verschiedenen Arten von Informationssystemen, die diese Geschäftsprozesse auf unterschiedliche Art unterstützen.",,,,
Digitale Medien (B.Sc.),Hochschule Fulda,AI1029,Grundlagen der Wirtschaftsinformatik,4,Die Studierenden erläutern die durch die Geschäftsprozesse erzeugten Daten und deren Weiterverarbeitung.,,,,
Digitale Medien (B.Sc.),Hochschule Fulda,AI1029,Grundlagen der Wirtschaftsinformatik,5,Die Studierenden beschreiben wesentliche Fragen der Anwendung von Informationssystemen.,,,,
Digitale Medien (B.Sc.),Hochschule Fulda,AI1029,Grundlagen der Wirtschaftsinformatik,6,Die Studierenden beschreiben wesentliche aktuelle Herausforderungen des E-Business sowie deren Behandlung durch betriebliche Informationssysteme.,,,,
Digitale Medien (B.Sc.),Hochschule Fulda,AI1273,Grundlagen der Wirtschaftspolitik,1,"Die Studierenden definieren die Grundlagenbegriffe von Politik und Wirtschaft, VWL und BWL.",,,,
Digitale Medien (B.Sc.),Hochschule Fulda,AI1273,Grundlagen der Wirtschaftspolitik,2,"Die Studierenden erklären das Wirtschaftssystem anhand von Markt und Hierarchie, Plan- und Marktwirtschaft sowie soziale Marktwirtschaft.",,,,
Digitale Medien (B.Sc.),Hochschule Fulda,AI1273,Grundlagen der Wirtschaftspolitik,3,Die Studierenden beantworten ausgewählte Fragestellung aus der Wirtschaftspolitik.,,,,
Digitale Medien (B.Sc.),Hochschule Fulda,AI1273,Grundlagen der Wirtschaftspolitik,4,Beteiligen sich aktiv an aktuellen wirtschaftspolitischen Debatten.,,,,
Digitale Medien (B.Sc.),Hochschule Fulda,AI1273,Grundlagen der Wirtschaftspolitik,5,Die Studierenden ordnen die vorgebrachten Argumente theoretisch ein und bewerten diese.,,,,
Digitale Medien (B.Sc.),Hochschule Fulda,AI1436,Internet of Things,1,Die Studierenden wenden die Programmiersprache C zur Lösung eigener Problemstellungen an.,,,,
Digitale Medien (B.Sc.),Hochschule Fulda,AI1436,Internet of Things,2,Die Studierenden kennen Besonderheiten bei der Programmierung von leistungsfähigen Mikrocontrollern mit Hochsprachen wie C.,,,,
Digitale Medien (B.Sc.),Hochschule Fulda,AI1436,Internet of Things,3,Die Studierenden benennen wichtige Netzwerkprotokolle für das Internet of Things (IoT).,,,,
Digitale Medien (B.Sc.),Hochschule Fulda,AI1436,Internet of Things,4,Die Studierenden verwenden TCP/IP-basierte Kommunikationsnetzwerke auf Mikrocontrollern.,,,,
Digitale Medien (B.Sc.),Hochschule Fulda,AI1436,Internet of Things,5,Die Studierenden benutzen Software-Bibliotheken.,,,,
Digitale Medien (B.Sc.),Hochschule Fulda,AI1436,Internet of Things,6,Die Studierenden implementieren Software auf Mikrocontrollern für eigene IoT-Anwendungen.,,,,
Digitale Medien (B.Sc.),Hochschule Fulda,AI1436,Internet of Things,7,Die Studierenden erproben IoT-Anwendungen in praktischen Aufbauten.,,,,
Digitale Medien (B.Sc.),Hochschule Fulda,AI1017,IT-Sicherheit,1,Die Studierenden benennen Angriffstechniken und Herausforderungen bei der Absicherung von IT-Systemen.,,,,
Digitale Medien (B.Sc.),Hochschule Fulda,AI1017,IT-Sicherheit,2,Die Studierenden definieren und unterscheiden Fachbegriffe der IT-Sicherheit.,,,,
Digitale Medien (B.Sc.),Hochschule Fulda,AI1017,IT-Sicherheit,3,"Die Studierenden analysieren gegebene Problemstellungen auf Anfälligkeit gegenüber Angriffen, bewerten die Relevanz der Absicherung gegenüber den Angriffen und können passende Sicherheitsmechanismen benennen.",,,,
Digitale Medien (B.Sc.),Hochschule Fulda,AI1017,IT-Sicherheit,4,"Die Studierenden benennen Verfahren im Bereich der Kryptographie, erklären die Sicherheitseigenschaften der Verfahren und können passende Verfahren zu gegebenen Problemstellungen auswählen.",,,,
Digitale Medien (B.Sc.),Hochschule Fulda,AI1017,IT-Sicherheit,5,"Die Studierenden benennen Protokolle im Bereich der IT-Sicherheit, erklären, wieso die Sicherheitsziele der Protokolle erreicht werden und können passende Protokolle zu gegebenen Problemstellungen auswählen.",,,,
Digitale Medien (B.Sc.),Hochschule Fulda,AI1017,IT-Sicherheit,6,"Die Studierenden benennen Angriffe und Gegenmaßnahmen im Bereich der Netzwerksicherheit, Betriebssystemsicherheit und Softwaresicherheit und können die Gegenmaßnahmen passend zu einer Problemstellung anwenden.",,,,
Digitale Medien (B.Sc.),Hochschule Fulda,AI1122,Logistik,1,"Die Studierenden kennen die wesentlichen Grundlagen einer modernen Logistikkonzeption und sind in der Lage, in der betrieblichen Praxis konkrete logistische Fragstellungen in Projekten zu bearbeiten.",,,,
Digitale Medien (B.Sc.),Hochschule Fulda,AI1122,Logistik,2,"Besonderer Wert wird hierbei auch auf den interdisziplinären Charakter vieler Logistik-Projekte durch das Zusammenspiel von Logistikmitarbeitern, IT-Mitarbeitern, Ingenieuren, Controllern und auch externen Beteiligten wie Lieferanten, Kunden und Consultants gelegt.",,,,
Digitale Medien (B.Sc.),Hochschule Fulda,AI1316,Mediendidaktik und E-Learning,1,Die Studierenden erarbeiten sich in der Lehrveranstaltung die Grundlagen der Mediendidaktik und deren aktuelle Umsetzung mit den Möglichkeiten der Medieninformatik zur Entwicklung von Lernsystemen.,,,,
Digitale Medien (B.Sc.),Hochschule Fulda,AI1316,Mediendidaktik und E-Learning,2,Ziel ist sowohl der Erwerb interdisziplinärer Kompetenzen aus den Gebieten der pädagogischen Psychologie und der Didaktik als auch die Einarbeitung in technische Standards im Umfeld heutiger E-Learning An- wendungen.,,,,
Digitale Medien (B.Sc.),Hochschule Fulda,AI1316,Mediendidaktik und E-Learning,3,"Die Studierenden können ihr erworbenes Wissen aktiv in die Konzeption, Realisierung und Evaluierung multimedialer Lernangebote einbringen.",,,,
Digitale Medien (B.Sc.),Hochschule Fulda,AI1032,Mikrocontrollerprogrammierung,1,Die Studierenden kennen die besonderen Aspekte der Mikrocontrollerprogrammierung wie z.B. Interruptbehandlung und Schnittstellenprogrammierung.,,,,
Digitale Medien (B.Sc.),Hochschule Fulda,AI1032,Mikrocontrollerprogrammierung,2,Die Studierenden beurteilen die Einsatzgebiete von Mikrocontrollerprogrammierung erstellen eigene Programme für Mikrocontroller in Assembler.,,,,
Digitale Medien (B.Sc.),Hochschule Fulda,AI1032,Mikrocontrollerprogrammierung,3,Die Studierenden erstellen eigene Programme für Mikrocontroller in C.,,,,
Digitale Medien (B.Sc.),Hochschule Fulda,AI1032,Mikrocontrollerprogrammierung,4,Die Studierenden beurteilen sicherheitskritische Systeme aus dem Bereich Automotive Systeme und der Medizintechnik.,,,,
Digitale Medien (B.Sc.),Hochschule Fulda,AI1033,Multimedia-Kommunikation,1,Die Studierenden benennen die technischen Grundlagen und Anforderungen (vgl. Quality of Service/Quality of Experience) für multimediale Kommunikation und IP-Netzen bzw. insb. dem Internet.,,,,
Digitale Medien (B.Sc.),Hochschule Fulda,AI1033,Multimedia-Kommunikation,2,"Die Studierenden benennen die Charakteristika von Audio, Voice und Video over IP und aktuelle Kompressionsverfahren.",,,,
Digitale Medien (B.Sc.),Hochschule Fulda,AI1033,Multimedia-Kommunikation,3,Die Studierenden benutzen fachgerecht aktuelle Kompressionsverfahren und Protokolle für die Multimedia-Kommunikation.,,,,
Digitale Medien (B.Sc.),Hochschule Fulda,AI1033,Multimedia-Kommunikation,4,"Die Studierenden realisieren fachgerecht passend zu aktuellen Anforderungen Lösungen für multimediale Anwendungen wie Streaming oder interaktive Dienste wie Telefonie, Video-/Web-Conferencing oder Collaboration.",,,,
Digitale Medien (B.Sc.),Hochschule Fulda,AI1033,Multimedia-Kommunikation,5,"Die Studierenden bewerten unterschiedliche Protokolle, Dienste und Plattformen für Multimedia-Kommunikation und analysieren deren Nutzen.",,,,
Digitale Medien (B.Sc.),Hochschule Fulda,AI1033,Multimedia-Kommunikation,6,Die Studierenden kennen Standard-Lösungen für Multimedia-Kommunikationssysteme und deren Performance und Sicherheit.,,,,
Digitale Medien (B.Sc.),Hochschule Fulda,AI1033,Multimedia-Kommunikation,7,Die Studierenden bringen sich aktiv in die Teamarbeit mit Multimedia-Kommunikationssystemen im Labor ein.,,,,
Digitale Medien (B.Sc.),Hochschule Fulda,AI1052,Personalmanagement,1,Die Studierenden beschreiben den Umgang mit der „Ressource Mensch“ im Unternehmen.,,,,
Digitale Medien (B.Sc.),Hochschule Fulda,AI1052,Personalmanagement,2,Die Studierenden erklären die Grundfunktionen der Personalbedarfsplanung und -beschaffung.,,,,
Digitale Medien (B.Sc.),Hochschule Fulda,AI1052,Personalmanagement,3,"Die Studierenden erläutern den Personaleinsatz, die Personalentwicklung und -freisetzung.",,,,
Digitale Medien (B.Sc.),Hochschule Fulda,AI1052,Personalmanagement,4,Die Studierenden erklären die Personalentlohnung und Personalverwaltung.,,,,
Digitale Medien (B.Sc.),Hochschule Fulda,AI1052,Personalmanagement,5,Die Studierenden nennen die gängigen Personalauswahlverfahren.,,,,
Digitale Medien (B.Sc.),Hochschule Fulda,AI1052,Personalmanagement,6,"Die Studierenden bereiten sich kompetent auf Bewerbungsprozesse vor, indem Sie das Verhalten in Bewerbungssituationen trainieren.",,,,
Digitale Medien (B.Sc.),Hochschule Fulda,AI1052,Personalmanagement,7,"Die Studierenden beschreiben die wesentlichen Faktoren des Berufseinstiegs (Einarbeitung, Gehalt, Einsatz, Kündigungsverfahren).",,,,
Digitale Medien (B.Sc.),Hochschule Fulda,AI1052,Personalmanagement,8,Die Studierenden trainieren das Verhalten in Bewerbungssituationen.,,,,
Digitale Medien (B.Sc.),Hochschule Fulda,AI1052,Personalmanagement,9,Die Studierenden simulieren die gängigen Auswahlverfahren der Personalauswahl für den Berufseinstieg.,,,,
Digitale Medien (B.Sc.),Hochschule Fulda,AI1124,Projektmanagement,1,"Die Studierenden definieren Projektmanagement und unterscheiden das Steuerungsmodell (Projektmanagement) von dem Durchführungsmodell (Projektphasen, Vorgehensmodelle).",,,,
Digitale Medien (B.Sc.),Hochschule Fulda,AI1124,Projektmanagement,2,"Die Studierenden beschreiben die Phasen des Projektmanagements von der Initiierung eines Projektes bis zum Projektabschluss entlang der verschiedenen Projektmanagementelemente, sowie die Einordnung in den Strategiekreislauf von Unternehmen.",,,,
Digitale Medien (B.Sc.),Hochschule Fulda,AI1124,Projektmanagement,3,"Die Studierenden lösen Aufgabenstellungen unter Anwendung von Methoden des Projektmanagements wie zum Beispiel des Netzplans, verschiedener Aufwandsschätzverfahren, Verfahren zur Leistungsfortschrittskontrolle (Earned Value Analyse).",,,,
Digitale Medien (B.Sc.),Hochschule Fulda,AI1124,Projektmanagement,4,Die Studierenden wenden insbesondere im Praktikum die verschiedenen Methoden und Techniken der Projektplanung am konkreten Anwendungsfall selbst an und präsentieren die Ergebnisse.,,,,
Digitale Medien (B.Sc.),Hochschule Fulda,AI1039,Robotik,1,Die Studierenden geben die Fachterminologie im Bereich der Robotik mit dem Schwerpunkt autonome mobile Roboter korrekt wieder.,,,,
Digitale Medien (B.Sc.),Hochschule Fulda,AI1039,Robotik,2,"Die Studierenden schildern sowohl die technischen (Mechanik, Antrieb, Sensorik, Aktuatorik) als auch die theoretischen Grundlagen der Robotik (Kinematik, Dynamik) und",,,,
Digitale Medien (B.Sc.),Hochschule Fulda,AI1039,Robotik,3,Die Studierenden berechnen die Pose eines Roboters im Raum anhand einer Roboterkarte sowie eines Aktions- und Sensormodells.,,,,
Digitale Medien (B.Sc.),Hochschule Fulda,AI1039,Robotik,4,Die Studierenden fusionieren Informationen aus verschiedenen Sensoren mittels Kalman-Filter.,,,,
Digitale Medien (B.Sc.),Hochschule Fulda,AI1039,Robotik,5,"Die Studierenden benennen Verfahren zur Steuerung, Kartenerstellung und Navigation von Robotern in einer Umgebung.",,,,
Digitale Medien (B.Sc.),Hochschule Fulda,AI1039,Robotik,6,Die Studierenden erklären die Grundlagen von Middleware-Systemen in der Robotik.,,,,
Digitale Medien (B.Sc.),Hochschule Fulda,AI1039,Robotik,7,Die Studierenden setzen die erworbenen Kenntnisse für konkrete Problemstellungen aus dem Bereich mobiler Roboter um.,,,,
Digitale Medien (B.Sc.),Hochschule Fulda,AI1027,TCP/IP-Programmierung,1,"Die Studierenden kennen die in der Praxis üblichen TCP/IP-Programmiertechniken und -mechanismen, sowie die Werkzeuge für verschiedene Entwicklungsphasen für Internet-Software und die Gegenüberstellung ihrer quantitativen Charakteristika.",,,,
Digitale Medien (B.Sc.),Hochschule Fulda,AI1027,TCP/IP-Programmierung,2,"Die Laborversuche umfassen den Entwurf und die Implementierung vollständiger, lauffähiger Internet-Protokolle (basierend auf IPv4 und IPv6), Clienten und Serverprogramme als Modifikation bzw. Erweiterung der in der Vorlesung behandelten Beispielprogramme.",,,,
Digitale Medien (B.Sc.),Hochschule Fulda,AI1053,Unternehmensplanspiel,1,"Die Studierenden sind in der Lage, selbstständig (bzw. in Teamarbeit) betriebswirtschaftliche Entscheidungen unter Berücksichtigung von deren Konsequenzen (z.B. auf Cash Flow oder Gewinn) zu treffen.",,,,
Digitale Medien (B.Sc.),Hochschule Fulda,AI1046,Visualisierung,1,"Die Studierenden lernen Theorie und Praxis, Regeln und Werkzeuge für die Umsetzung von Informationen und Daten in eine visuelle Darstellung (visuelle Kommunikation) kennen.",,,,
Digitale Medien (B.Sc.),Hochschule Fulda,AI1046,Visualisierung,2,Die Studierenden erläutern die Grundregeln der visuellen Kommunikation und leiten von diesen Regeln für die Verwendung ab.,,,,
Digitale Medien (B.Sc.),Hochschule Fulda,AI1046,Visualisierung,3,Die Studierenden beschreiben und interpretieren bildliche Abbildungen anhand ihrer visuellen Inhalte.,,,,
Digitale Medien (B.Sc.),Hochschule Fulda,AI1046,Visualisierung,4,Die Studierenden klassifizieren Bilder anhand ihrer visuell sichtbaren Zeichen und Inhalte.,,,,
Digitale Medien (B.Sc.),Hochschule Fulda,AI1046,Visualisierung,5,Die Studierenden setzen Typographie in der visuellen Kommunikation sachgemäß und zielgerichtet ein.,,,,
Digitale Medien (B.Sc.),Hochschule Fulda,AI1046,Visualisierung,6,Die Studierenden wenden die Grundlagen der Wahrnehmung in den eigenen Gestaltungen an.,,,,
Digitale Medien (B.Sc.),Hochschule Fulda,AI1046,Visualisierung,7,Die Studierenden wählen geeignete Werkzeuge für die Umsetzung und Visualisierung von Informationen und Daten aus und begründen ihre Auswahl.,,,,
Digitale Medien (B.Sc.),Hochschule Fulda,AI1046,Visualisierung,8,Die Studierenden visualisieren Erklärungs- und Lernprozessen mit geeigneten Werkzeugen.,,,,
Digitale Medien (B.Sc.),Hochschule Fulda,AI1046,Visualisierung,9,"Die Studierenden setzten eigenständig und sachgemäß visuelle Darstellungen von Informationen und Daten, mit gängiger Grafiksoftware oder einfachen Programmierungen, um.",,,,
Digitale Medien (B.Sc.),Hochschule Fulda,AI1444,Visual Computing,1,Die Studierenden erhalten einen Überblick über die Kerngebiete des Visual Computings und lernen entsprechende Modelle und Methoden kennen.,,,,
Digitale Medien (B.Sc.),Hochschule Fulda,AI1444,Visual Computing,2,Sie verstehen die wichtigsten Verfahren zur Bildsynthese (Computergraphik bzw. Visualisierung) sowie zur Bildanalyse (Computer Vision) und können diese bei grundlegenden Bildsynthese- und Bildanalyse-Problemen anwenden.,,,,
Elektrotechnik und Informationstechnik (B.Sc.),Hochschule Fulda,ET1000,Mathematik 1,1,"die wichtigen Begriffe der Mathematik (z.B. Zahlenmengen, Funktionen, Folgen) und der analytischen Geometrie und linearen Algebra (z.B. Vektoren, Matrizen) zu verstehen",,,,
Elektrotechnik und Informationstechnik (B.Sc.),Hochschule Fulda,ET1000,Mathematik 1,2,die grundlegenden Techniken und Methoden zur Lösung von Gleichungen und zur Untersuchung von Funktionen zu beherrschen,,,,
Elektrotechnik und Informationstechnik (B.Sc.),Hochschule Fulda,ET1000,Mathematik 1,3,die Funktionen zu analysieren und ihre Eigenschaften zur Lösung verschiedener Probleme anzuwenden,,,,
Elektrotechnik und Informationstechnik (B.Sc.),Hochschule Fulda,ET1002,Grundlagen der Elektrotechnik 1 – Gleichstromnetzwerke,1,die wichtigsten passiven elektrotechnischen Bauelemente zu benennen und zu erklären,,,,
Elektrotechnik und Informationstechnik (B.Sc.),Hochschule Fulda,ET1002,Grundlagen der Elektrotechnik 1 – Gleichstromnetzwerke,2,Verfahren zur Berechnung linearer elektrischer Netzwerke anzuwenden,,,,
Elektrotechnik und Informationstechnik (B.Sc.),Hochschule Fulda,ET1002,Grundlagen der Elektrotechnik 1 – Gleichstromnetzwerke,3,nichtlineare Netzwerke grundlegend zu beschreiben und zu berechnen,,,,
Elektrotechnik und Informationstechnik (B.Sc.),Hochschule Fulda,ET1599,Physik,1,mit der Dynamik eines Massepunktes umzugehen und einfache Probleme der Newtonschen Mechanik (eines Massepunktes) zu berechnen,,,,
Elektrotechnik und Informationstechnik (B.Sc.),Hochschule Fulda,ET1599,Physik,2,Trägheitsmomente und Drehbewegungen einfacher starrer Körper zu berechnen,,,,
Elektrotechnik und Informationstechnik (B.Sc.),Hochschule Fulda,ET1599,Physik,3,die Theorie der Schwingungs- und Wellenvorgänge bei der Lösung einfacher Probleme anzuwenden,,,,
Elektrotechnik und Informationstechnik (B.Sc.),Hochschule Fulda,ET1599,Physik,4,Begriffe und Gesetze der technischen Thermodynamik wiederzugeben und anzuwenden,,,,
Elektrotechnik und Informationstechnik (B.Sc.),Hochschule Fulda,ET1599,Physik,5,die Grundlagen der spez.,,,,
Elektrotechnik und Informationstechnik (B.Sc.),Hochschule Fulda,ET1599,Physik,6,Relativitätstheorie zu beschreiben und den rechnerischen Umgang mit deren technischen Konsequenzen zu nennen,,,,
Elektrotechnik und Informationstechnik (B.Sc.),Hochschule Fulda,ET1599,Physik,7,"qualitativ die Physik der Halbleiter, deren Dotierung und den Aufbau eines pn-Übergangs zu erklären und einfache Probleme in diesem Zusammenhang zu lösen",,,,
Elektrotechnik und Informationstechnik (B.Sc.),Hochschule Fulda,ET1599,Physik,8,qualitativ die chem.,,,,
Elektrotechnik und Informationstechnik (B.Sc.),Hochschule Fulda,ET1599,Physik,9,"Bindungen, die Kristallstrukturen, die Kristallfehler und den Aufbau von Polymeren zu beschreiben",,,,
Elektrotechnik und Informationstechnik (B.Sc.),Hochschule Fulda,ET1003,Digitaltechnik und sprachliche Grundlagen,1,einfache Digitalschaltungen zu konstruieren,,,,
Elektrotechnik und Informationstechnik (B.Sc.),Hochschule Fulda,ET1003,Digitaltechnik und sprachliche Grundlagen,2,die grundlegenden Konzepte des Aufbaus und der Programmierung von Rechnern wiederzugeben,,,,
Elektrotechnik und Informationstechnik (B.Sc.),Hochschule Fulda,ET1010,Grundlagen der Programmierung,1,"Die Teilnehmenden sind in der Lage, in einer imperativen Programmiersprache unter Anwendung der Programmiermethodik kleinere Aufgaben und Probleme programmtechnisch zu lösen.",,,,
Elektrotechnik und Informationstechnik (B.Sc.),Hochschule Fulda,ET1600,Technikprojekt,1,die typischen Aufgaben von Ingenieur*innen wiederzugeben,,,,
Elektrotechnik und Informationstechnik (B.Sc.),Hochschule Fulda,ET1600,Technikprojekt,2,die Bedeutung der Technik für Gesellschaft und Wirtschaft zu erklären,,,,
Elektrotechnik und Informationstechnik (B.Sc.),Hochschule Fulda,ET1600,Technikprojekt,3,selbstständig und in Teams zu arbeiten,,,,
Elektrotechnik und Informationstechnik (B.Sc.),Hochschule Fulda,ET1600,Technikprojekt,4,"eine vorgebebene Aufgabenstellung im Team zu analysieren, zu lösen und zu präsentieren",,,,
Elektrotechnik und Informationstechnik (B.Sc.),Hochschule Fulda,ET1600,Technikprojekt,5,naturwissenschaftlich zu denken und methodisch zu arbeiten Die Teilnehmenden beherrschen:,,,,
Elektrotechnik und Informationstechnik (B.Sc.),Hochschule Fulda,ET1600,Technikprojekt,6,Grundverständnis für technische und physikalische Zusammenhänge,,,,
Elektrotechnik und Informationstechnik (B.Sc.),Hochschule Fulda,ET1600,Technikprojekt,7,Verständnis einfacher elektrischer Schaltungen,,,,
Elektrotechnik und Informationstechnik (B.Sc.),Hochschule Fulda,ET1600,Technikprojekt,8,die Erstellung einfacher mechanische Konstruktionen,,,,
Elektrotechnik und Informationstechnik (B.Sc.),Hochschule Fulda,ET1600,Technikprojekt,9,die Bedienung von einfachen Messgeräten,,,,
Elektrotechnik und Informationstechnik (B.Sc.),Hochschule Fulda,ET1600,Technikprojekt,10,Messungen an einfachen Schaltungen durchzuführen und zu bewerten,,,,
Elektrotechnik und Informationstechnik (B.Sc.),Hochschule Fulda,ET1600,Technikprojekt,11,einfache Programmieraufgaben mit einem eingebetteten System zu lösen,,,,
Elektrotechnik und Informationstechnik (B.Sc.),Hochschule Fulda,ET1600,Technikprojekt,12,Literatur und Internetrecherche wissenschaftlich fundiert zu nutzen,,,,
Elektrotechnik und Informationstechnik (B.Sc.),Hochschule Fulda,ET1600,Technikprojekt,13,methodisches Arbeiten,,,,
Elektrotechnik und Informationstechnik (B.Sc.),Hochschule Fulda,ET1006,Mathematik 2,1,die Grundlagen der Differential- und Integralrechnung zu beherrschen und die grundlegenden Techniken anzuwenden,,,,
Elektrotechnik und Informationstechnik (B.Sc.),Hochschule Fulda,ET1006,Mathematik 2,2,verschiedene Typen von Differentialgleichungen zu lösen und ihre Bedeutung für Anwendungen zu verstehen,,,,
Elektrotechnik und Informationstechnik (B.Sc.),Hochschule Fulda,ET1009,Grundlagen der Elektrotechnik 2 – Wechselstromnetzwerke,1,das Frequenzverhalten einfacher Wechselstromschaltungen zu berechnen,,,,
Elektrotechnik und Informationstechnik (B.Sc.),Hochschule Fulda,ET1009,Grundlagen der Elektrotechnik 2 – Wechselstromnetzwerke,2,"Ströme, Spannungen und Leistungen in Mehrphasensystemen zu berechnen",,,,
Elektrotechnik und Informationstechnik (B.Sc.),Hochschule Fulda,ET1009,Grundlagen der Elektrotechnik 2 – Wechselstromnetzwerke,3,transiente Vorgänge zu berechnen,,,,
Elektrotechnik und Informationstechnik (B.Sc.),Hochschule Fulda,ET1588,Xperience Lab 1,1,"Versuchsanordnungen zu ausgewählten Themen der Vorlesungen Grundlagen der Elektrotechnik 1 und 2, Messtechnik und Physik unter Einsatz unterschiedlicher Messmittel und Bauelemente aufzubauen",,,,
Elektrotechnik und Informationstechnik (B.Sc.),Hochschule Fulda,ET1588,Xperience Lab 1,2,das Vorlesungswissen aus Grundlagen der Elektrotechnik 1 und 2 und Physik in praktischen Versuchen anzuwenden,,,,
Elektrotechnik und Informationstechnik (B.Sc.),Hochschule Fulda,ET1588,Xperience Lab 1,3,Messergebnisse zu dokumentieren und zu bewerten,,,,
Elektrotechnik und Informationstechnik (B.Sc.),Hochschule Fulda,ET1588,Xperience Lab 1,4,Fehlerschranken zu ermitteln,,,,
Elektrotechnik und Informationstechnik (B.Sc.),Hochschule Fulda,ET1588,Xperience Lab 1,5,Im Team zu arbeiten,,,,
Elektrotechnik und Informationstechnik (B.Sc.),Hochschule Fulda,ET1049,Objektorientierte Programmierung,1,eine objektorientierte Programmiersprache und die Grundelemente der objektorientierten Modellierung unter Verwendung der UML zu nutzen,,,,
Elektrotechnik und Informationstechnik (B.Sc.),Hochschule Fulda,ET1049,Objektorientierte Programmierung,2,abstrakte Datentypen zu realisieren und zu verwenden,,,,
Elektrotechnik und Informationstechnik (B.Sc.),Hochschule Fulda,ET1601,Wissenschaftliches Arbeiten und Technisches Englisch,1,"die Methodik für das Anfertigen von wissenschaftlichen Arbeiten aus dem Bereich der Elektrotechnik und Informationstechnik, der Erneuerbaren Energien oder der Mechatronik (je nach Studiengang) anzuwenden.",,,,
Elektrotechnik und Informationstechnik (B.Sc.),Hochschule Fulda,ET1601,Wissenschaftliches Arbeiten und Technisches Englisch,2,wissenschaftlicher Frage- und Problemstellungen zu formulieren,,,,
Elektrotechnik und Informationstechnik (B.Sc.),Hochschule Fulda,ET1601,Wissenschaftliches Arbeiten und Technisches Englisch,3,mit wissenschaftlichen Quellen zu arbeiten,,,,
Elektrotechnik und Informationstechnik (B.Sc.),Hochschule Fulda,ET1601,Wissenschaftliches Arbeiten und Technisches Englisch,4,selbstständig wissenschaftliche Arbeiten nach anerkannten Standards anzufertigen,,,,
Elektrotechnik und Informationstechnik (B.Sc.),Hochschule Fulda,ET1601,Wissenschaftliches Arbeiten und Technisches Englisch,5,Arbeitsergebnisse auf Englisch zu präsentieren,,,,
Elektrotechnik und Informationstechnik (B.Sc.),Hochschule Fulda,ET1019,Einführung in die BWL – Einführung in das Recht,1,Die Teilnehmenden sind in der Lage rechtliche und betriebswirtschaftliche Rahmenbedingungen ingenieurswissenschaftlicher Tätigkeiten zu erläutern.,,,,
Elektrotechnik und Informationstechnik (B.Sc.),Hochschule Fulda,ET1602,Mathematik 3,1,die Grundlagen der harmonischen Analysis zu erklären,,,,
Elektrotechnik und Informationstechnik (B.Sc.),Hochschule Fulda,ET1602,Mathematik 3,2,die Analogien und Unterschiede zwischen ein- und mehrdimensionaler Analysis wiederzugeben und zu erklären,,,,
Elektrotechnik und Informationstechnik (B.Sc.),Hochschule Fulda,ET1602,Mathematik 3,3,Aufgaben mit Hilfe erlernter Methoden selbständig zu bearbeiten,,,,
Elektrotechnik und Informationstechnik (B.Sc.),Hochschule Fulda,ET1602,Mathematik 3,4,Methoden der Numerik anhand ausgewählter Themen anzuwenden,,,,
Elektrotechnik und Informationstechnik (B.Sc.),Hochschule Fulda,ET1602,Mathematik 3,5,Computer-Programme für numerische Rechnungen einzusetzen,,,,
Elektrotechnik und Informationstechnik (B.Sc.),Hochschule Fulda,ET1602,Mathematik 3,6,Simulationen durch Entwicklung eines komplexen Modells anzuwenden,,,,
Elektrotechnik und Informationstechnik (B.Sc.),Hochschule Fulda,ET1014,Grundlagen der Elektrotechnik 3 –,1,"die physikalischen Phänomene, auf denen die Elektrotechnik aufbaut, wiederzugeben und zu erläutern",,,,
Elektrotechnik und Informationstechnik (B.Sc.),Hochschule Fulda,ET1014,Grundlagen der Elektrotechnik 3 –,2,die oben genannten Phänomene mit mathematischen Methoden zu beschreiben,,,,
Elektrotechnik und Informationstechnik (B.Sc.),Hochschule Fulda,ET1014,Grundlagen der Elektrotechnik 3 –,3,einfache Problemstellungen aus diesem Themenkreis mit angemessenen Lösungsansätzen selbständig zu bearbeiten,,,,
Elektrotechnik und Informationstechnik (B.Sc.),Hochschule Fulda,ET1013,Energietechnik,1,einen Überblick über die Aufgaben der modernen Energietechnik und ihren technischen Lösungen zu geben,,,,
Elektrotechnik und Informationstechnik (B.Sc.),Hochschule Fulda,ET1013,Energietechnik,2,wichtige Grundbegriffe der Energietechnik wiederzugeben und diese anhand einfacher Skizzen und Berechnungen zu erläutern,,,,
Elektrotechnik und Informationstechnik (B.Sc.),Hochschule Fulda,ET1013,Energietechnik,3,die historische Entwicklung der Teilgebiete der Energietechnik und ihres Zusammenhangs mit allgemeinen gesellschaftlichen Fortschritten wiederzugeben,,,,
Elektrotechnik und Informationstechnik (B.Sc.),Hochschule Fulda,ET1013,Energietechnik,4,"Erzeugung, Übertragung und Verbrauch elektrischer Energie zu erklären und die hierfür notwendigen Betriebsmittel zu nennen",,,,
Elektrotechnik und Informationstechnik (B.Sc.),Hochschule Fulda,ET1013,Energietechnik,5,selbständig ergänzende Fachliteratur auszuwählen und zu nutzen,,,,
Elektrotechnik und Informationstechnik (B.Sc.),Hochschule Fulda,ET1015,Elektronik,1,die wichtigsten aktiven Bauelemente und deren Modelle zu erklären,,,,
Elektrotechnik und Informationstechnik (B.Sc.),Hochschule Fulda,ET1015,Elektronik,2,"mit realen, d.h. frequenzabhängigen, nichtlinearen, temperaturabhängigen und alternden Bauelementen stabile Schaltungen mit vorgegebenen Eigenschaften zu entwerfen",,,,
Elektrotechnik und Informationstechnik (B.Sc.),Hochschule Fulda,ET1015,Elektronik,3,die Problematik der Anwendung vereinfachter Modelle auf reale Sachverhalte darzulegen,,,,
Elektrotechnik und Informationstechnik (B.Sc.),Hochschule Fulda,ET1016,Einführung in die Messtechnik und Systemtheorie,1,"die theoretischen sowie praktischen Grundlagen des Messens wiederzugeben, zu erläutern und anzuwenden",,,,
Elektrotechnik und Informationstechnik (B.Sc.),Hochschule Fulda,ET1016,Einführung in die Messtechnik und Systemtheorie,2,"die wesentlichen Grundlagen auf dem Gebiet des Messens physikalischer Größen zu wiederholen und Probleme bei der Vorbereitung, Durchführung und Auswertung von Messungen selbständig zu lösen",,,,
Elektrotechnik und Informationstechnik (B.Sc.),Hochschule Fulda,ET1016,Einführung in die Messtechnik und Systemtheorie,3,in den begleitenden Übungen das erlernte theoretische Wissen auf realitätsnahe Beispiele anzuwenden,,,,
Elektrotechnik und Informationstechnik (B.Sc.),Hochschule Fulda,ET1047,Wahrscheinlichkeitsrechnung und Statistik,1,Die Teilnehmenden,,,,
Elektrotechnik und Informationstechnik (B.Sc.),Hochschule Fulda,ET1047,Wahrscheinlichkeitsrechnung und Statistik,2,lernen das Denken in Wahrscheinlichkeiten und sind sich der zugrundeliegenden Annahmen und der Gefahr von Irrtümern bewusst,,,,
Elektrotechnik und Informationstechnik (B.Sc.),Hochschule Fulda,ET1047,Wahrscheinlichkeitsrechnung und Statistik,3,lernen die wichtigsten Begriffe der elementaren Wahrscheinlichkeitsrechnung und Statistik kennen,,,,
Elektrotechnik und Informationstechnik (B.Sc.),Hochschule Fulda,ET1047,Wahrscheinlichkeitsrechnung und Statistik,4,können Aufgaben zu den erlernten Methoden selbständig bearbeiten,,,,
Elektrotechnik und Informationstechnik (B.Sc.),Hochschule Fulda,ET1047,Wahrscheinlichkeitsrechnung und Statistik,5,"lernen, zu einem gegebenen Problem ein zutreffendes wahrscheinlichkeitstheoretisches Modell zu finden",,,,
Elektrotechnik und Informationstechnik (B.Sc.),Hochschule Fulda,ET1047,Wahrscheinlichkeitsrechnung und Statistik,6,"lernen, statistisch begründete Aussagen kritisch zu werten",,,,
Elektrotechnik und Informationstechnik (B.Sc.),Hochschule Fulda,ET1596,Xperience Lab 2,1,"Versuchsanordnungen zu ausgewählten Themen der Vorlesungen Grundlagen der Elektrotechnik 3, Elektronik, Messtechnik und Regelungstechnik unter Einsatz unterschiedlicher Messmittel und Bauelemente aufzubauen",,,,
Elektrotechnik und Informationstechnik (B.Sc.),Hochschule Fulda,ET1596,Xperience Lab 2,2,Messergebnisse zu bewerten und zu dokumentieren.,,,,
Elektrotechnik und Informationstechnik (B.Sc.),Hochschule Fulda,ET1596,Xperience Lab 2,3,im Team zu arbeiten,,,,
Elektrotechnik und Informationstechnik (B.Sc.),Hochschule Fulda,ET1048,Aufbau elektronischer Schaltungen,1,aktive und passive Bauelemente in Aufbau und grundlegender Funktion zu verstehen,,,,
Elektrotechnik und Informationstechnik (B.Sc.),Hochschule Fulda,ET1048,Aufbau elektronischer Schaltungen,2,aktive und passive Bauelemente nach technischen Anforderungen auszuwählen,,,,
Elektrotechnik und Informationstechnik (B.Sc.),Hochschule Fulda,ET1048,Aufbau elektronischer Schaltungen,3,eine einfache elektronische / leistungselektronische Schaltung zu berechnen und auszulegen,,,,
Elektrotechnik und Informationstechnik (B.Sc.),Hochschule Fulda,ET1048,Aufbau elektronischer Schaltungen,4,eine einfache elektronische / leistungselektronische Schaltung praktisch zu realisieren,,,,
Elektrotechnik und Informationstechnik (B.Sc.),Hochschule Fulda,ET1048,Aufbau elektronischer Schaltungen,5,eine einfache elektronische / leistungselektronische Schaltung in Betrieb zu nehmen und zu vermessen Die Teilnehmenden beherrschen:,,,,
Elektrotechnik und Informationstechnik (B.Sc.),Hochschule Fulda,ET1048,Aufbau elektronischer Schaltungen,6,Grundkenntnisse über den Einsatz von aktiven Bauelementen (Halbleiterbauelemente),,,,
Elektrotechnik und Informationstechnik (B.Sc.),Hochschule Fulda,ET1048,Aufbau elektronischer Schaltungen,7,Grundkenntnisse über den Einsatz von passiven Bauelementen,,,,
Elektrotechnik und Informationstechnik (B.Sc.),Hochschule Fulda,ET1048,Aufbau elektronischer Schaltungen,8,die Bauteileauswahl nach Datenblatt,,,,
Elektrotechnik und Informationstechnik (B.Sc.),Hochschule Fulda,ET1048,Aufbau elektronischer Schaltungen,9,Analyse der Funktion einfacher elektronischer / leistungselektronischer Schaltungen,,,,
Elektrotechnik und Informationstechnik (B.Sc.),Hochschule Fulda,ET1048,Aufbau elektronischer Schaltungen,10,"die Bedienung von elektrischen Messgeräten (Multimeter, Oszilloskop)",,,,
Elektrotechnik und Informationstechnik (B.Sc.),Hochschule Fulda,ET1048,Aufbau elektronischer Schaltungen,11,Messungen an elektronischen / leistungselektronischen Schaltungen durchzuführen und zu bewerten,,,,
Elektrotechnik und Informationstechnik (B.Sc.),Hochschule Fulda,ET1048,Aufbau elektronischer Schaltungen,12,methodisches Arbeiten,,,,
Elektrotechnik und Informationstechnik (B.Sc.),Hochschule Fulda,ET1050,Signale und Systeme,1,einen Überblick über Aufgaben und Methoden der Systemtheorie in der Informationstechnik zu geben,,,,
Elektrotechnik und Informationstechnik (B.Sc.),Hochschule Fulda,ET1050,Signale und Systeme,2,wichtige Grundbegriffe der Systemtheorie wiederzugeben und sie anhand einfacher Skizzen und Berechnungen zu erläutern,,,,
Elektrotechnik und Informationstechnik (B.Sc.),Hochschule Fulda,ET1050,Signale und Systeme,3,ausgewählte Aufgaben aus der Systemtheorie selbstständig zu lösen,,,,
Elektrotechnik und Informationstechnik (B.Sc.),Hochschule Fulda,ET1050,Signale und Systeme,4,in Gruppen zu arbeiten,,,,
Elektrotechnik und Informationstechnik (B.Sc.),Hochschule Fulda,ET1050,Signale und Systeme,5,selbstständig ergänzende Fachliteratur zu nutzen,,,,
Elektrotechnik und Informationstechnik (B.Sc.),Hochschule Fulda,ET1022,Regelungstechnik 1,1,das Naturprinzip des Regelns wiederzugeben und die Einsatzpotentiale der industriellen Regelungstechnik zu beurteilen,,,,
Elektrotechnik und Informationstechnik (B.Sc.),Hochschule Fulda,ET1022,Regelungstechnik 1,2,"anhand der vermittelten theoretischen Kenntnisse und anhand der gängigen Verfahren im Zeit- und Frequenzbereich einfache lineare, zeitkontinuierliche Regekreise selbständig zu analysieren und zu entwerfen",,,,
Elektrotechnik und Informationstechnik (B.Sc.),Hochschule Fulda,ET1021,Mechanische Konstruktion,1,die Grundlagen des systematischen Konstruierens mechanischer Komponenten und Geräte wiederzugeben und diese zu entwerfen,,,,
Elektrotechnik und Informationstechnik (B.Sc.),Hochschule Fulda,ET1021,Mechanische Konstruktion,2,einfache mechanische Strukturen mit den Methoden der Technischen Mechanik zu berechnen und auszulegen,,,,
Elektrotechnik und Informationstechnik (B.Sc.),Hochschule Fulda,ET1021,Mechanische Konstruktion,3,einen Überblick über Konstruktionselemente mechanischer Bauteile und Baugruppen zu geben,,,,
Elektrotechnik und Informationstechnik (B.Sc.),Hochschule Fulda,ET1021,Mechanische Konstruktion,4,einen Überblick über grundlegende Fertigungsverfahren des Maschinenbaus zu geben,,,,
Elektrotechnik und Informationstechnik (B.Sc.),Hochschule Fulda,ET1021,Mechanische Konstruktion,5,Normung und Zertifizierung und deren Anwendung zu beschreiben,,,,
Elektrotechnik und Informationstechnik (B.Sc.),Hochschule Fulda,ET1021,Mechanische Konstruktion,6,einfache Bauteile und Baugruppen mit Hilfe eines CAD-Programms systematisch zu entwickeln,,,,
Elektrotechnik und Informationstechnik (B.Sc.),Hochschule Fulda,ET1021,Mechanische Konstruktion,7,Methoden zur Lösung konstruktiver Probleme anzuwenden,,,,
Elektrotechnik und Informationstechnik (B.Sc.),Hochschule Fulda,ET1020,Digital- und Mikroprozessortechnik,1,einen Überblick über die verschiedenen Realisierungsmöglichkeiten einer Schaltung zu geben,,,,
Elektrotechnik und Informationstechnik (B.Sc.),Hochschule Fulda,ET1020,Digital- und Mikroprozessortechnik,2,Moore- und Mealy-Automaten zu entwerfen,,,,
Elektrotechnik und Informationstechnik (B.Sc.),Hochschule Fulda,ET1020,Digital- und Mikroprozessortechnik,3,den grundsätzlichen Aufbau eines Mikroprozessor-Systems zu erläutern und einfache Mikroprozessorsysteme zu konzipieren,,,,
Elektrotechnik und Informationstechnik (B.Sc.),Hochschule Fulda,ET1020,Digital- und Mikroprozessortechnik,4,Assembler-Programme für Mikroprozessoren zu schreiben,,,,
Elektrotechnik und Informationstechnik (B.Sc.),Hochschule Fulda,ET1033,Fallstudie & Präsentation 2,1,eigenständig in Gruppen von zwei bis drei Teilnehmer*innen ein vorgegebenes Projekt mit einem technischen bzw. ingenieurtechnischen Schwerpunkt durchzuführen,,,,
Elektrotechnik und Informationstechnik (B.Sc.),Hochschule Fulda,ET1033,Fallstudie & Präsentation 2,2,die bisher im Studium erworbenen mathematischen bzw. technischen Kompetenzen anzuwenden und zu vertiefen,,,,
Elektrotechnik und Informationstechnik (B.Sc.),Hochschule Fulda,ET1033,Fallstudie & Präsentation 2,3,"ein Projekt zu planen, zu organisieren und zu präsentieren",,,,
Elektrotechnik und Informationstechnik (B.Sc.),Hochschule Fulda,ET1033,Fallstudie & Präsentation 2,4,ein Lasten- und Pflichtenheft zu erstellen,,,,
Elektrotechnik und Informationstechnik (B.Sc.),Hochschule Fulda,ET1033,Fallstudie & Präsentation 2,5,effektiv zu kommunizieren und kooperativ in Teams zu arbeiten,,,,
Elektrotechnik und Informationstechnik (B.Sc.),Hochschule Fulda,ET1033,Fallstudie & Präsentation 2,6,Verantwortung für ihre Aufgaben zu übernehmen und sich selbstständig zu motivieren,,,,
Elektrotechnik und Informationstechnik (B.Sc.),Hochschule Fulda,ET1034,Berufspraktikum,1,sich im Berufsfeld oder verwandten Gebieten der Elektrotechnik und Informationstechnik zu orientieren,,,,
Elektrotechnik und Informationstechnik (B.Sc.),Hochschule Fulda,ET1034,Berufspraktikum,2,Studieninhalte in die betriebliche Praxis zu übertragen und dort anzuwenden,,,,
Elektrotechnik und Informationstechnik (B.Sc.),Hochschule Fulda,ET1034,Berufspraktikum,3,"die eigene, individuelle Qualifikation zu analysieren und zu bewerten",,,,
Elektrotechnik und Informationstechnik (B.Sc.),Hochschule Fulda,ET1034,Berufspraktikum,4,"Perspektiven für das weitere Studium, die Abschlussarbeit (Bachelor-Thesis) und den weiteren Berufsweg abzuschätzen",,,,
Elektrotechnik und Informationstechnik (B.Sc.),Hochschule Fulda,ET1034,Berufspraktikum,5,praktische Kenntnisse zu vertiefen und berufstypische Arbeitsweisen anzuwenden,,,,
Elektrotechnik und Informationstechnik (B.Sc.),Hochschule Fulda,ET1034,Berufspraktikum,6,"technische, soziale und organisatorische Zusammenhänge der Arbeitswelt wiederzugeben und auf routinemäßige Arbeitsvorgänge anzuwenden",,,,
Elektrotechnik und Informationstechnik (B.Sc.),Hochschule Fulda,ET1034,Berufspraktikum,7,Vorschläge für die Bearbeitung berufsrelevanter Arbeitsschritte zu erarbeiten und durchzuführen,,,,
Elektrotechnik und Informationstechnik (B.Sc.),Hochschule Fulda,ET1034,Berufspraktikum,8,über die gemachten Praxiserfahrungen zu berichten und diese zu reflektieren,,,,
Elektrotechnik und Informationstechnik (B.Sc.),Hochschule Fulda,ET1051,Abschlussmodul,1,"Die Teilnehmenden sollen durch die erworbenen Fähigkeiten und Methoden im Studium zeigen, dass sie innerhalb einer vorgegebenen Frist",,,,
Elektrotechnik und Informationstechnik (B.Sc.),Hochschule Fulda,ET1051,Abschlussmodul,2,unter Anleitung einer oder mehrerer Betreuungspersonen qualifizierte Problemstellungen aus dem Bereich Elektrotechnik und Informationstechnik oder verwandten Gebieten selbständig bearbeiten können,,,,
Elektrotechnik und Informationstechnik (B.Sc.),Hochschule Fulda,ET1051,Abschlussmodul,3,Lösungswege und Ergebnisse sowohl schriftlich als auch mündlich darstellen und vertreten können,,,,
Elektrotechnik und Informationstechnik (B.Sc.),Hochschule Fulda,ET1055,Praktikum: Automatisierungstechnik,1,"Die Teilnehmenden sind in der Lage, technische Grundlagen, den Einsatz, die Struktur, den Aufbau und die Funktion moderner Systeme in der Automatisierungstechnik wieder zu geben.",,,,
Elektrotechnik und Informationstechnik (B.Sc.),Hochschule Fulda,ET1055,Praktikum: Automatisierungstechnik,2,Sie kennen Komponenten und Geräte mit denen Maschinen und Anlagen automatisiert werden können.,,,,
Elektrotechnik und Informationstechnik (B.Sc.),Hochschule Fulda,ET1055,Praktikum: Automatisierungstechnik,3,"Sie haben die Fähigkeit kleine und mittlere Anlagen mit Hilfe von speicherprogrammierbaren Steuerungen zu programmieren, zu vernetzen und sowohl schrittweise als auch als Gesamtanlage in Betrieb zu nehmen.",,,,
Elektrotechnik und Informationstechnik (B.Sc.),Hochschule Fulda,ET1054,Automatisierungstechnik 1,1,"Die Teilnehmenden sind in der Lage, technische Grundlagen, den Einsatz, die Struktur, den Aufbau und die Funktion moderner Systeme in der Automatisierungstechnik wieder zu geben.",,,,
Elektrotechnik und Informationstechnik (B.Sc.),Hochschule Fulda,ET1054,Automatisierungstechnik 1,2,"Sie kennen Komponenten und Geräte, mit denen Maschinen und Anlagen automatisiert werden können.",,,,
Elektrotechnik und Informationstechnik (B.Sc.),Hochschule Fulda,ET1054,Automatisierungstechnik 1,3,"Sie haben die Fähigkeit, Speicherprogrammierbare Steuerungen für kleine und mittlere Anlagen zu programmieren, zu testen und einzusetzen.",,,,
Elektrotechnik und Informationstechnik (B.Sc.),Hochschule Fulda,ET1054,Automatisierungstechnik 1,4,Insbesondere moderne automatisierungstechnische Komponenten sind neben funktionalen auch nach energetischen und umweltfreundlichen Kriterien zu beurteilen.,,,,
Elektrotechnik und Informationstechnik (B.Sc.),Hochschule Fulda,ET1054,Automatisierungstechnik 1,5,Die Studierenden verfügen über grundlegende Kenntnisse bzgl. der Anforderungen an industrielle Energieeffizienz von Anlagen und deren Problematik bei Zustandsübergängen.,,,,
Elektrotechnik und Informationstechnik (B.Sc.),Hochschule Fulda,ET1052,Regelungstechnik 2,1,nichtlineare Systeme um einen Arbeitspunkt zu linearisieren,,,,
Elektrotechnik und Informationstechnik (B.Sc.),Hochschule Fulda,ET1052,Regelungstechnik 2,2,Steuer- und Beobachtbarkeit sowie Stabilität von Prozessen zu untersuchen,,,,
Elektrotechnik und Informationstechnik (B.Sc.),Hochschule Fulda,ET1052,Regelungstechnik 2,3,Systeme im Zustandsraum zu beschreiben sowie Zustandsregler und Beobachter zu entwerfen,,,,
Elektrotechnik und Informationstechnik (B.Sc.),Hochschule Fulda,ET1052,Regelungstechnik 2,4,erweiterte Regelkreisstrukturen zu entwerfen und zu bemessen,,,,
Elektrotechnik und Informationstechnik (B.Sc.),Hochschule Fulda,ET1053,Prozessdynamik und -identifikation,1,die Methoden der Modellbildung von dynamischen Prozessen der Automatisierungstechnik wiederzugeben und zu erläutern,,,,
Elektrotechnik und Informationstechnik (B.Sc.),Hochschule Fulda,ET1053,Prozessdynamik und -identifikation,2,geeignete mathematische Modellgleichungen aufzustellen und erforderliche Modellparameter zu ermitteln,,,,
Elektrotechnik und Informationstechnik (B.Sc.),Hochschule Fulda,ET1053,Prozessdynamik und -identifikation,3,"mit Hilfe typischer Simulationssoftware auf Grundlage der aufgestellten Modellgleichungen die statische und dynamische Analyse vorzunehmen, sowie Simulationen durchzuführen",,,,
Elektrotechnik und Informationstechnik (B.Sc.),Hochschule Fulda,ET1433,Fallstudie & Präsentation 1,1,eigenständig in Gruppen von zwei bis drei Teilnehmer*innen ein vorgegebenes Projekt mit einem technischen bzw. ingenieurtechnischen Schwerpunkt durchzuführen,,,,
Elektrotechnik und Informationstechnik (B.Sc.),Hochschule Fulda,ET1433,Fallstudie & Präsentation 1,2,die bisher im Studium erworbenen mathematischen bzw. technischen Kompetenzen anzuwenden und zu vertiefen,,,,
Elektrotechnik und Informationstechnik (B.Sc.),Hochschule Fulda,ET1433,Fallstudie & Präsentation 1,3,"ein Projekt zu planen, zu organisieren und zu präsentieren",,,,
Elektrotechnik und Informationstechnik (B.Sc.),Hochschule Fulda,ET1433,Fallstudie & Präsentation 1,4,ein Lasten- und Pflichtenheft zu erstellen,,,,
Elektrotechnik und Informationstechnik (B.Sc.),Hochschule Fulda,ET1433,Fallstudie & Präsentation 1,5,effektiv zu kommunizieren und kooperativ in Teams zu arbeiten,,,,
Elektrotechnik und Informationstechnik (B.Sc.),Hochschule Fulda,ET1433,Fallstudie & Präsentation 1,6,Verantwortung für ihre Aufgaben zu übernehmen und sich selbstständig zu motivieren,,,,
Elektrotechnik und Informationstechnik (B.Sc.),Hochschule Fulda,ET1097,Praktikum: Regelungstechnik,1,Die Teilnehmenden:,,,,
Elektrotechnik und Informationstechnik (B.Sc.),Hochschule Fulda,ET1097,Praktikum: Regelungstechnik,2,"sind in der Lage, Simulationen von regelungstechnischen Anwendungen in Matlab/Simulink zu erstellen",,,,
Elektrotechnik und Informationstechnik (B.Sc.),Hochschule Fulda,ET1097,Praktikum: Regelungstechnik,3,können Regelstrecken klassifizieren und deren Parameter/Eigenschaften bestimmen,,,,
Elektrotechnik und Informationstechnik (B.Sc.),Hochschule Fulda,ET1097,Praktikum: Regelungstechnik,4,kennen verschiedene Methoden zum Reglerentwurf und können diese anwenden,,,,
Elektrotechnik und Informationstechnik (B.Sc.),Hochschule Fulda,ET1097,Praktikum: Regelungstechnik,5,können Regelergebnisse darstellen und nach Gütekriterien bewerten,,,,
Elektrotechnik und Informationstechnik (B.Sc.),Hochschule Fulda,ET1097,Praktikum: Regelungstechnik,6,können den Versuchsverlauf dokumentieren,,,,
Elektrotechnik und Informationstechnik (B.Sc.),Hochschule Fulda,ET1097,Praktikum: Regelungstechnik,7,sind in der Lage mit Hardwarekomponenten (Kompaktreglern) aus dem industriellen Umfeld der Regelungs- und Automatisierungstechnik umzugehen,,,,
Elektrotechnik und Informationstechnik (B.Sc.),Hochschule Fulda,ET1589,Automatisierungstechnik 2,1,"Die Teilnehmenden sind in der Lage technische Grundlagen, den Einsatz, die Struktur, den Aufbau und die Funktion moderner Peripheriegeräte in der Prozessautomation und allgemeinen Automatisierungstechnik wiederzugeben.",,,,
Elektrotechnik und Informationstechnik (B.Sc.),Hochschule Fulda,ET1589,Automatisierungstechnik 2,2,"Sie kennen Gerätetypen, Prozessschnittstellen und Diagnosesysteme mit denen das Prozessabbild zwischen Steuerungen und technischen Prozessen automatisiert werden können.",,,,
Elektrotechnik und Informationstechnik (B.Sc.),Hochschule Fulda,ET1589,Automatisierungstechnik 2,3,Sie kennen die Grundlagen der Bibliothekskonzepte speicherprogrammierbarer Steuerungen und können diese anwenden und erweitern.,,,,
Elektrotechnik und Informationstechnik (B.Sc.),Hochschule Fulda,ET1589,Automatisierungstechnik 2,4,"Sie haben die Fähigkeit Peripheriegeräte für speicherprogrammierbare Steuerungen für kleine und mittlere Anlagen auszuwählen, zu konfigurieren, zu programmieren, zu testen und einzusetzen.",,,,
Elektrotechnik und Informationstechnik (B.Sc.),Hochschule Fulda,ET1589,Automatisierungstechnik 2,5,"Die Teilnehmenden lernen Fachinhalte anderer Module, wie beispielsweise Informatik, technische Mechanik, Elektrotechnik 1/2/3 oder Energietechnik in automatisierungstechnischen Systemen anzuwenden.",,,,
Elektrotechnik und Informationstechnik (B.Sc.),Hochschule Fulda,ET1057,Regelungstechnik 3,1,die Einsatzpotentiale von zeitdiskreten Regelungen der industriellen Automatisierungstechnik zu beurteilen,,,,
Elektrotechnik und Informationstechnik (B.Sc.),Hochschule Fulda,ET1057,Regelungstechnik 3,2,Anhand der vermittelten theoretischen Kenntnisse einfache digitale Regelkreise selbständig zu analysieren und zu entwerfen,,,,
Elektrotechnik und Informationstechnik (B.Sc.),Hochschule Fulda,ET1057,Regelungstechnik 3,3,ausgehend von den vorgestellten Beispielen ähnlich gelagerte Probleme selbständig zu lösen,,,,
Elektrotechnik und Informationstechnik (B.Sc.),Hochschule Fulda,ET1056,Roboter- und Manipulatortechnik,1,"anhand vermittelter theoretischer Kenntnisse der Robotik aus den Bereichen Mechanik, Kinematik und Kinetik, der Antriebssteuerung/-regelung der Antriebe von Industrierobotern, Bahnberechnung und Programmierung von Bewegungsabläufen die grundsätzlichen technischen Funktionen zu verstehen und die Einsatzgebiete von Industrierobotern, speziell im Bereich Produktionstechnik in Grundzügen zu beurteilen",,,,
Elektrotechnik und Informationstechnik (B.Sc.),Hochschule Fulda,ET1056,Roboter- und Manipulatortechnik,2,"den Einsatz von Industrierobotern im industriellen Umfeld zu planen, projektieren und in Grundzügen zu programmieren",,,,
Elektrotechnik und Informationstechnik (B.Sc.),Hochschule Fulda,ET1099,Praktikum: Eingebettete Systeme,1,Softwareprojekte für eingebettete Systeme durchzuführen,,,,
Elektrotechnik und Informationstechnik (B.Sc.),Hochschule Fulda,ET1099,Praktikum: Eingebettete Systeme,2,"Software für eingebettete Systeme zu entwerfen, zu implementieren und in Betrieb zu nehmen",,,,
Elektrotechnik und Informationstechnik (B.Sc.),Hochschule Fulda,ET1099,Praktikum: Eingebettete Systeme,3,nach einem Terminplan das Entwicklungsprojekt in einem Zweier-Team durchzuführen,,,,
Elektrotechnik und Informationstechnik (B.Sc.),Hochschule Fulda,ET1099,Praktikum: Eingebettete Systeme,4,das Projektergebnis zu präsentieren,,,,
Elektrotechnik und Informationstechnik (B.Sc.),Hochschule Fulda,ET1061,Eingebettete Systeme,1,"den Hardware-Aufbau, die Software-Architektur und die Funktionsweise von eingebetteten Systemen in verschiedenen Einsatzgebieten der Kommunikationstechnik und Steuerungstechnik wiederzugeben",,,,
Elektrotechnik und Informationstechnik (B.Sc.),Hochschule Fulda,ET1061,Eingebettete Systeme,2,eingebettete Systeme eigenständig zu konzipieren und zu entwerfen,,,,
Elektrotechnik und Informationstechnik (B.Sc.),Hochschule Fulda,ET1061,Eingebettete Systeme,3,Programme für die Kommunikation mit Sensoren und Aktoren zu entwerfen,,,,
Elektrotechnik und Informationstechnik (B.Sc.),Hochschule Fulda,ET1059,VLSI-Design,1,den Entwurf komplexer Digitalschaltungen zu realisieren,,,,
Elektrotechnik und Informationstechnik (B.Sc.),Hochschule Fulda,ET1059,VLSI-Design,2,"verschiedene Alternativen zur Realisierung wiederzugeben und können die Entwurfsmethoden (Top-Down, Bottom-Up) erklären",,,,
Elektrotechnik und Informationstechnik (B.Sc.),Hochschule Fulda,ET1059,VLSI-Design,3,"Digitalschaltungen in einer Hardware Description Language (HDL) zu programmieren, zu simulieren und auf einer Ziel-Hardware zu testen.",,,,
Elektrotechnik und Informationstechnik (B.Sc.),Hochschule Fulda,ET1059,VLSI-Design,4,die wirtschaftlichen und technischen Rahmenbedingungen des Einsatzes integrierter Bausteine zu beurteilen,,,,
Elektrotechnik und Informationstechnik (B.Sc.),Hochschule Fulda,ET1060,EDA (Schaltungen und Platinen),1,Methoden zur Entwicklung von analogen Schaltungen und Platinen mit Hilfe von Entwurfs- und Simulationswerkzeugen wiederzugeben und diese in Grundzügen anzuwenden,,,,
Elektrotechnik und Informationstechnik (B.Sc.),Hochschule Fulda,ET1060,EDA (Schaltungen und Platinen),2,Beispiele für analoge Schaltungen und Konstruktionselemente von elektronischen Bauteilen und Platinen zu verstehen und wiederzugeben,,,,
Elektrotechnik und Informationstechnik (B.Sc.),Hochschule Fulda,ET1060,EDA (Schaltungen und Platinen),3,die Wärmeabfuhr bei elektronischen Bauteilen und Geräten überschlägig zu berechnen,,,,
Elektrotechnik und Informationstechnik (B.Sc.),Hochschule Fulda,ET1060,EDA (Schaltungen und Platinen),4,Störungen elektronischer Schaltungen und Geräte (EMV) einzuordnen und Methoden ihrer Vermeidung vorzuschlagen,,,,
Elektrotechnik und Informationstechnik (B.Sc.),Hochschule Fulda,ET1060,EDA (Schaltungen und Platinen),5,Sinn und Zweck von Normung und Zertifizierung wiederzugeben,,,,
Elektrotechnik und Informationstechnik (B.Sc.),Hochschule Fulda,ET1060,EDA (Schaltungen und Platinen),6,exemplarisch die Spice-Simulation von Schaltungen sowie die Simulation der Signalintegrität der entflochtenen (gerouteten) Platine (optional) auszuführen,,,,
Elektrotechnik und Informationstechnik (B.Sc.),Hochschule Fulda,ET1060,EDA (Schaltungen und Platinen),7,komplexe Design-Werkzeuge für Schaltungs- und Platinenentwurf und Simulation zu o.g.,,,,
Elektrotechnik und Informationstechnik (B.Sc.),Hochschule Fulda,ET1060,EDA (Schaltungen und Platinen),8,Fragestellungen in den Grundlagen zu nutzen,,,,
Elektrotechnik und Informationstechnik (B.Sc.),Hochschule Fulda,ET1433,Fallstudie & Präsentation 1,1,eigenständig in Gruppen von zwei bis drei Teilnehmer*innen ein vorgegebenes Projekt mit einem technischen bzw. ingenieurtechnischen Schwerpunkt durchzuführen,,,,
Elektrotechnik und Informationstechnik (B.Sc.),Hochschule Fulda,ET1433,Fallstudie & Präsentation 1,2,die bisher im Studium erworbenen mathematischen bzw. technischen Kompetenzen anzuwenden und zu vertiefen,,,,
Elektrotechnik und Informationstechnik (B.Sc.),Hochschule Fulda,ET1433,Fallstudie & Präsentation 1,3,"ein Projekt zu planen, zu organisieren und zu präsentieren",,,,
Elektrotechnik und Informationstechnik (B.Sc.),Hochschule Fulda,ET1433,Fallstudie & Präsentation 1,4,ein Lasten- und Pflichtenheft zu erstellen,,,,
Elektrotechnik und Informationstechnik (B.Sc.),Hochschule Fulda,ET1433,Fallstudie & Präsentation 1,5,effektiv zu kommunizieren und kooperativ in Teams zu arbeiten,,,,
Elektrotechnik und Informationstechnik (B.Sc.),Hochschule Fulda,ET1433,Fallstudie & Präsentation 1,6,Verantwortung für ihre Aufgaben zu übernehmen und sich selbstständig zu motivieren,,,,
Elektrotechnik und Informationstechnik (B.Sc.),Hochschule Fulda,ET1062,Praktikum: Mikrocontroller und Signalprozessoren,1,Projekte mit Mikrocontrollern zu bearbeiten,,,,
Elektrotechnik und Informationstechnik (B.Sc.),Hochschule Fulda,ET1062,Praktikum: Mikrocontroller und Signalprozessoren,2,moderne Entwurfswerkzeuge wie Debugger und Simulator einzusetzen,,,,
Elektrotechnik und Informationstechnik (B.Sc.),Hochschule Fulda,ET1062,Praktikum: Mikrocontroller und Signalprozessoren,3,sich anhand der eingeübten Vorgehensweise in neue Prozessoren einzuarbeiten,,,,
Elektrotechnik und Informationstechnik (B.Sc.),Hochschule Fulda,ET1064,Rechnerarchitektur und Rechnerorganisation,1,den internen Aufbau und die Hardwarearchitektur moderner Rechnersysteme für verschiedene Einsatzgebiete wiederzugeben,,,,
Elektrotechnik und Informationstechnik (B.Sc.),Hochschule Fulda,ET1064,Rechnerarchitektur und Rechnerorganisation,2,unterschiedliche Prozessorarchitekturen in Hinblick auf ihre Einsatzgebiete zu beurteilen und Rechnersysteme für unterschiedliche Einsatzgebiete zu entwerfen und aufzubauen,,,,
Elektrotechnik und Informationstechnik (B.Sc.),Hochschule Fulda,ET1065,Betriebssysteme für eingebettete Systeme,1,eine Übersicht über Betriebssysteme für eingebettete Systeme und deren Einsatz zu geben,,,,
Elektrotechnik und Informationstechnik (B.Sc.),Hochschule Fulda,ET1065,Betriebssysteme für eingebettete Systeme,2,Standards für und den Aufbau von Betriebssystemen für eingebettete Systeme wiederzugeben,,,,
Elektrotechnik und Informationstechnik (B.Sc.),Hochschule Fulda,ET1065,Betriebssysteme für eingebettete Systeme,3,"zu beurteilen, welches Betriebssystem für ein eingebettetes System optimal einsetzbar ist",,,,
Elektrotechnik und Informationstechnik (B.Sc.),Hochschule Fulda,ET1063,Software Engineering,1,die Grundsätze des Software-Engineerings wiederzugeben,,,,
Elektrotechnik und Informationstechnik (B.Sc.),Hochschule Fulda,ET1063,Software Engineering,2,diese allein und im Team anzuwenden,,,,
Elektrotechnik und Informationstechnik (B.Sc.),Hochschule Fulda,ET1631,Einführung in Frameworks autonomer mobiler Robotik,1,einfache ROS-Anwendungen basierend auf den zur Verfügung stehenden ROS-Komponenten zu entwickeln.,,,,
Elektrotechnik und Informationstechnik (B.Sc.),Hochschule Fulda,ET1631,Einführung in Frameworks autonomer mobiler Robotik,2,Daten von Entfernungs- und Bildsensoren auszulesen,,,,
Elektrotechnik und Informationstechnik (B.Sc.),Hochschule Fulda,ET1631,Einführung in Frameworks autonomer mobiler Robotik,3,Austauschformate anhand von Datenblättern in ROS-Nachrichten zu implementieren,,,,
Elektrotechnik und Informationstechnik (B.Sc.),Hochschule Fulda,ET1631,Einführung in Frameworks autonomer mobiler Robotik,4,einfache Algorithmen zur Steuerung autonomer mobiler Roboter in ROS zu implementieren,,,,
Elektrotechnik und Informationstechnik (B.Sc.),Hochschule Fulda,ET1631,Einführung in Frameworks autonomer mobiler Robotik,5,die Implementierungen in realistischen Szenarien zu testen,,,,
Elektrotechnik und Informationstechnik (B.Sc.),Hochschule Fulda,ET1631,Einführung in Frameworks autonomer mobiler Robotik,6,die Performance der Algorithmen anhand aussagekräftiger Experimente und Metriken zu bewerten,,,,
Elektrotechnik und Informationstechnik (B.Sc.),Hochschule Fulda,ET1041,Feldbusse,1,"Die Teilnehmenden sind in der Lage, technische Grundlagen, den Einsatz, die Struktur, den Aufbau und die Funktion moderner industrieller Kommunikationstechnologie wieder zu geben.",,,,
Elektrotechnik und Informationstechnik (B.Sc.),Hochschule Fulda,ET1041,Feldbusse,2,"Sie kennen Komponenten und Geräte, mit denen mobile und stationäre Systeme vernetzt werden können sowie eine Auswahl an Kommunikationsprotokollen und deren applikationsspezifische Anwendung.",,,,
Elektrotechnik und Informationstechnik (B.Sc.),Hochschule Fulda,ET1041,Feldbusse,3,"Sie haben die Fähigkeit, Kommunikationsnetzwerke auf Basis von Feldbussen und Feldbusprotokollen zu beurteilen, zu entwerfen, aufzubauen, zu programmieren, zu testen, zu diagnostizieren und einzusetzen.",,,,
Elektrotechnik und Informationstechnik (B.Sc.),Hochschule Fulda,ET1041,Feldbusse,4,Das Modul integriert Fachkompetenzen der Digitaltechnik und der Informatik.,,,,
Elektrotechnik und Informationstechnik (B.Sc.),Hochschule Fulda,ET1041,Feldbusse,5,"Die Modulsprache ist teilweise Deutsch und Englisch, da Spezifikationen von Feldbussystemen häufig in Englischer Sprache verfasst werden.",,,,
Elektrotechnik und Informationstechnik (B.Sc.),Hochschule Fulda,ET1040,Numerische Feldberechnung mit der Finite-Elemente-Methode,1,Einsatzbereiche und theoretische Grundlagen von Finite-Elemente-Analysen (FEA) widerzugeben,,,,
Elektrotechnik und Informationstechnik (B.Sc.),Hochschule Fulda,ET1040,Numerische Feldberechnung mit der Finite-Elemente-Methode,2,FE-Modelle zu erstellen,,,,
Elektrotechnik und Informationstechnik (B.Sc.),Hochschule Fulda,ET1040,Numerische Feldberechnung mit der Finite-Elemente-Methode,3,numerische Simulationen mittels FEA durchzuführen und die erhaltenen Resultate kritisch zu beurteilen,,,,
Elektrotechnik und Informationstechnik (B.Sc.),Hochschule Fulda,ET1037,Vektoranalysis und zusätzliche Kapitel der mehrdimensionalen,1,Kurven- und Oberflächenintegrale zu berechnen,,,,
Elektrotechnik und Informationstechnik (B.Sc.),Hochschule Fulda,ET1037,Vektoranalysis und zusätzliche Kapitel der mehrdimensionalen,2,den Zusammenhang zwischen konkreten Kurven- und Oberflächenintegralen und dem Formalismus der Differentialformen zu verstehen,,,,
Elektrotechnik und Informationstechnik (B.Sc.),Hochschule Fulda,ET1037,Vektoranalysis und zusätzliche Kapitel der mehrdimensionalen,3,"den Zusammenhang zwischen den Begriffen Gradient, Divergenz, Rotation und dem Formalismus der Differentialformen zu verstehen",,,,
Erneuerbare Energien (B.Sc.),Hochschule Fulda,ET1000,Mathematik 1,1,"die wichtigen Begriffe der Mathematik (z.B. Zahlenmengen, Funktionen, Folgen) und der analytischen Geometrie und linearen Algebra (z.B. Vektoren, Matrizen) zu verstehen",,,,
Erneuerbare Energien (B.Sc.),Hochschule Fulda,ET1000,Mathematik 1,2,die grundlegenden Techniken und Methoden zur Lösung von Gleichungen und zur Untersuchung von Funktionen zu beherrschen,,,,
Erneuerbare Energien (B.Sc.),Hochschule Fulda,ET1000,Mathematik 1,3,die Funktionen zu analysieren und ihre Eigenschaften zur Lösung verschiedener Probleme anzuwenden,,,,
Erneuerbare Energien (B.Sc.),Hochschule Fulda,ET1002,Grundlagen der Elektrotechnik 1 – Gleichstromnetzwerke,1,die wichtigsten passiven elektrotechnischen Bauelemente zu benennen und zu erklären,,,,
Erneuerbare Energien (B.Sc.),Hochschule Fulda,ET1002,Grundlagen der Elektrotechnik 1 – Gleichstromnetzwerke,2,Verfahren zur Berechnung linearer elektrischer Netzwerke anzuwenden,,,,
Erneuerbare Energien (B.Sc.),Hochschule Fulda,ET1002,Grundlagen der Elektrotechnik 1 – Gleichstromnetzwerke,3,nichtlineare Netzwerke grundlegend zu beschreiben und zu berechnen,,,,
Erneuerbare Energien (B.Sc.),Hochschule Fulda,ET1599,Physik,1,mit der Dynamik eines Massepunktes umzugehen und einfache Probleme der Newtonschen Mechanik (eines Massepunktes) zu berechnen,,,,
Erneuerbare Energien (B.Sc.),Hochschule Fulda,ET1599,Physik,2,Trägheitsmomente und Drehbewegungen einfacher starrer Körper zu berechnen,,,,
Erneuerbare Energien (B.Sc.),Hochschule Fulda,ET1599,Physik,3,die Theorie der Schwingungs- und Wellenvorgänge bei der Lösung einfacher Probleme anzuwenden,,,,
Erneuerbare Energien (B.Sc.),Hochschule Fulda,ET1599,Physik,4,Begriffe und Gesetze der technischen Thermodynamik wiederzugeben und anzuwenden,,,,
Erneuerbare Energien (B.Sc.),Hochschule Fulda,ET1599,Physik,5,die Grundlagen der spez.,,,,
Erneuerbare Energien (B.Sc.),Hochschule Fulda,ET1599,Physik,6,Relativitätstheorie zu beschreiben und den rechnerischen Umgang mit deren technischen Konsequenzen zu nennen,,,,
Erneuerbare Energien (B.Sc.),Hochschule Fulda,ET1599,Physik,7,"qualitativ die Physik der Halbleiter, deren Dotierung und den Aufbau eines pn-Übergangs zu erklären und einfache Probleme in diesem Zusammenhang zu lösen",,,,
Erneuerbare Energien (B.Sc.),Hochschule Fulda,ET1599,Physik,8,qualitativ die chem.,,,,
Erneuerbare Energien (B.Sc.),Hochschule Fulda,ET1599,Physik,9,"Bindungen, die Kristallstrukturen, die Kristallfehler und den Aufbau von Polymeren zu beschreiben",,,,
Erneuerbare Energien (B.Sc.),Hochschule Fulda,ET1005,Technische Mechanik 1 – Statik,1,die Grundlagen und Methoden der Statik anzuwenden,,,,
Erneuerbare Energien (B.Sc.),Hochschule Fulda,ET1005,Technische Mechanik 1 – Statik,2,abgegrenzte Belastungsaufgaben zu lösen,,,,
Erneuerbare Energien (B.Sc.),Hochschule Fulda,ET1005,Technische Mechanik 1 – Statik,3,Aufgaben zur Ermittlung von Schnittgrößen zu erklären und zu lösen,,,,
Erneuerbare Energien (B.Sc.),Hochschule Fulda,ET1003,Digitaltechnik und sprachliche Grundlagen,1,einfache Digitalschaltungen zu konstruieren,,,,
Erneuerbare Energien (B.Sc.),Hochschule Fulda,ET1003,Digitaltechnik und sprachliche Grundlagen,2,die grundlegenden Konzepte des Aufbaus und der Programmierung von Rechnern wiederzugeben,,,,
Erneuerbare Energien (B.Sc.),Hochschule Fulda,ET1010,Grundlagen der Programmierung,1,"Die Teilnehmenden sind in der Lage, in einer imperativen Programmiersprache unter Anwendung der Programmiermethodik kleinere Aufgaben und Probleme programmtechnisch zu lösen.",,,,
Erneuerbare Energien (B.Sc.),Hochschule Fulda,ET1006,Mathematik 2,1,die Grundlagen der Differential- und Integralrechnung zu beherrschen und die grundlegenden Techniken anzuwenden,,,,
Erneuerbare Energien (B.Sc.),Hochschule Fulda,ET1006,Mathematik 2,2,verschiedene Typen von Differentialgleichungen zu lösen und ihre Bedeutung für Anwendungen zu verstehen,,,,
Erneuerbare Energien (B.Sc.),Hochschule Fulda,ET1009,Grundlagen der Elektrotechnik 2 – Wechselstromnetzwerke,1,das Frequenzverhalten einfacher Wechselstromschaltungen zu berechnen,,,,
Erneuerbare Energien (B.Sc.),Hochschule Fulda,ET1009,Grundlagen der Elektrotechnik 2 – Wechselstromnetzwerke,2,"Ströme, Spannungen und Leistungen in Mehrphasensystemen zu berechnen",,,,
Erneuerbare Energien (B.Sc.),Hochschule Fulda,ET1009,Grundlagen der Elektrotechnik 2 – Wechselstromnetzwerke,3,transiente Vorgänge zu berechnen,,,,
Erneuerbare Energien (B.Sc.),Hochschule Fulda,ET1601,Wissenschaftliches Arbeiten und Technisches Englisch,1,"die Methodik für das Anfertigen von wissenschaftlichen Arbeiten aus dem Bereich der Elektrotechnik und Informationstechnik, der Erneuerbaren Energien oder der Mechatronik (je nach Studiengang) anzuwenden.",,,,
Erneuerbare Energien (B.Sc.),Hochschule Fulda,ET1601,Wissenschaftliches Arbeiten und Technisches Englisch,2,wissenschaftlicher Frage- und Problemstellungen zu formulieren,,,,
Erneuerbare Energien (B.Sc.),Hochschule Fulda,ET1601,Wissenschaftliches Arbeiten und Technisches Englisch,3,mit wissenschaftlichen Quellen zu arbeiten,,,,
Erneuerbare Energien (B.Sc.),Hochschule Fulda,ET1601,Wissenschaftliches Arbeiten und Technisches Englisch,4,selbstständig wissenschaftliche Arbeiten nach anerkannten Standards anzufertigen,,,,
Erneuerbare Energien (B.Sc.),Hochschule Fulda,ET1601,Wissenschaftliches Arbeiten und Technisches Englisch,5,Arbeitsergebnisse auf Englisch zu präsentieren,,,,
Erneuerbare Energien (B.Sc.),Hochschule Fulda,ET1011,Technische Mechanik 2 – Dynamik,1,geometrische und zeitliche Abläufe von Bewegungen und ihre Wechselwirkungen mit Kräften und Momenten zu analysieren,,,,
Erneuerbare Energien (B.Sc.),Hochschule Fulda,ET1011,Technische Mechanik 2 – Dynamik,2,die wesentlichen dynamischen Grundgesetze auf einfache Problemstellungen anzuwenden,,,,
Erneuerbare Energien (B.Sc.),Hochschule Fulda,ET1011,Technische Mechanik 2 – Dynamik,3,das kinematische und kinetische Verhalten von Punkten und starren Körpern in der Ebene zu beurteilen,,,,
Erneuerbare Energien (B.Sc.),Hochschule Fulda,ET1600,Technikprojekt,1,die typischen Aufgaben von Ingenieur*innen wiederzugeben,,,,
Erneuerbare Energien (B.Sc.),Hochschule Fulda,ET1600,Technikprojekt,2,die Bedeutung der Technik für Gesellschaft und Wirtschaft zu erklären,,,,
Erneuerbare Energien (B.Sc.),Hochschule Fulda,ET1600,Technikprojekt,3,selbstständig und in Teams zu arbeiten,,,,
Erneuerbare Energien (B.Sc.),Hochschule Fulda,ET1600,Technikprojekt,4,"eine vorgebebene Aufgabenstellung im Team zu analysieren, zu lösen und zu präsentieren",,,,
Erneuerbare Energien (B.Sc.),Hochschule Fulda,ET1600,Technikprojekt,5,naturwissenschaftlich zu denken und methodisch zu arbeiten Die Teilnehmenden beherrschen:,,,,
Erneuerbare Energien (B.Sc.),Hochschule Fulda,ET1600,Technikprojekt,6,Grundverständnis für technische und physikalische Zusammenhänge,,,,
Erneuerbare Energien (B.Sc.),Hochschule Fulda,ET1600,Technikprojekt,7,Verständnis einfacher elektrischer Schaltungen,,,,
Erneuerbare Energien (B.Sc.),Hochschule Fulda,ET1600,Technikprojekt,8,die Erstellung einfacher mechanische Konstruktionen,,,,
Erneuerbare Energien (B.Sc.),Hochschule Fulda,ET1600,Technikprojekt,9,die Bedienung von einfachen Messgeräten,,,,
Erneuerbare Energien (B.Sc.),Hochschule Fulda,ET1600,Technikprojekt,10,Messungen an einfachen Schaltungen durchzuführen und zu bewerten,,,,
Erneuerbare Energien (B.Sc.),Hochschule Fulda,ET1600,Technikprojekt,11,einfache Programmieraufgaben mit einem eingebetteten System zu lösen,,,,
Erneuerbare Energien (B.Sc.),Hochschule Fulda,ET1600,Technikprojekt,12,Literatur und Internetrecherche wissenschaftlich fundiert zu nutzen,,,,
Erneuerbare Energien (B.Sc.),Hochschule Fulda,ET1600,Technikprojekt,13,methodisches Arbeiten,,,,
Erneuerbare Energien (B.Sc.),Hochschule Fulda,ET1588,Xperience Lab 1,1,"Versuchsanordnungen zu ausgewählten Themen der Vorlesungen Grundlagen der Elektrotechnik 1 und 2, Messtechnik und Physik unter Einsatz unterschiedlicher Messmittel und Bauelemente aufzubauen",,,,
Erneuerbare Energien (B.Sc.),Hochschule Fulda,ET1588,Xperience Lab 1,2,das Vorlesungswissen aus Grundlagen der Elektrotechnik 1 und 2 und Physik in praktischen Versuchen anzuwenden,,,,
Erneuerbare Energien (B.Sc.),Hochschule Fulda,ET1588,Xperience Lab 1,3,Messergebnisse zu dokumentieren und zu bewerten,,,,
Erneuerbare Energien (B.Sc.),Hochschule Fulda,ET1588,Xperience Lab 1,4,Fehlerschranken zu ermitteln,,,,
Erneuerbare Energien (B.Sc.),Hochschule Fulda,ET1588,Xperience Lab 1,5,Im Team zu arbeiten,,,,
Erneuerbare Energien (B.Sc.),Hochschule Fulda,ET1602,Mathematik 3,1,die Grundlagen der harmonischen Analysis zu erklären,,,,
Erneuerbare Energien (B.Sc.),Hochschule Fulda,ET1602,Mathematik 3,2,die Analogien und Unterschiede zwischen ein- und mehrdimensionaler Analysis wiederzugeben und zu erklären,,,,
Erneuerbare Energien (B.Sc.),Hochschule Fulda,ET1602,Mathematik 3,3,Aufgaben mit Hilfe erlernter Methoden selbständig zu bearbeiten,,,,
Erneuerbare Energien (B.Sc.),Hochschule Fulda,ET1602,Mathematik 3,4,Methoden der Numerik anhand ausgewählter Themen anzuwenden,,,,
Erneuerbare Energien (B.Sc.),Hochschule Fulda,ET1602,Mathematik 3,5,Computer-Programme für numerische Rechnungen einzusetzen,,,,
Erneuerbare Energien (B.Sc.),Hochschule Fulda,ET1602,Mathematik 3,6,Simulationen durch Entwicklung eines komplexen Modells anzuwenden,,,,
Erneuerbare Energien (B.Sc.),Hochschule Fulda,ET1014,Grundlagen der Elektrotechnik 3 –,1,"die physikalischen Phänomene, auf denen die Elektrotechnik aufbaut, wiederzugeben und zu erläutern",,,,
Erneuerbare Energien (B.Sc.),Hochschule Fulda,ET1014,Grundlagen der Elektrotechnik 3 –,2,die oben genannten Phänomene mit mathematischen Methoden zu beschreiben,,,,
Erneuerbare Energien (B.Sc.),Hochschule Fulda,ET1014,Grundlagen der Elektrotechnik 3 –,3,einfache Problemstellungen aus diesem Themenkreis mit angemessenen Lösungsansätzen selbständig zu bearbeiten,,,,
Erneuerbare Energien (B.Sc.),Hochschule Fulda,ET1013,Energietechnik,1,einen Überblick über die Aufgaben der modernen Energietechnik und ihren technischen Lösungen zu geben,,,,
Erneuerbare Energien (B.Sc.),Hochschule Fulda,ET1013,Energietechnik,2,wichtige Grundbegriffe der Energietechnik wiederzugeben und diese anhand einfacher Skizzen und Berechnungen zu erläutern,,,,
Erneuerbare Energien (B.Sc.),Hochschule Fulda,ET1013,Energietechnik,3,die historische Entwicklung der Teilgebiete der Energietechnik und ihres Zusammenhangs mit allgemeinen gesellschaftlichen Fortschritten wiederzugeben,,,,
Erneuerbare Energien (B.Sc.),Hochschule Fulda,ET1013,Energietechnik,4,"Erzeugung, Übertragung und Verbrauch elektrischer Energie zu erklären und die hierfür notwendigen Betriebsmittel zu nennen",,,,
Erneuerbare Energien (B.Sc.),Hochschule Fulda,ET1013,Energietechnik,5,selbständig ergänzende Fachliteratur auszuwählen und zu nutzen,,,,
Erneuerbare Energien (B.Sc.),Hochschule Fulda,ET1015,Elektronik,1,die wichtigsten aktiven Bauelemente und deren Modelle zu erklären,,,,
Erneuerbare Energien (B.Sc.),Hochschule Fulda,ET1015,Elektronik,2,"mit realen, d.h. frequenzabhängigen, nichtlinearen, temperaturabhängigen und alternden Bauelementen stabile Schaltungen mit vorgegebenen Eigenschaften zu entwerfen",,,,
Erneuerbare Energien (B.Sc.),Hochschule Fulda,ET1015,Elektronik,3,die Problematik der Anwendung vereinfachter Modelle auf reale Sachverhalte darzulegen,,,,
Erneuerbare Energien (B.Sc.),Hochschule Fulda,ET1016,Einführung in die Messtechnik und Systemtheorie,1,"die theoretischen sowie praktischen Grundlagen des Messens wiederzugeben, zu erläutern und anzuwenden",,,,
Erneuerbare Energien (B.Sc.),Hochschule Fulda,ET1016,Einführung in die Messtechnik und Systemtheorie,2,"die wesentlichen Grundlagen auf dem Gebiet des Messens physikalischer Größen zu wiederholen und Probleme bei der Vorbereitung, Durchführung und Auswertung von Messungen selbständig zu lösen",,,,
Erneuerbare Energien (B.Sc.),Hochschule Fulda,ET1016,Einführung in die Messtechnik und Systemtheorie,3,in den begleitenden Übungen das erlernte theoretische Wissen auf realitätsnahe Beispiele anzuwenden,,,,
Erneuerbare Energien (B.Sc.),Hochschule Fulda,ET1017,Elektrische Maschinen und Antriebe,1,von einer elektrischen Maschine und von einem elektrischen Antrieb eine Ersatzschaltung zu entwickeln,,,,
Erneuerbare Energien (B.Sc.),Hochschule Fulda,ET1017,Elektrische Maschinen und Antriebe,2,aus Versuchsdaten oder mittels Datenblatt die Elemente der Ersatzschaltung zu bestimmen,,,,
Erneuerbare Energien (B.Sc.),Hochschule Fulda,ET1596,Xperience Lab 2,1,"Versuchsanordnungen zu ausgewählten Themen der Vorlesungen Grundlagen der Elektrotechnik 3, Elektronik, Messtechnik und Regelungstechnik unter Einsatz unterschiedlicher Messmittel und Bauelemente aufzubauen",,,,
Erneuerbare Energien (B.Sc.),Hochschule Fulda,ET1596,Xperience Lab 2,2,Messergebnisse zu bewerten und zu dokumentieren.,,,,
Erneuerbare Energien (B.Sc.),Hochschule Fulda,ET1596,Xperience Lab 2,3,im Team zu arbeiten,,,,
Erneuerbare Energien (B.Sc.),Hochschule Fulda,ET1029,Praktikum: Elektrische Maschinen und Energieelektronik,1,das Verhalten einer elektrischen Maschine und eines Stromrichters zu beurteilen,,,,
Erneuerbare Energien (B.Sc.),Hochschule Fulda,ET1029,Praktikum: Elektrische Maschinen und Energieelektronik,2,Messungen an elektrischen Maschinen und Stromrichtern durchzuführen und diese zu beschreiben,,,,
Erneuerbare Energien (B.Sc.),Hochschule Fulda,ET1029,Praktikum: Elektrische Maschinen und Energieelektronik,3,gewonnene Versuchsdaten zu analysieren und die Elemente einer Ersatzschaltung zu bestimmen,,,,
Erneuerbare Energien (B.Sc.),Hochschule Fulda,ET1597,Leistungselektronik,1,den Aufbau typischer Leistungshalbleiter wiederzugeben,,,,
Erneuerbare Energien (B.Sc.),Hochschule Fulda,ET1597,Leistungselektronik,2,das Schaltverhalten verschiedener Leistungshalbleiter zu erklären,,,,
Erneuerbare Energien (B.Sc.),Hochschule Fulda,ET1597,Leistungselektronik,3,den Aufbau passiver Bauelemente wiederzugeben,,,,
Erneuerbare Energien (B.Sc.),Hochschule Fulda,ET1597,Leistungselektronik,4,den Aufbau und die Funktion typischer leistungselektronischer Steller und Wandler zu erklären,,,,
Erneuerbare Energien (B.Sc.),Hochschule Fulda,ET1597,Leistungselektronik,5,"leistungselektronische Steller und Wandler zu berechnen, zu simulieren und zu dimensionieren",,,,
Erneuerbare Energien (B.Sc.),Hochschule Fulda,ET1020,Digital- und Mikroprozessortechnik,1,einen Überblick über die verschiedenen Realisierungsmöglichkeiten einer Schaltung zu geben,,,,
Erneuerbare Energien (B.Sc.),Hochschule Fulda,ET1020,Digital- und Mikroprozessortechnik,2,Moore- und Mealy-Automaten zu entwerfen,,,,
Erneuerbare Energien (B.Sc.),Hochschule Fulda,ET1020,Digital- und Mikroprozessortechnik,3,den grundsätzlichen Aufbau eines Mikroprozessor-Systems zu erläutern und einfache Mikroprozessorsysteme zu konzipieren,,,,
Erneuerbare Energien (B.Sc.),Hochschule Fulda,ET1020,Digital- und Mikroprozessortechnik,4,Assembler-Programme für Mikroprozessoren zu schreiben,,,,
Erneuerbare Energien (B.Sc.),Hochschule Fulda,ET1021,Mechanische Konstruktion,1,die Grundlagen des systematischen Konstruierens mechanischer Komponenten und Geräte wiederzugeben und diese zu entwerfen,,,,
Erneuerbare Energien (B.Sc.),Hochschule Fulda,ET1021,Mechanische Konstruktion,2,einfache mechanische Strukturen mit den Methoden der Technischen Mechanik zu berechnen und auszulegen,,,,
Erneuerbare Energien (B.Sc.),Hochschule Fulda,ET1021,Mechanische Konstruktion,3,einen Überblick über Konstruktionselemente mechanischer Bauteile und Baugruppen zu geben,,,,
Erneuerbare Energien (B.Sc.),Hochschule Fulda,ET1021,Mechanische Konstruktion,4,einen Überblick über grundlegende Fertigungsverfahren des Maschinenbaus zu geben,,,,
Erneuerbare Energien (B.Sc.),Hochschule Fulda,ET1021,Mechanische Konstruktion,5,Normung und Zertifizierung und deren Anwendung zu beschreiben,,,,
Erneuerbare Energien (B.Sc.),Hochschule Fulda,ET1021,Mechanische Konstruktion,6,einfache Bauteile und Baugruppen mit Hilfe eines CAD-Programms systematisch zu entwickeln,,,,
Erneuerbare Energien (B.Sc.),Hochschule Fulda,ET1021,Mechanische Konstruktion,7,Methoden zur Lösung konstruktiver Probleme anzuwenden,,,,
Erneuerbare Energien (B.Sc.),Hochschule Fulda,ET1022,Regelungstechnik 1,1,das Naturprinzip des Regelns wiederzugeben und die Einsatzpotentiale der industriellen Regelungstechnik zu beurteilen,,,,
Erneuerbare Energien (B.Sc.),Hochschule Fulda,ET1022,Regelungstechnik 1,2,"anhand der vermittelten theoretischen Kenntnisse und anhand der gängigen Verfahren im Zeit- und Frequenzbereich einfache lineare, zeitkontinuierliche Regekreise selbständig zu analysieren und zu entwerfen",,,,
Erneuerbare Energien (B.Sc.),Hochschule Fulda,ET1157,Praktikum: Regenerative Energieerzeugung,1,Laborversuche an Anlagen zur regenerativen Energieerzeugung und Elektromobilität durchzuführen und die Ergebnisse zu interpretieren,,,,
Erneuerbare Energien (B.Sc.),Hochschule Fulda,ET1157,Praktikum: Regenerative Energieerzeugung,2,"das Verhalten wichtiger Komponenten der regenerativen Energieerzeugung und Elektromobilität zu verstehen, wiederzugeben und zu beurteilen",,,,
Erneuerbare Energien (B.Sc.),Hochschule Fulda,ET1025,Elektromobilität,1,verschiedene Mobilitätskonzepte zu bewerten,,,,
Erneuerbare Energien (B.Sc.),Hochschule Fulda,ET1025,Elektromobilität,2,physikalisch-technische Grundlagen im Kontext der Mobilität anzuwenden,,,,
Erneuerbare Energien (B.Sc.),Hochschule Fulda,ET1025,Elektromobilität,3,die unterschiedlichen Fahrzeug- und Antriebskonzepte zu bewerten,,,,
Erneuerbare Energien (B.Sc.),Hochschule Fulda,ET1025,Elektromobilität,4,Energiespeicher für mobile Anwendungen zu beschreiben und zu diskutieren,,,,
Erneuerbare Energien (B.Sc.),Hochschule Fulda,ET1025,Elektromobilität,5,Fragestellungen zu den Grundlagen der Leistungselektronik in Fahrzeugen zu beantworten,,,,
Erneuerbare Energien (B.Sc.),Hochschule Fulda,ET1025,Elektromobilität,6,den Aufbau und die Komponenten von Fahrzeugbordnetzen zu beschreiben und zu diskutieren,,,,
Erneuerbare Energien (B.Sc.),Hochschule Fulda,ET1025,Elektromobilität,7,Geschäftsmodelle und Marktentwicklung zu beschreiben und zu diskutieren,,,,
Erneuerbare Energien (B.Sc.),Hochschule Fulda,ET1026,Regenerative Energieerzeugung,1,physikalisch-technische Grundlagen im Kontext der regenerativen Energieerzeugung anzuwenden,,,,
Erneuerbare Energien (B.Sc.),Hochschule Fulda,ET1026,Regenerative Energieerzeugung,2,regenerative Energiequellen und deren Potenziale zu beurteilen,,,,
Erneuerbare Energien (B.Sc.),Hochschule Fulda,ET1026,Regenerative Energieerzeugung,3,"die Theorie, Technologie und Ausführung von photovoltaischen Systemen, solarthermischen Systemen sowie Windkraftwerken zu beschreiben und zu vergleichen",,,,
Erneuerbare Energien (B.Sc.),Hochschule Fulda,ET1026,Regenerative Energieerzeugung,4,Energiespeicher für die Speicherung regenerativer Energien zu beschreiben und zu vergleichen,,,,
Erneuerbare Energien (B.Sc.),Hochschule Fulda,ET1026,Regenerative Energieerzeugung,5,Fragestellungen zu den Grundlagen der Leistungselektronik zu beantworten,,,,
Erneuerbare Energien (B.Sc.),Hochschule Fulda,ET1026,Regenerative Energieerzeugung,6,den Aufbau und die Komponenten von verschiedenen Energieerzeugungsanlagen zu beschreiben und zu diskutieren,,,,
Erneuerbare Energien (B.Sc.),Hochschule Fulda,ET1026,Regenerative Energieerzeugung,7,Geschäftsmodelle und Marktentwicklung zu beschreiben und zu diskutieren,,,,
Erneuerbare Energien (B.Sc.),Hochschule Fulda,ET1052,Regelungstechnik 2,1,nichtlineare Systeme um einen Arbeitspunkt zu linearisieren,,,,
Erneuerbare Energien (B.Sc.),Hochschule Fulda,ET1052,Regelungstechnik 2,2,Steuer- und Beobachtbarkeit sowie Stabilität von Prozessen zu untersuchen,,,,
Erneuerbare Energien (B.Sc.),Hochschule Fulda,ET1052,Regelungstechnik 2,3,Systeme im Zustandsraum zu beschreiben sowie Zustandsregler und Beobachter zu entwerfen,,,,
Erneuerbare Energien (B.Sc.),Hochschule Fulda,ET1052,Regelungstechnik 2,4,erweiterte Regelkreisstrukturen zu entwerfen und zu bemessen,,,,
Erneuerbare Energien (B.Sc.),Hochschule Fulda,ET1028,Fallstudie & Präsentation 1,1,eigenständig in Gruppen von zwei bis drei Teilnehmer*innen ein vorgegebenes Projekt mit einem technischen bzw. ingenieurtechnischen Schwerpunkt durchzuführen,,,,
Erneuerbare Energien (B.Sc.),Hochschule Fulda,ET1028,Fallstudie & Präsentation 1,2,die bisher im Studium erworbenen mathematischen bzw. technischen Kompetenzen anzuwenden und zu vertiefen,,,,
Erneuerbare Energien (B.Sc.),Hochschule Fulda,ET1028,Fallstudie & Präsentation 1,3,"ein Projekt zu planen, zu organisieren und zu präsentieren",,,,
Erneuerbare Energien (B.Sc.),Hochschule Fulda,ET1028,Fallstudie & Präsentation 1,4,ein Lasten- und Pflichtenheft zu erstellen,,,,
Erneuerbare Energien (B.Sc.),Hochschule Fulda,ET1028,Fallstudie & Präsentation 1,5,effektiv zu kommunizieren und kooperativ in Teams zu arbeiten,,,,
Erneuerbare Energien (B.Sc.),Hochschule Fulda,ET1028,Fallstudie & Präsentation 1,6,Verantwortung für ihre Aufgaben zu übernehmen und sich selbstständig zu motivieren,,,,
Erneuerbare Energien (B.Sc.),Hochschule Fulda,ET1019,Einführung in die BWL – Einführung in das Recht,1,Die Teilnehmenden sind in der Lage rechtliche und betriebswirtschaftliche Rahmenbedingungen ingenieurswissenschaftlicher Tätigkeiten zu erläutern.,,,,
Erneuerbare Energien (B.Sc.),Hochschule Fulda,ET1030,Energiemanagement und Energieeffizienz,1,"die Grundlagen im Bereich des Energiemanagements, d.h. die Erzeugung, den Transport und den Verbrauch verschiedener Energiearten unter Einbeziehung der entsprechenden Wirkungsgrade zu beschreiben, zu vergleichen und zu bewerten",,,,
Erneuerbare Energien (B.Sc.),Hochschule Fulda,ET1030,Energiemanagement und Energieeffizienz,2,"wichtige Randbedingungen, Strukturen und Verfahren der heutigen und der zukünftigen Energiewirtschaft mit Schwerpunkt auf die Elektrizitätswirtschaft zu diskutieren und abzuwägen",,,,
Erneuerbare Energien (B.Sc.),Hochschule Fulda,ET1030,Energiemanagement und Energieeffizienz,3,die Kriterien und Verfahren der rationellen Energieanwendung und Möglichkeiten der Reduktion des Energiebedarfs zu beschreiben und anzuwenden,,,,
Erneuerbare Energien (B.Sc.),Hochschule Fulda,ET1032,Energiespeicher,1,die unterschiedlichen Arten der Energiespeicherung darzustellen,,,,
Erneuerbare Energien (B.Sc.),Hochschule Fulda,ET1032,Energiespeicher,2,"die Möglichkeiten, aber auch Grenzen der einzelnen Speicherkonzepte und deren energetisch optimalen Betrieb zu bewerten",,,,
Erneuerbare Energien (B.Sc.),Hochschule Fulda,ET1032,Energiespeicher,3,die charakteristischen Eigenschaften der verschiedenen Speichertechnologien wiederzugeben,,,,
Erneuerbare Energien (B.Sc.),Hochschule Fulda,ET1032,Energiespeicher,4,je nach Anforderungsprofil des Einsatzgebiets einen geeigneten Speicher auszuwählen und zu dimensionieren,,,,
Erneuerbare Energien (B.Sc.),Hochschule Fulda,ET1031,Aufbau und Betrieb elektrischer Netze,1,grundlegende technische und betriebswirtschaftliche Kenntnisse bezüglich des Aufbaus und des Betriebs sowie die Netzführung elektrischer Energieübertragungsnetze zu demonstrieren,,,,
Erneuerbare Energien (B.Sc.),Hochschule Fulda,ET1031,Aufbau und Betrieb elektrischer Netze,2,"Bedeutung, Aufgabe und Funktion der elektrischen Energieversorgung zu erläutern, aktuelle Probleme zu schildern und zu bewerten",,,,
Erneuerbare Energien (B.Sc.),Hochschule Fulda,ET1436,Fallstudie & Präsentation 2,1,eigenständig in Gruppen von zwei bis drei Teilnehmer*innen ein vorgegebenes Projekt mit einem technischen bzw. ingenieurtechnischen Schwerpunkt durchzuführen,,,,
Erneuerbare Energien (B.Sc.),Hochschule Fulda,ET1436,Fallstudie & Präsentation 2,2,"die bisher im Studium erworbenen mathematischen bzw. technischen Kompetenzen anzuwenden und zu vertiefenein Projekt zu planen, zu organisieren und zu präsentieren",,,,
Erneuerbare Energien (B.Sc.),Hochschule Fulda,ET1436,Fallstudie & Präsentation 2,3,ein Lasten- und Pflichtenheft zu erstellen,,,,
Erneuerbare Energien (B.Sc.),Hochschule Fulda,ET1436,Fallstudie & Präsentation 2,4,effektiv zu kommunizieren und kooperativ in Teams zu arbeiten,,,,
Erneuerbare Energien (B.Sc.),Hochschule Fulda,ET1436,Fallstudie & Präsentation 2,5,Verantwortung für ihre Aufgaben zu übernehmen und sich selbstständig zu motivieren,,,,
Erneuerbare Energien (B.Sc.),Hochschule Fulda,ET1504,Berufspraktikum,1,sich im Berufsfeld oder verwandten Gebieten der Erneuerbaren Energien zu orientieren,,,,
Erneuerbare Energien (B.Sc.),Hochschule Fulda,ET1504,Berufspraktikum,2,Studieninhalte in die betriebliche Praxis zu übertragen und dort anzuwenden,,,,
Erneuerbare Energien (B.Sc.),Hochschule Fulda,ET1504,Berufspraktikum,3,"die eigene, individuelle Qualifikation zu analysieren und zu bewerten",,,,
Erneuerbare Energien (B.Sc.),Hochschule Fulda,ET1504,Berufspraktikum,4,"Perspektiven für das weitere Studium, die Abschlussarbeit (Bachelor-Thesis) und den weiteren Berufsweg abzuschätzen",,,,
Erneuerbare Energien (B.Sc.),Hochschule Fulda,ET1504,Berufspraktikum,5,praktische Kenntnisse zu vertiefen und berufstypische Arbeitsweisen anzuwenden,,,,
Erneuerbare Energien (B.Sc.),Hochschule Fulda,ET1504,Berufspraktikum,6,"technische, soziale und organisatorische Zusammenhänge der Arbeitswelt wiederzugeben und auf routinemäßige Arbeitsvorgänge anzuwenden",,,,
Erneuerbare Energien (B.Sc.),Hochschule Fulda,ET1504,Berufspraktikum,7,Vorschläge für die Bearbeitung berufsrelevanter Arbeitsschritte zu erarbeiten und durchzuführen,,,,
Erneuerbare Energien (B.Sc.),Hochschule Fulda,ET1504,Berufspraktikum,8,über die gemachten Praxiserfahrungen zu berichten und diese zu reflektieren,,,,
Erneuerbare Energien (B.Sc.),Hochschule Fulda,ET1035,Abschlussmodul,1,"Die Teilnehmenden sollen durch die erworbenen Fähigkeiten und Methoden im Studium zeigen, dass sie innerhalb einer vorgegebenen Frist",,,,
Erneuerbare Energien (B.Sc.),Hochschule Fulda,ET1035,Abschlussmodul,2,unter Anleitung einer oder mehrerer Betreuungspersonen qualifizierte Problemstellungen aus dem Bereich Erneuerbare Energien oder verwandten Gebieten selbständig bearbeiten können,,,,
Erneuerbare Energien (B.Sc.),Hochschule Fulda,ET1035,Abschlussmodul,3,Lösungswege und Ergebnisse sowohl schriftlich als auch mündlich darstellen und vertreten können,,,,
Erneuerbare Energien (B.Sc.),Hochschule Fulda,ET1631,Einführung in Frameworks autonomer mobiler Robotik,1,einfache ROS-Anwendungen basierend auf den zur Verfügung stehenden ROS-Komponenten zu entwickeln.,,,,
Erneuerbare Energien (B.Sc.),Hochschule Fulda,ET1631,Einführung in Frameworks autonomer mobiler Robotik,2,Daten von Entfernungs- und Bildsensoren auszulesen,,,,
Erneuerbare Energien (B.Sc.),Hochschule Fulda,ET1631,Einführung in Frameworks autonomer mobiler Robotik,3,Austauschformate anhand von Datenblättern in ROS-Nachrichten zu implementieren,,,,
Erneuerbare Energien (B.Sc.),Hochschule Fulda,ET1631,Einführung in Frameworks autonomer mobiler Robotik,4,einfache Algorithmen zur Steuerung autonomer mobiler Roboter in ROS zu implementieren,,,,
Erneuerbare Energien (B.Sc.),Hochschule Fulda,ET1631,Einführung in Frameworks autonomer mobiler Robotik,5,die Implementierungen in realistischen Szenarien zu testen,,,,
Erneuerbare Energien (B.Sc.),Hochschule Fulda,ET1631,Einführung in Frameworks autonomer mobiler Robotik,6,die Performance der Algorithmen anhand aussagekräftiger Experimente und Metriken zu bewerten,,,,
Erneuerbare Energien (B.Sc.),Hochschule Fulda,ET1041,Feldbusse,1,"Die Teilnehmenden sind in der Lage, technische Grundlagen, den Einsatz, die Struktur, den Aufbau und die Funktion moderner industrieller Kommunikationstechnologie wieder zu geben.",,,,
Erneuerbare Energien (B.Sc.),Hochschule Fulda,ET1041,Feldbusse,2,"Sie kennen Komponenten und Geräte, mit denen mobile und stationäre Systeme vernetzt werden können sowie eine Auswahl an Kommunikationsprotokollen und deren applikationsspezifische Anwendung.",,,,
Erneuerbare Energien (B.Sc.),Hochschule Fulda,ET1041,Feldbusse,3,"Sie haben die Fähigkeit, Kommunikationsnetzwerke auf Basis von Feldbussen und Feldbusprotokollen zu beurteilen, zu entwerfen, aufzubauen, zu programmieren, zu testen, zu diagnostizieren und einzusetzen.",,,,
Erneuerbare Energien (B.Sc.),Hochschule Fulda,ET1041,Feldbusse,4,Das Modul integriert Fachkompetenzen der Digitaltechnik und der Informatik.,,,,
Erneuerbare Energien (B.Sc.),Hochschule Fulda,ET1041,Feldbusse,5,"Die Modulsprache ist teilweise Deutsch und Englisch, da Spezifikationen von Feldbussystemen häufig in Englischer Sprache verfasst werden.",,,,
Erneuerbare Energien (B.Sc.),Hochschule Fulda,ET1040,Numerische Feldberechnung mit der Finite-Elemente-Methode,1,Einsatzbereiche und theoretische Grundlagen von Finite-Elemente-Analysen (FEA) widerzugeben,,,,
Erneuerbare Energien (B.Sc.),Hochschule Fulda,ET1040,Numerische Feldberechnung mit der Finite-Elemente-Methode,2,FE-Modelle zu erstellen,,,,
Erneuerbare Energien (B.Sc.),Hochschule Fulda,ET1040,Numerische Feldberechnung mit der Finite-Elemente-Methode,3,numerische Simulationen mittels FEA durchzuführen und die erhaltenen Resultate kritisch zu beurteilen,,,,
Erneuerbare Energien (B.Sc.),Hochschule Fulda,ET1037,Vektoranalysis und zusätzliche Kapitel der mehrdimensionalen,1,Kurven- und Oberflächenintegrale zu berechnen,,,,
Erneuerbare Energien (B.Sc.),Hochschule Fulda,ET1037,Vektoranalysis und zusätzliche Kapitel der mehrdimensionalen,2,den Zusammenhang zwischen konkreten Kurven- und Oberflächenintegralen und dem Formalismus der Differentialformen zu verstehen,,,,
Erneuerbare Energien (B.Sc.),Hochschule Fulda,ET1037,Vektoranalysis und zusätzliche Kapitel der mehrdimensionalen,3,"den Zusammenhang zwischen den Begriffen Gradient, Divergenz, Rotation und dem Formalismus der Differentialformen zu verstehen",,,,
Food Processing (M.Sc.),Hochschule Fulda,LT5000,Mathematische Entscheidungselemente und Datenanalyse I,1," verstehen statistische Verfahren, Methoden und Tests.  bewerten statistische Ergebnisse und können die Anwendbarkeit für bestimmte Fragestellungen abschätzen.  wenden statistische Verfahren an.  ermitteln eigene Ergebnisse im Rahmen von Forschungsaktivitäten und sind in der Lage, diese kritisch zu interpretieren.",,,,
Food Processing (M.Sc.),Hochschule Fulda,LT5001,Food Processing,1, können ausgewählte Unit Operations der Lebensmittelherstellung analysieren.,,,,
Food Processing (M.Sc.),Hochschule Fulda,LT5001,Food Processing,2,Sie verstehen die Grundlagen für die Beschreibung und Darstellung der Unit Operations.,,,,
Food Processing (M.Sc.),Hochschule Fulda,LT5001,Food Processing,3,"Sie sind in der Lage, Grundlagen selbst zu recherchieren, aufzubereiten und zu vermitteln bzw. anzuwenden.  sind in der Lage, verfahrenstechnische Abläufe zu betrachten, zu analysieren und zu abstrahieren.  können Unit Operations bewerten und in Prozessschritten Alternativen aufzeigen und bewerten.  werden befähigt, im Rahmen von Forschungsprojekten Prozessschritte so auszulegen, zu berechnen und zu gestalten, dass sie in verschiedenen Anwendungsfällen zielführend genutzt werden können.  sind in der Lage einzelne Unit Operations einer Prozesskette aus theoretischen Ansätzen vollständig zu beschreiben",,,,
Food Processing (M.Sc.),Hochschule Fulda,LT5006,Vertiefte Kapitel der Technologie tierischer Lebensmittel,1," verstehen es, Prozessabläufe bezüglich ihrer Einflussgrößen zu analysieren und deren Bedeutung für das Endprodukt zu gewichten.  sind in der Lage, aufgrund dieser Analyse den Prozess unter Berücksichtigung modernster Verfahrenstechnik zu optimieren.  sind in der Lage wissenschaftliche Arbeitsmethoden in der Praxis anzuwenden.  können auf der Basis der gewonnenen Methodenkompetenz neue Ansätze für Technologieinnovationen generieren.",,,,
Food Processing (M.Sc.),Hochschule Fulda,LT5008,Betriebswirtschaftliche Entscheidungsinstrumente,1," begreifen, dass unternehmerisches Handeln zielorientiert erfolgt.",,,,
Food Processing (M.Sc.),Hochschule Fulda,LT5008,Betriebswirtschaftliche Entscheidungsinstrumente,2,Die Zielorientierung besteht in der Suche nach optimalen Entscheidungen unter Unsicherheit.,,,,
Food Processing (M.Sc.),Hochschule Fulda,LT5008,Betriebswirtschaftliche Entscheidungsinstrumente,3,"Dabei lenkt der Entscheidungssachverhalt (sprich: der Anlass der Entscheidung und der Wirkungshorizont der Maßnahme) nicht nur den Instrumenteneinsatz, sondern bestimmt auch die Zielebene (hier: operativ vs. strategisch).  lernen, geeignete Instrumente situationsspezifisch auszuwählen und praktisch zu gebrauchen.  werden in die Lage versetzt, Problemstellungen betriebswirtschaftlich aufzuarbeiten bzw. instrumentell zu analysieren, um so maßnahmengestützt zu einer rationalen Entscheidung zu gelangen.  recherchieren und analysieren betriebswirtschaftliche Daten von Unternehmen der Lebensmittelindustrie und nutzen diese zur Plausibilitätsprüfung betriebswirtschaftlicher Entscheidungen.  sind in der Lage, betriebswirtschaftliche Entscheidungskriterien adäquat in eigene Forschungsarbeiten einzubringen und liquiditäts- bzw. kostenbezogene Überlegungen bei der Projektplanung und steuerung zu berücksichtigen.",,,,
Food Processing (M.Sc.),Hochschule Fulda,LT5009,Vertiefte Kapitel der Lebensmittelchemie,1," sind imstande, ausgewählte Lebensmittel aus lebensmittelchemischer Sicht umfassend zu betrachten und dabei wesentliche Bezüge zu weiteren Gebieten der Lebensmitteltechnologie herzustellen.  sind in der Lage, Struktur-Wirkungs-Beziehungen von Lebensmittelkomponenten zu erkennen und vorherzusagen.  können die Grundsätze der wissenschaftlichen Literaturarbeit anwenden.",,,,
Food Processing (M.Sc.),Hochschule Fulda,LT5009,Vertiefte Kapitel der Lebensmittelchemie,2,"Vor allem sind sie in der Lage, wissenschaftliche Originalarbeiten in englischer Sprache zu nutzen und deren Aussagen im Zusammenhang mit eigenen Fragestellungen zu bewerten.  sind in der Lage, sich zügig in ein neues Themengebiet einzuarbeiten, eine gestellte Aufgabe eigenständig zu bearbeiten und diese gut strukturiert zu präsentieren.",,,,
Food Processing (M.Sc.),Hochschule Fulda,LT5010,Industrielle Mikrobiologie,1, kennen verschiedene Konzepte mikrobiologisch hergestellter Lebensmittel und können diese bewerten.  kennen Problemlösungsstrategien für mikrobiologische Herstellungsverfahren von Lebensmitteln und können diese selbst erstellen.,,,,
Food Processing (M.Sc.),Hochschule Fulda,LT5011,Food Packaging and Transportation,1," sind in der Lage, Verpackungen, insbesondere Lebensmittelverpackungen, vertieft zu verstehen, z.B.  analysieren sie Wechselwirkungen zwischen Lebensmitteln und Verpackungen.  bewerten sie Alternativen für biologisch empfindliche Produkte hinsichtlich Verpackung und Distribution.  können eigenständig Verpackungslösungen im Hinblick auf Packmittel, Packstoff und den Verpackungsvorgang entwickeln und bewerten.  können die Verpackung betreffende Forschungsfragestellungen aufarbeiten und in Projektplanungen umsetzen und die dafür geeigneten Mess- und Analyseverfahren auswählen und anwenden und die Ergebnisse interpretieren.",,,,
Food Processing (M.Sc.),Hochschule Fulda,LT5012,Gesundheitsrelevante Aspekte in der Lebensmittelverarbeitung,1," haben Kenntnisse zu toxikologisch wirksamen Substanzen in Lebensmitteln und deren Bildung während der Verarbeitung.  können nährwertrelevante Veränderungen von Substanzen in Lebensmitteln während der Verarbeitung abschätzen und bewerten.  sind befähigt, den Nährwert von Lebensmitteln zu beurteilen und verschiedene Ernährungsformen hinsichtlich des Einflusses auf die Gesundheit des Menschen kritisch zu bewerten.  sind in der Lage, wissenschaftliche Studien auf dem Gebiet Ernährungsforschung und Toxikologie zu interpretieren und zu bewerten.  sind in der Lage, aus den bearbeiteten wissenschaftlichen Studien neue Forschungsprojekte abzuleiten und zu planen.",,,,
Food Processing (M.Sc.),Hochschule Fulda,LT5013,Softwarebasierte Simulation lebensmittelverarbeitender Pro-,1," kennen den Unterschied zwischen physikalischer Modellierung und technischer Logistik (Materialfluss).  können Anlagenschemata in Blockdiagramme umsetzen.  sind in der Lage, kommerzielle Software zur robusten Simulation von Prozessen im Rahmen von Forschungsanwendungen einzusetzen, die Lösung zu bewerten und zu dokumentieren",,,,
Food Processing (M.Sc.),Hochschule Fulda,LT5002,Physik und Lebensmittel,1," kennen weiterführende physikalische Modelle.  kennen die grundlegenden Begriffe und Konzepte der Atom- und Kernphysik.  sind in der Lage, Aufgabenstellungen zu analysieren.  sind in der Lage, Aufgaben aus diesen Bereichen selbstständig zu lösen.  sind in der Lage, Aufgaben aus diesen Bereichen in Forschungsfragestellungen umzusetzen und geeignete wissenschaftliche Methoden auszuwählen und anzuwenden.",,,,
Food Processing (M.Sc.),Hochschule Fulda,LT5003,Product Design,1," können Anforderungsprofile an Produkte und die einzusetzenden Rohstoffe ermitteln und bewerten.  sind in der Lage, ausgehend von den exakt definierten Randbedingungen (Markt, Produkteigenschaften, Rohstoffeigenschaften u.ä.), Strategien für Herstellungswege neuer innovativer Produkte zu entwickeln.  verstehen es, zur Realisierung der notwendigen verfahrenstechnischen und technologischen Teilschritte Alternativen zu entwickeln, zu bewerten und die erfolgversprechenden Prozessschritte zu ermitteln.",,,,
Food Processing (M.Sc.),Hochschule Fulda,LT5004,Biochemie und Molekularbiologie,1, besitzen einen Überblick über wichtige Bereiche der Biochemie und der Molekularbiologie.  können ihre Kenntnisse der biochemischen Prozesse sowie der molekularbiologischen Stoffwechselabläufe und Regulationsmechanismen auf verschiedenste aktuelle lebensmitteltechnologische Entwicklungen anwenden und diese kritisch beurteilen.,,,,
Food Processing (M.Sc.),Hochschule Fulda,LT5004,Biochemie und Molekularbiologie,2,"Sind in der Lage, wissenschaftliche Originalarbeiten in englischer Sprache zu bewerten.  können aus den erworbenen Kenntnissen weiterführende Forschungsfragestellungen ableiten sind in der Lage, die Aussagen von wissenschaftlichen Originalarbeiten im aktuellen Forschungskontext kritisch zu diskutieren.",,,,
Food Processing (M.Sc.),Hochschule Fulda,LT5007,Vertiefte Kapitel der Technologie pflanzlicher Lebensmittel,1," sind in der Lage, wissenschaftliche Aufgabenstellungen aus dem Bereich der pflanzlichen Lebensmitteltechnologie zu übernehmen und zu bearbeiten.  können Probleme erfassen, den aktuellen Stand des Wissens dazu erarbeiten, die Möglichkeiten weiterführender Untersuchungen erkennen, planen, durchführen und die gesamten Erkenntnisse in einem international anerkannten Schema (Veröffentlichung) darstellen.  erhalten dadurch die Qualifikation, wissenschaftlich zu denken, ihre Gedanken in realistische Planungen für weiterführende Experimente umzusetzen und diese planungstechnisch darzustellen und im eng gesetzten Zeitraum durchzuführen.",,,,
Food Processing (M.Sc.),Hochschule Fulda,LT5014,Biotechnologie / Bioverfahrenstechnik,1," können biotechnologische Prozesse anhand von Prozessdaten aus Experimenten modellieren.  sind in der Lage, sich dem biotechnologischen Prozess anschließende Prozessketten zur Produktaufbereitung zu entwerfen, umzusetzen und zu bewerten.  kennen Trends und aktuelle Entwicklungen im Bereich der Lebensmittelherstellung.  sind in der Lage, Optimierungsansätze in bestehenden Prozessen zu erkennen und systematische Lösungsansätze zu entwickeln.  können Forschungsziele im Bereich der biotechnologischen Prozesse benennen.  sind in der Lage, dem Forschungsziel angepasste Experimente zu planen, auszuwerten und abschließend zu bewerten.  können eigene Fragestellungen ableiten und in den wissenschaftlichen Kontext setzen.",,,,
Food Processing (M.Sc.),Hochschule Fulda,LT5015,Vertiefte Kapitel der pharmazeutischen Technologie,1," können auf der Basis vertiefter Grundlagen Produkte, zugehörige Technologien und Verfahren analysieren und nachfolgend bewerten.  schließen aus Zusammenhängen und leiten daraus Analogien ab, z.B. Entwicklung alternativer Lösungswege und Entscheidungen dazu.  sind in der Lage, technologische Fragestellungen eigenständig zu bearbeiten und zu vertiefen und fundierte Stellungnahmen zu verfassen.  werden zu eigenverantwortlicher Tätigkeit, auch in leitender Stellung, im Bereich der Arzneimittelentwicklung, -herstellung und -prüfung befähigt.",,,,
Food Processing (M.Sc.),Hochschule Fulda,LT5016,Strategisches Management,1," lernen den Unterschied zwischen kurz- und langfristiger Zielbildung und Unternehmenssteuerung kennen.  beherrschen die wesentlichen Tools zur strategischen Planung und können sie auf Unternehmen der Lebensmittelwirtschaft übertragen.  können mit einem umfänglichen Verständnis der Instrumente und Methoden Entscheidungen von Unternehmen nachzeichnen und auf Begründungsqualität hin überprüfen.  sind in der Lage, eigene unternehmensstrategische Überlegungen zu entwickeln und zu diskutieren.  recherchieren und analysieren Sekundärdaten relevanter Märkte und nutzen diese als Grundlage für eigene strategische Entscheidungensind in der Lage, strategische Konzepte auch in die Forschung einzubringen und strategische Überlegungen bei der Projektplanung einfließen zu lassen.",,,,
Food Processing (M.Sc.),Hochschule Fulda,LT5017,Prozessmodellierung,1," verstehen Formalisierungen und Begrifflichkeiten und wenden sie sicher auf Beispielsystemen und Vorgängen an  sind in der Lage Prozesse zu gliedern, zu analysieren und mittels Bilanzen zu beschreiben  wenden Prozessmodelle an und können diese kritisch bewerten können in interdisziplinären Teams kommunizieren  erarbeiten sich Differentialbilanzen u.a. aus bezogenen Integralbilanzen  entwickeln Formeln zur Vorgangsbeschreibung aus Differentialbilanzen  sind fähig, Systeme und Vorgänge mathematisch abzubilden und als  Basis für das Aufstellen von Theorien zur wissenschaftlichen Untersuchung und Weiterentwicklung zu nutzen.",,,,
Food Processing (M.Sc.),Hochschule Fulda,LT5018,Risikomanagement,1," sind vertraut mit dem Aufbau, der Implementierung und der Beurteilung von Qualitäts- und Risikomanagement-Systemen in Unternehmen der Lebensmittelindustrie.  sind in der Lage, selbstständig und eigenverantwortlich Aufgaben im Bereich der Qualifizierung und Validierung durchzuführen und diese zu leiten.  sind qualifiziert, leitende Aufgaben im Bereich Qualitätswesen in der Industrie, Forschungsinstituten und anderen Institutionen zu übernehmen.  können eigene Qualitäts- und Risikoanalysen unter Berücksichtigung theoretischer Erkenntnisse für lebensmittelbezogene Fragestellungen konzipieren, umsetzen sowie zielegerichtet analysieren und bewerten.  sind in der Lage, qualitäts- und risikobezogene Überlegungen adäquat in eigene Forschungsarbeiten einzubringen und bei der Projektplanung und -steuerung zu berücksichtigen.",,,,
Food Processing (M.Sc.),Hochschule Fulda,LT5019,Mathematische Entscheidungselemente und Datenanalyse II,1," verstehen komplexe statistische Verfahren, Methoden und Tests.  bewerten deren Ergebnisse, können die Anwendbarkeit beurteilen und komplexe Methoden interpretieren.  wenden statistische Verfahren an, ermitteln eigene Ergebnisse aus aktuellen Forschungsarbeiten und sind in der Lage, diese kritisch zu bewerten.",,,,
Food Processing (M.Sc.),Hochschule Fulda,LT5005,Abschlussmodul (Master-Thesis),1," sind in der Lage, eine Problemstellung aus dem Feld des Studiums selbstständig nach wissenschaftlichen Methoden zu bearbeiten.",,,,
Food Processing (M.Sc.),Hochschule Fulda,LT5005,Abschlussmodul (Master-Thesis),2,"Das beinhaltet:  Erfassen und Formulieren der Aufgabe,  Erstellen eines Arbeitsplans,  wissenschaftlich begründetes Vorgehen bei der Problemlösung,  klar erkennbare Strukturierung des Handelns sowie eine  kritische Reflexion.  können das im Rahmen der Master Thesis erarbeitete Wissen sowohl schriftlich als auch mündlich darstellen und vertreten.",,,,
Global Software Development (M.Sc.),Hochschule Fulda,AI5029,Cloud Computing,1,"Die Studierenden benennen die Grundlagen von Cloud Services, erforderlichen Virtualisierungslösungen und deren Bereitstellung.",,,,
Global Software Development (M.Sc.),Hochschule Fulda,AI5029,Cloud Computing,2,Die Studierenden benutzen fachgerecht die Terminologie und zugehörige Modelle des Cloud Computing bei der Realisierung von Internet-Diensten.,,,,
Global Software Development (M.Sc.),Hochschule Fulda,AI5029,Cloud Computing,3,Die Studierenden beschreiben die Charakteristika des Cloud Computing und zugehöriger IT-Infrastruktur anhand von gegebenen Beispielen.,,,,
Global Software Development (M.Sc.),Hochschule Fulda,AI5029,Cloud Computing,4,Die Studierenden können gegebene Anforderungen bei der Realisierung Cloud-nativer Dienste fachgerecht anwenden.,,,,
Global Software Development (M.Sc.),Hochschule Fulda,AI5029,Cloud Computing,5,"Die Studierenden beurteilen Cloud-basierte Services vor dem Hintergrund der flexiblen Bereitstellung, Skalierbarkeit, Sicherheit und des Datenschutzes.",,,,
Global Software Development (M.Sc.),Hochschule Fulda,AI5029,Cloud Computing,6,Die Studierenden analysieren die Kosten für den Einsatz von Cloud Services in eigenen Projekten und,,,,
Global Software Development (M.Sc.),Hochschule Fulda,AI5029,Cloud Computing,7,Die Studierenden entwerfen geeignete IT-Sourcing Modelle.,,,,
Global Software Development (M.Sc.),Hochschule Fulda,AI5029,Cloud Computing,8,Die Studierenden bewerten den aktuellen Stand der Forschung in diesem Bereich und,,,,
Global Software Development (M.Sc.),Hochschule Fulda,AI5029,Cloud Computing,9,Die Studierenden wirken aktiv an der angewandten Forschung im Bereich Cloud Computing mit.,,,,
Global Software Development (M.Sc.),Hochschule Fulda,AI5025,Big Data Technologies,1,Substanzielle Fortschritte bei Rechenkapazitäten haben Daten und Datenverarbeitung erneut zu einem Kernthema der Informatik gemacht.,,,,
Global Software Development (M.Sc.),Hochschule Fulda,AI5025,Big Data Technologies,2,Die Größe und Komplexität der heute in der Wirtschaft und Industrie anfallenden Daten erfordern eine weiterentwickelte bzw. veränderte Herangehensweise: Big Data und die damit verbundenen Technologien und Strategien.,,,,
Global Software Development (M.Sc.),Hochschule Fulda,AI5025,Big Data Technologies,3,"Nach erfolgreicher Teilnahme an dieser Lehrveranstaltung sind die Studierenden in der Lage,",,,,
Global Software Development (M.Sc.),Hochschule Fulda,AI5025,Big Data Technologies,4,weitergehende Funktionen relationaler Datenbanken anzugeben und zu beschreiben.,,,,
Global Software Development (M.Sc.),Hochschule Fulda,AI5025,Big Data Technologies,5,die inhärenten Restriktionen etablierter relationaler Datenbanksysteme darzustellen und zu beschreiben.,,,,
Global Software Development (M.Sc.),Hochschule Fulda,AI5025,Big Data Technologies,6,darüberhinausgehende Anwendungen und Use Cases an einzelnen Beispielen zu bearbeiten und architektonische Ansätze aus den Big Data Use Cases abzuleiten.,,,,
Global Software Development (M.Sc.),Hochschule Fulda,AI5025,Big Data Technologies,7,die grundlegenden Komponenten von Hadoop und MapReduce hands-on zu unterscheiden und anzuwenden.,,,,
Global Software Development (M.Sc.),Hochschule Fulda,AI5025,Big Data Technologies,8,BigData / noSQL Use Cases zu beurteilen und zu evaluieren.,,,,
Global Software Development (M.Sc.),Hochschule Fulda,AI5025,Big Data Technologies,9,die Herausforderungen der Administration von Big Data Lösungen anzugeben.,,,,
Global Software Development (M.Sc.),Hochschule Fulda,AI5025,Big Data Technologies,10,neuere und weitere Ansätze im Bereich Big Data zu beschreiben und diskutieren,,,,
Global Software Development (M.Sc.),Hochschule Fulda,AI5084,Model-Driven Development,1,Die Studierenden verstehen den Prozess der modellgetriebenen Entwicklung.,,,,
Global Software Development (M.Sc.),Hochschule Fulda,AI5084,Model-Driven Development,2,Dies schließt insbesondere die Entwicklung und Anpassung entsprechender Werkzeuge ein.,,,,
Global Software Development (M.Sc.),Hochschule Fulda,AI5084,Model-Driven Development,3,"Sie folgen dem historischen Paradigmenwechsel: von der Idee, dass alles ein Objekt ist hin zu der abstrakteren Idee, dass alles ein Modell ist.",,,,
Global Software Development (M.Sc.),Hochschule Fulda,AI5084,Model-Driven Development,4,Sie können Anwendungsgebiete für die modellgetriebene Entwicklung identifizieren.,,,,
Global Software Development (M.Sc.),Hochschule Fulda,AI5084,Model-Driven Development,5,"Im Detail sind sie in der Lage,",,,,
Global Software Development (M.Sc.),Hochschule Fulda,AI5084,Model-Driven Development,6,"die Bedeutung der Präzision und Vollständigkeit der Modelle zu erklären,",,,,
Global Software Development (M.Sc.),Hochschule Fulda,AI5084,Model-Driven Development,7,"mit domänen-spezifischen Sprachen zu arbeiten und diese zu definieren,",,,,
Global Software Development (M.Sc.),Hochschule Fulda,AI5084,Model-Driven Development,8,"Modell-Transformationen und Code-Generatoren zu entwickeln,",,,,
Global Software Development (M.Sc.),Hochschule Fulda,AI5084,Model-Driven Development,9,"Refactorings im gesamten Entwicklungsprozess anzuwenden und zu implementieren,",,,,
Global Software Development (M.Sc.),Hochschule Fulda,AI5084,Model-Driven Development,10,komplexe Sprachspezifikationen als Nachschlagewerk zu verwenden.,,,,
Global Software Development (M.Sc.),Hochschule Fulda,AI5100,Reconfigurable Computing,1,"Die Studierenden analysieren rechenintensive Anwendungen hinsichtlich ihrer Parallelisierung und Beschleunigung auf rekonfigurierbaren Rechensystemen, sowohl in eingebetteten Systemen als auch im Data Center.",,,,
Global Software Development (M.Sc.),Hochschule Fulda,AI5100,Reconfigurable Computing,2,Die Studierenden beurteilen den Aufbau und die Einschränkungen klassischer Rechensysteme Computer.,,,,
Global Software Development (M.Sc.),Hochschule Fulda,AI5100,Reconfigurable Computing,3,Die Studierenden bewerten den Aufbau heterogener rekonfigurierbarer Rechensysteme mit CPU und FPGA Anteilen.,,,,
Global Software Development (M.Sc.),Hochschule Fulda,AI5100,Reconfigurable Computing,4,Die Studierenden wenden Algorithmen der High-Level Synthese (HLS) und des Hardware/Software-Codedesigns an.,,,,
Global Software Development (M.Sc.),Hochschule Fulda,AI5100,Reconfigurable Computing,5,"Die Studierenden analysieren ein gegebenes Problem, um dieses in Hardware- und Software-Anteile zu zerlegen.",,,,
Global Software Development (M.Sc.),Hochschule Fulda,AI5100,Reconfigurable Computing,6,Die Studierenden entwerfen einfache Anwendungen für rekonfigurierbare Rechensysteme mittels HLS.,,,,
Global Software Development (M.Sc.),Hochschule Fulda,AI5100,Reconfigurable Computing,7,Die Studierenden implementieren die Kommunikationsschnittstellen zwischen Hard- und Software.,,,,
Global Software Development (M.Sc.),Hochschule Fulda,AI5100,Reconfigurable Computing,8,Die Studierenden analysieren den Entwurfsraum der HLS um gegebene Zielvorgaben zu erfüllen.,,,,
Global Software Development (M.Sc.),Hochschule Fulda,AI5055,Programming Paradigms,1,Die Studierenden grenzen Programmierparadigmen voneinander ab und treffen eine begründete Auswahl für ein vorgegebenes Problem.,,,,
Global Software Development (M.Sc.),Hochschule Fulda,AI5055,Programming Paradigms,2,"Die Studierenden identifizieren die verschiedenen Arten von Typsystemen, Polymorphismus und funktionalen Konstrukten in neuen Programmiersprachen und setzen sie ein.",,,,
Global Software Development (M.Sc.),Hochschule Fulda,AI5055,Programming Paradigms,3,Die Studierenden implementieren einen Interpreter für eine einfache funktionale Sprache (insbesondere die polymorphe Typinferenz).,,,,
Global Software Development (M.Sc.),Hochschule Fulda,AI5055,Programming Paradigms,4,Die Studierenden erklären grundlegende Konzepte der logischen Programmierung und lösen damit einfache logische Probleme (z.B. Sudoku).,,,,
Global Software Development (M.Sc.),Hochschule Fulda,AI5036,Building Web and Mobile Apps,1,"Die Studierenden entwickeln für aktuelle Problemstellungen Lösungskonzepte mit Anwendungsarchitektur, Datenmodell, Komponenten-Kommunikation und Sicherheitsvorkehrungen als mobile und/oder Web-Anwendung und können die zugrundeliegenden Entscheidungen begründen.",,,,
Global Software Development (M.Sc.),Hochschule Fulda,AI5036,Building Web and Mobile Apps,2,Die Studierenden setzen mit plattformübergreifenden Werkzeugen und Frameworks moderne mobile und webbasierte Anwendungen prototypisch um.,,,,
Global Software Development (M.Sc.),Hochschule Fulda,AI5036,Building Web and Mobile Apps,3,Die Studierenden benennen die Vor- und Nachteile der verschiedenen technischen Ansätze von nativer Entwicklung für jede Zielplattform bis hin zu ausschließlicher Nutzung von Web-Technologien und berücksichtigen sowie begründen diese für gegebene Anwendungsszenarien.,,,,
Global Software Development (M.Sc.),Hochschule Fulda,AI5036,Building Web and Mobile Apps,4,Die Studierenden dokumentieren den Entwicklungsprozess inklusive Reflexion anhand vorgegebener Rahmenbedingungen sachlich und unter Nutzung von Quellennachweisen.,,,,
Global Software Development (M.Sc.),Hochschule Fulda,AI5036,Building Web and Mobile Apps,5,"Die Studierenden berücksichtigen Richtlinien für die Teamarbeit und reagieren wertschätzend und konstruktiv auf auftretende Herausforderungen der Zusammenarbeit und Aufgabenverteilung im Team (optional, nur wenn in Teams gearbeitet wird).",,,,
Global Software Development (M.Sc.),Hochschule Fulda,AI5109,Distributed Applications,1,Die Studierenden benennen Standard-Plattformen für verteilte Softwaresysteme insb.,,,,
Global Software Development (M.Sc.),Hochschule Fulda,AI5109,Distributed Applications,2,Verteilte Webanwendungen.,,,,
Global Software Development (M.Sc.),Hochschule Fulda,AI5109,Distributed Applications,3,"Die Studierenden benennen grundlegende Anwendungsarchitekturen und analysieren die Anforderungen komplexer verteilter Systeme und die damit verbundene Rolle von Ansätzen wie z.B. Middleware, Microservices, SOA und EAI.",,,,
Global Software Development (M.Sc.),Hochschule Fulda,AI5109,Distributed Applications,4,"Die Studierenden realisieren fachgerecht eigenständige verteilte Anwendungen unter Verwendung verschiedener Techniken und Programmiersprachen, insb. zur serverseitigen Entwicklung.",,,,
Global Software Development (M.Sc.),Hochschule Fulda,AI5088,Global Distributed Software Development,1,"Nach Abschluss dieses Moduls verfügen die Studierenden über fundierte Kenntnisse, wie sie eine verteilte (Web-) Anwendung in einem globalen Setting entwerfen und implementieren.",,,,
Global Software Development (M.Sc.),Hochschule Fulda,AI5088,Global Distributed Software Development,2,"Sie verstehen es, mit Teammitgliedern mit unterschiedlichen kulturellen Hintergründen zusammenzuarbeiten, die sich an anderen Standorten und in anderen Zeitzonen befinden.",,,,
Global Software Development (M.Sc.),Hochschule Fulda,AI5088,Global Distributed Software Development,3,"Die Studierenden wissen, wie man Software-Engineering und Programmiertechniken anwendet, um Anwendungen zu erstellen, die die Anforderungen der Kunden erfüllen.",,,,
Global Software Development (M.Sc.),Hochschule Fulda,AI5088,Global Distributed Software Development,4,Sie kennen aktuelle Tools und Techniken die die verteilte Entwicklung in Teams unterstützen.,,,,
Global Software Development (M.Sc.),Hochschule Fulda,AI5031,Machine Learning,1,Die Studierenden schildern die mathematischen und konzeptuellen Grundlagen der statistischen Theorie des Lernens.,,,,
Global Software Development (M.Sc.),Hochschule Fulda,AI5031,Machine Learning,2,Die Studierenden beschreiben mehrere gängige Lernalgorithmen und setzen diese in der Praxis (anhand geeigneter Standardbibliotheken) ein.,,,,
Global Software Development (M.Sc.),Hochschule Fulda,AI5031,Machine Learning,3,"Die Studierenden benennen die Herausforderungen, welche sich in der Praxis der Objekt-und Mustererkennung ergeben, erläutern die wichtigsten Lösungsansätze und wenden diese Ansätze zur Lösung gegebener Aufgabenstellungen an.",,,,
Global Software Development (M.Sc.),Hochschule Fulda,AI5031,Machine Learning,4,Die Studierenden verstehen aktuelle wissenschaftliche Entwicklungen und Anwendungen im Bereich des Deep Learning.,,,,
Global Software Development (M.Sc.),Hochschule Fulda,AI5085,Parallel Programming,1,"Die Studierenden benennen die Techniken zur Programmierung paralleler Abläufe auf Multicore- / Multiprozessorsystemen sowie in heterogenen, verteilten Systemen.",,,,
Global Software Development (M.Sc.),Hochschule Fulda,AI5085,Parallel Programming,2,Die Studierenden erarbeiten selbstständig Lösungen für vorgegebene Problemstellungen.,,,,
Global Software Development (M.Sc.),Hochschule Fulda,AI5085,Parallel Programming,3,Die Studierenden implementieren Anwendungen in der Programmiersprache C unter Linux. entwickeln parallele Programme mit OpenMP und MPI.,,,,
Global Software Development (M.Sc.),Hochschule Fulda,AI5086,Test Oriented Development,1,Die Studierenden definieren und unterscheiden Fachbegriffe der Test-orientierten Entwicklung nach internationalen Standards.,,,,
Global Software Development (M.Sc.),Hochschule Fulda,AI5086,Test Oriented Development,2,"Die Studierenden benutzen fachgerecht die behandelten Testfallentwicklungs- und Testmanagement-Konzepte, erkennen diese in gegebenen Beispielen und können darin fehlerhafte Anwendungen analysieren und benennen.",,,,
Global Software Development (M.Sc.),Hochschule Fulda,AI5086,Test Oriented Development,3,"Die Studierenden analysieren gegebene Problemstellungen der Softwarequalität auf im Softwarelebenszyklus relevante Bestandteile, leiten daraus Lösungen ab und setzen diese als Teststrategie um.",,,,
Global Software Development (M.Sc.),Hochschule Fulda,AI5086,Test Oriented Development,4,Die Studierenden erklären die Funktionsweise ihrer eigenen Lösungen und argumentieren dabei die zugrundeliegenden Entscheidungen bei alternativen Lösungswegen.,,,,
Global Software Development (M.Sc.),Hochschule Fulda,AI5086,Test Oriented Development,5,"Die Studierenden erstellen in Gruppen Lösungen zu gegebenen Problemstellungen, bringen sich aktiv in die Lösungsentwicklung ein und strukturieren die kollaborative Zusammenarbeit selbst.",,,,
Global Software Development (M.Sc.),Hochschule Fulda,AI5117,Master’s Thesis in Global Software Development,1,Die Masterarbeit ist eine schriftliche Prüfungsarbeit.,,,,
Global Software Development (M.Sc.),Hochschule Fulda,AI5117,Master’s Thesis in Global Software Development,2,"Die Arbeit soll zeigen, dass die Studierenden in der Lage sind, innerhalb einer vorgegebenen Frist ein Problem aus dem Fachgebiet Global Software Development selbständig nach wissenschaftlichen Methoden zu bearbeiten und folgerichtig darzustellen.",,,,
Global Software Development (M.Sc.),Hochschule Fulda,AI5117,Master’s Thesis in Global Software Development,1,"Die Studierenden sind sich der Relevanz kultureller Unterschiede in der Konzeption, Organisation und den Prozessen der Kommunikation bewusst.",,,,
Global Software Development (M.Sc.),Hochschule Fulda,AI5117,Master’s Thesis in Global Software Development,2,"Sie kennen die aktuellen Theorien der interkulturellen Kommunikation und sind in der Lage, ihre eigenen kulturellen Rahmen sowie die kognitiven und emotionalen Hintergründe im Umgang mit anderen Menschen zu reflektieren.",,,,
Global Software Development (M.Sc.),Hochschule Fulda,AI5117,Master’s Thesis in Global Software Development,3,"Sie sind in der Lage, mit kulturellen Unterschieden produktiv und wertschätzend umzugehen.",,,,
Global Software Development (M.Sc.),Hochschule Fulda,AI5117,Master’s Thesis in Global Software Development,4,Den Sinn ordentlichen wissenschaftlichen Arbeitens können sie analysieren und die Methoden auf eigene Arbeiten übertragen.,,,,
Global Software Development (M.Sc.),Hochschule Fulda,AI5094,Software Development Project,1,"Die Studierenden sind in der Lage, eine komplexe Software-Entwicklungsaufgabe im Team mit Mitteln des modernen Projektmanagements zu lösen.",,,,
Global Software Development (M.Sc.),Hochschule Fulda,AI5094,Software Development Project,2,"Sie zeigen, dass sie ihr vorhandenes Wissen anwenden und sich selbständig tieferes Wissen aneignen können.",,,,
Global Software Development (M.Sc.),Hochschule Fulda,AI5094,Software Development Project,3,"Darüber hinaus sind sie in der Lage, den methodischen Ansatz und den Prozess, den sie gewählt haben, zu reflektieren.",,,,
Global Software Development (M.Sc.),Hochschule Fulda,AI5094,Software Development Project,4,Durch die Arbeit in Teams verbessern sie ihre Kommunikationsfähigkeit und strategische Entscheidungsfindung und lernen Verantwortung zu übernehmen.,,,,
Global Software Development (M.Sc.),Hochschule Fulda,AI5095,Current Topic of Global Software Development,1,Die Studierenden erweitern ihre Kenntnisse in einem aktuellen Themengebiet ihres Studienfaches und können ihr Wissen in der Praxis anwenden.,,,,
Global Software Development (M.Sc.),Hochschule Fulda,AI5016,Research Project,1,Die Studierenden wenden Strategien der wissenschaftlichen Recherche und Einschätzung der Qualität wissenschaftlicher Ergebnisse im Rahmen eines konkreten Forschungszieles an.,,,,
Global Software Development (M.Sc.),Hochschule Fulda,AI5016,Research Project,2,Die Studierenden leiten für eine gegebene Problemstellung wissenschaftlich nachvollziehbar Forschungsfragen oder Hypothesen ab.,,,,
Global Software Development (M.Sc.),Hochschule Fulda,AI5016,Research Project,3,Die Studierenden definieren selbständig ihr Forschungsprojekt.,,,,
Global Software Development (M.Sc.),Hochschule Fulda,AI5016,Research Project,4,Die Studierenden reflektieren und verfassen in eigenen Worten ihren eigenen Arbeitsprozess und Zwischenergebnisse und ziehen daraus korrigierende Schlüsse im Hinblick auf die Erreichung des Forschungszieles.,,,,
Global Software Development (M.Sc.),Hochschule Fulda,AI5016,Research Project,5,"Die Studierenden wählen begründet aus den etablierten Methoden eines Forschungsgebietes diejenigen , zur Erreichung der konkreten Forschungs(teil)ziele geeigneten Methoden, aus und wenden sie an.",,,,
Global Software Development (M.Sc.),Hochschule Fulda,AI5016,Research Project,6,"Die Studierenden können Ergebnisse eigener und fremder Forschungsarbeiten objektiv beschreiben, interpretieren und kritisch hinterfragen.",,,,
Global Software Development (M.Sc.),Hochschule Fulda,AI5122,Advanced Big Data,1,Substanzielle Fortschritte bei Rechenkapazitäten haben Daten und Datenverarbeitung erneut zu einem Kernthema der Informatik gemacht.,,,,
Global Software Development (M.Sc.),Hochschule Fulda,AI5122,Advanced Big Data,2,Die Größe und Komplexität der heute in der Wirtschaft und Industrie anfallenden Daten erfordern eine weiterentwickelte bzw. veränderte Herangehensweise: Big Data und die damit verbundenen Technologien und Strategien.,,,,
Global Software Development (M.Sc.),Hochschule Fulda,AI5122,Advanced Big Data,3,"Nach erfolgreicher Teilnahme an dieser Lehrveranstaltung sind die Studierenden in der Lage,",,,,
Global Software Development (M.Sc.),Hochschule Fulda,AI5122,Advanced Big Data,4,die inhärenten Restriktionen etablierter relationaler Datenbanksysteme zu illustrieren.,,,,
Global Software Development (M.Sc.),Hochschule Fulda,AI5122,Advanced Big Data,5,darüberhinausgehende Anwendungen und Use Cases an einzelnen Beispielen genauer zu bearbeiten und architektonische Ansätze aus den Big Data Use Cases abzuleiten.,,,,
Global Software Development (M.Sc.),Hochschule Fulda,AI5122,Advanced Big Data,6,die grundlegenden Komponenten des erweiterten Hadoop Ecosystem hands-on zu unterscheiden und anzuwenden.,,,,
Global Software Development (M.Sc.),Hochschule Fulda,AI5122,Advanced Big Data,7,Big Data / noSQL Use Cases im erweiterten Hadoop Ecosystem zu beurteilen und zu evaluieren.,,,,
Global Software Development (M.Sc.),Hochschule Fulda,AI5122,Advanced Big Data,8,die Herausforderungen der Administration von Big Data Lösungen im erweiterten Ecosystem anzugeben.,,,,
Global Software Development (M.Sc.),Hochschule Fulda,AI5122,Advanced Big Data,9,insbesondere neuere und weitere Ansätze im Bereich Big Data zu werten und klassifizieren.,,,,
Global Software Development (M.Sc.),Hochschule Fulda,AI5046,Cryptography - Theory and Applications,1,Die Studierenden haben einen Überblick über Anwendungen der Kryptografie in IT-Systemen.,,,,
Global Software Development (M.Sc.),Hochschule Fulda,AI5046,Cryptography - Theory and Applications,2,"Insbesondere kennen sie die mathematischen Grundlagen, Theorien und Funktionsweisen kryptografischer Verfahren, können Protokolle zur Verschlüsselung, Authentifizierung und zum Schlüsselaustausch bewerten und für entsprechende Problemstellungen praktisch realisieren.",,,,
Global Software Development (M.Sc.),Hochschule Fulda,AI5046,Cryptography - Theory and Applications,3,Sie sind mit steganografischen Methoden der verdeckten Kommunikation vertraut.,,,,
Global Software Development (M.Sc.),Hochschule Fulda,AI5083,User-Centered Development,1,Die Studierenden integrieren Prinzipien des menschzentrierten Designs und der Evaluation in die Entwicklung von interaktiven Systemen.,,,,
Global Software Development (M.Sc.),Hochschule Fulda,AI5083,User-Centered Development,2,Die Studierenden stellen die Auswirkungen der Anforderungen der Nutzenden an das Design allgemein und an Beispielen dar.,,,,
Global Software Development (M.Sc.),Hochschule Fulda,AI5083,User-Centered Development,3,Die Studierenden erklären die kontextuelle Aufgabenanalyse und wie sie zur Entwicklung beitragen kann.,,,,
Global Software Development (M.Sc.),Hochschule Fulda,AI5083,User-Centered Development,4,Die Studierenden formulieren messbare qualitative und quantitative Usabilityziele und zugehörige Kriterien.,,,,
Global Software Development (M.Sc.),Hochschule Fulda,AI5083,User-Centered Development,5,Die Studierenden entwerfen eine Benutzungsschnittstelle iterativ gemäß menschzentrierter Designmethoden und bewerten sie.,,,,
Global Software Development (M.Sc.),Hochschule Fulda,AI5083,User-Centered Development,6,Die Studierenden entwickeln Prototypen unter Berücksichtigung unterschiedlicher Interaktionsmodalitäten und Stile,,,,
Global Software Development (M.Sc.),Hochschule Fulda,AI5083,User-Centered Development,7,"Die Studierenden planen, organisieren und führen Auswertungen durch und analysieren und dokumentieren die Ergebnisse (Experteninspektion und Anwender*innenstudien).",,,,
Global Software Development (M.Sc.),Hochschule Fulda,AI5083,User-Centered Development,8,Die Studierenden stärken ihre Kompetenzen bezüglich Gruppenarbeit durch Zusammenarbeit mit anderen Teammitgliedern.,,,,
Global Software Development (M.Sc.),Hochschule Fulda,AI5174,Stream Processing and Analytics,1,Die Studierenden benennen die wesentlichen Charakteristika eines Daten Streams sowie verschiedene Verarbeitungsparadigmen wie Batch- und Stream Processing.,,,,
Global Software Development (M.Sc.),Hochschule Fulda,AI5174,Stream Processing and Analytics,2,Die Studierenden schildern die Unterschiede zwischen begrenzten und unbegrenzten Daten Streams.,,,,
Global Software Development (M.Sc.),Hochschule Fulda,AI5174,Stream Processing and Analytics,3,Die Studierenden zerlegen unbegrenzte Daten Streams mithilfe von Windowing in begrenzte Data Streams.,,,,
Global Software Development (M.Sc.),Hochschule Fulda,AI5174,Stream Processing and Analytics,4,Die Studierenden verarbeiten Daten Streams mithilfe gängiger Frameworks.,,,,
Global Software Development (M.Sc.),Hochschule Fulda,AI5174,Stream Processing and Analytics,5,Die Studierenden unterscheiden zwischen Processing-time und Event-time und verarbeiten out-of-order und late-arriving Daten robust.,,,,
Global Software Development (M.Sc.),Hochschule Fulda,AI5174,Stream Processing and Analytics,6,Die Studierenden verarbeiten Streaming-Daten nach definierten Anforderungen unter Einsatz von den verschiedenen Typen von Streaming Joins.,,,,
Global Software Development (M.Sc.),Hochschule Fulda,AI5174,Stream Processing and Analytics,7,Die Studierenden bezeichnen die Herausforderungen und Möglichkeiten von Data Stream Analytics und Online Machine Learning.,,,,
Global Software Development (M.Sc.),Hochschule Fulda,AI5174,Stream Processing and Analytics,8,Die Studierenden fassen die wesentlichen Charakteristika von Data Sketches zusammen.,,,,
Global Software Development (M.Sc.),Hochschule Fulda,AI5174,Stream Processing and Analytics,9,Die Studierenden erklären ausgewählte Data Sketches und,,,,
Global Software Development (M.Sc.),Hochschule Fulda,AI5174,Stream Processing and Analytics,10,Die Studierenden setzen diese für praktische Probleme ein.,,,,
Global Software Development (M.Sc.),Hochschule Fulda,AI5174,Stream Processing and Analytics,11,Die Studierenden erklären ausgewählte Online Machine Learning Verfahren und,,,,
Global Software Development (M.Sc.),Hochschule Fulda,AI5174,Stream Processing and Analytics,12,Die Studierenden setzen diese für praktische Probleme ein.,,,,
Global Software Development (M.Sc.),Hochschule Fulda,AI5174,Stream Processing and Analytics,13,Die Studierenden bewerten den aktuellen Stand der Forschung im Bereich Stream Processing und Analytics und,,,,
Global Software Development (M.Sc.),Hochschule Fulda,AI5174,Stream Processing and Analytics,14,Die Studierenden wirken aktiv an der angewandten Forschung in diesem Bereich mit.,,,,
Global Software Development (M.Sc.),Hochschule Fulda,AI4001,Additional Courses,1,"Die Studierenden erweitern und vertiefen ihre studienbezogenen Kenntnisse durch Belegung von Modulen aus den Studiengängen des Fachbereichs Angewandte Informatik im Hinblick auf den angestrebten Abschluss, siehe § 5 Abs. 3.",,,,
Global Software Development (M.Sc.),Hochschule Fulda,AI4001,Additional Courses,2,Die jeweiligen Qualifikationsziele ergeben sich aus den Modulbeschreibungen der belegten Module.,,,,
Global Software Development (M.Sc.),Hochschule Fulda,AI5119,Master-Internship,1,"Die Studierenden sind in der Lage, das erlernte Fach-und Methodenwissen in einer Unternehmensumgebung anzuwenden.",,,,
Global Software Development (M.Sc.),Hochschule Fulda,AI5119,Master-Internship,2,"Darüber hinaus sollen sie in konkreten Projekten ihre soziale und interkulturelle Kompetenz beweisen und lernen, sich an betriebliche Gegebenheiten anzupassen.",,,,
Global Software Development (M.Sc.),Hochschule Fulda,AI5118,German Language,1,"Die Studierenden haben nach Absolvierung entsprechender Module Sprachkenntnisse in Deutsch erworben, siehe §5 Abs. 5",,,,
Global Software Development (M.Sc.),Hochschule Fulda,AI5092,Intercultural Study of Computer Science,1,"Die Studierenden vertiefen ihr Wissen in Informatik und lernen, wie diese Disziplin in anderen Kulturen gelehrt und verstanden wird.",,,,
Global Software Development (M.Sc.),Hochschule Fulda,AI5092,Intercultural Study of Computer Science,2,Sie erleben unterschiedliche Lehr- und Prüfungsstile.,,,,
Global Software Development (M.Sc.),Hochschule Fulda,AI5092,Intercultural Study of Computer Science,3,Sie verfügen über einen großen Erfahrungsschatz im Umgang mit Alltagssituationen und Kommunikationseinstellungen in einem interkulturellen Umfeld.,,,,
Global Software Development (M.Sc.),Hochschule Fulda,AI5092,Intercultural Study of Computer Science,4,Sie können ihre Erfahrungen während ihres Auslandsaufenthalts reflektieren.,,,,
Industrielle Biotechnologie (B.Sc.),Hochschule Fulda,LT1186,Mathematik I,1,Die Studierenden werden in das mathematische Denken eingeführt.,,,,
Industrielle Biotechnologie (B.Sc.),Hochschule Fulda,LT1186,Mathematik I,2,"Die Studierenden kennen die mathematischen Grundlagen, die für das weitere Studium notwendig sind.",,,,
Industrielle Biotechnologie (B.Sc.),Hochschule Fulda,LT1186,Mathematik I,1,Die Studierenden werden in das mathematische Denken eingeführt.,,,,
Industrielle Biotechnologie (B.Sc.),Hochschule Fulda,LT1186,Mathematik I,2,"Die Studierenden kennen die mathematischen Grundlagen, die für das weitere Studium notwendig sind.",,,,
Industrielle Biotechnologie (B.Sc.),Hochschule Fulda,LT1187,Allgemeine Chemie,1,Die Studierenden erreichen ein Grundwissen der allgemeinen und anorganischen Chemie.,,,,
Industrielle Biotechnologie (B.Sc.),Hochschule Fulda,LT1187,Allgemeine Chemie,2,Die Studierenden können grundlegende chemische Reaktionen formulieren bzw. nachvollziehen.,,,,
Industrielle Biotechnologie (B.Sc.),Hochschule Fulda,LT1187,Allgemeine Chemie,3,Die Studierenden sind aufgrund der Kenntnisse des stöchiometrischen Rechnens für die praktische Laborarbeit gut vorbereitet.,,,,
Industrielle Biotechnologie (B.Sc.),Hochschule Fulda,LT1187,Allgemeine Chemie,4,Die Studierenden beherrschen durch die Beschäftigung mit der Chemie strukturiertes Arbeiten und logisches Denken.,,,,
Industrielle Biotechnologie (B.Sc.),Hochschule Fulda,LT1225,General Chemistry,1,Die Studierenden erreichen ein Grundwissen der allgemeinen und anorganischen Chemie.,,,,
Industrielle Biotechnologie (B.Sc.),Hochschule Fulda,LT1225,General Chemistry,2,Die Studierenden können grundlegende chemische Reaktionen formulieren bzw. nachvollziehen.,,,,
Industrielle Biotechnologie (B.Sc.),Hochschule Fulda,LT1225,General Chemistry,3,Die Studierenden sind aufgrund der Kenntnisse des stöchiometrischen Rechnens für die praktische Laborarbeit gut vorbereitet.,,,,
Industrielle Biotechnologie (B.Sc.),Hochschule Fulda,LT1225,General Chemistry,4,Die Studierenden beherrschen durch die Beschäftigung mit der Chemie strukturiertes Arbeiten und logisches Denken.,,,,
Industrielle Biotechnologie (B.Sc.),Hochschule Fulda,LT1225,General Chemistry,1,Die Studierenden kennen die grundlegenden Begriffe und Konzepte der klassischen Mechanik.,,,,
Industrielle Biotechnologie (B.Sc.),Hochschule Fulda,LT1225,General Chemistry,2,Die Studierenden kennen die grundlegenden Begriffe und Konzepte der geometrischen Optik.,,,,
Industrielle Biotechnologie (B.Sc.),Hochschule Fulda,LT1225,General Chemistry,3,"Die Studierenden sind in der Lage, Aufgaben aus diesen Bereichen selbstständig zu lösen.",,,,
Industrielle Biotechnologie (B.Sc.),Hochschule Fulda,LT1189,Grundlagen Ingenieurwesen,1,Die Studierenden erlangen ein Verständnis für die Bio- und Lebensmitteltechnologie als interdisziplinäre Fächer an der Schnittstelle von Natur- und Ingenieurwissenschaften.,,,,
Industrielle Biotechnologie (B.Sc.),Hochschule Fulda,LT1189,Grundlagen Ingenieurwesen,2,Die Studierenden erkennen die ingenieurwissenschaftlichen Zusammenhänge bei der Produktion von biotechnologischen Produkten und Lebensmitteln.,,,,
Industrielle Biotechnologie (B.Sc.),Hochschule Fulda,LT1189,Grundlagen Ingenieurwesen,3,"Die Studierenden sind in der Lage, technische Problemstellungen in der industriellen Herstellung von biotechnologischen Produkten und von Lebensmitteln zu erfassen, zu skizzieren und zu lösen.",,,,
Industrielle Biotechnologie (B.Sc.),Hochschule Fulda,LT1189,Grundlagen Ingenieurwesen,4,Die Studierenden können grundlegende Berechnungen durchführen und diese an Beispielen praktisch anwenden.,,,,
Industrielle Biotechnologie (B.Sc.),Hochschule Fulda,LT1189,Grundlagen Ingenieurwesen,5,"Die Studierenden sind in der Lage, technische Zeichnungen zu lesen.",,,,
Industrielle Biotechnologie (B.Sc.),Hochschule Fulda,LT1227,Basic Principles of Engineering,1,Die Studierenden erlangen ein Verständnis für die Bio- und Lebensmitteltechnologie als interdisziplinäre Fächer an der Schnittstelle von Natur- und Ingenieurwissenschaften.,,,,
Industrielle Biotechnologie (B.Sc.),Hochschule Fulda,LT1227,Basic Principles of Engineering,2,Die Studierenden erkennen die ingenieurwissenschaftlichen Zusammenhänge bei der Produktion von biotechnologischen Produkten und Lebensmitteln.,,,,
Industrielle Biotechnologie (B.Sc.),Hochschule Fulda,LT1227,Basic Principles of Engineering,3,"Die Studierenden sind in der Lage, technische Problemstellungen in der industriellen Herstellung von biotechnologischen Produkten und von Lebensmitteln zu erfassen, zu skizzieren und zu lösen.",,,,
Industrielle Biotechnologie (B.Sc.),Hochschule Fulda,LT1227,Basic Principles of Engineering,4,Die Studierenden können grundlegende Berechnungen durchführen und diese an Beispielen praktisch anwenden.,,,,
Industrielle Biotechnologie (B.Sc.),Hochschule Fulda,LT1227,Basic Principles of Engineering,5,"Die Studierenden sind in der Lage, technische Zeichnungen zu lesen.",,,,
Industrielle Biotechnologie (B.Sc.),Hochschule Fulda,LT1123,Grundlagen des wissenschaftlichen Arbeitens,1,Die Studierenden können ihre eigenen fachlichen und sozialen Ressourcen einschätzen.,,,,
Industrielle Biotechnologie (B.Sc.),Hochschule Fulda,LT1123,Grundlagen des wissenschaftlichen Arbeitens,2,Die Studierenden kennen die Methoden des wissenschaftlichen Arbeitens und können diese anwenden.,,,,
Industrielle Biotechnologie (B.Sc.),Hochschule Fulda,LT1123,Grundlagen des wissenschaftlichen Arbeitens,3,"Die Studierenden kennen die fachrelevanten Literaturdatenbanken und sind in der Lage, Literaturrecherchen selbständig zu bewältigen und zu präsentieren.",,,,
Industrielle Biotechnologie (B.Sc.),Hochschule Fulda,LT1123,Grundlagen des wissenschaftlichen Arbeitens,4,Die Studierenden verfügen über Handlungs- und Problemlösungskompetenz.,,,,
Industrielle Biotechnologie (B.Sc.),Hochschule Fulda,LT1123,Grundlagen des wissenschaftlichen Arbeitens,5,Die Studierenden können Fachtexte in englischer Sprache verstehen und präsentieren.,,,,
Industrielle Biotechnologie (B.Sc.),Hochschule Fulda,LT1123,Grundlagen des wissenschaftlichen Arbeitens,6,Die Studierenden erwerben Kenntnisse über die Grundlagen des sicheren Arbeitens insbesondere in Laboratorien.,,,,
Industrielle Biotechnologie (B.Sc.),Hochschule Fulda,LT1228,Principles of Scientific Research,1,Die Studierenden können ihre eigenen fachlichen und sozialen Ressourcen einschätzen.,,,,
Industrielle Biotechnologie (B.Sc.),Hochschule Fulda,LT1228,Principles of Scientific Research,2,Die Studierenden kennen die Methoden des wissenschaftlichen Arbeitens und können diese anwenden.,,,,
Industrielle Biotechnologie (B.Sc.),Hochschule Fulda,LT1228,Principles of Scientific Research,3,"Die Studierenden kennen die fachrelevanten Literaturdatenbanken und sind in der Lage, Literaturrecherchen selbständig zu bewältigen und zu präsentieren.",,,,
Industrielle Biotechnologie (B.Sc.),Hochschule Fulda,LT1228,Principles of Scientific Research,4,Die Studierenden verfügen über Handlungs- und Problemlösungskompetenz.,,,,
Industrielle Biotechnologie (B.Sc.),Hochschule Fulda,LT1228,Principles of Scientific Research,5,Die Studierenden können Fachtexte in englischer Sprache verstehen und präsentieren.,,,,
Industrielle Biotechnologie (B.Sc.),Hochschule Fulda,LT1228,Principles of Scientific Research,6,Die Studierenden erwerben Kenntnisse über die Grundlagen des sicheren Arbeitens insbesondere in Laboratorien.,,,,
Industrielle Biotechnologie (B.Sc.),Hochschule Fulda,LT1190,Grundlagen des Managements,1,Die Studierenden beherrschen zentrale Grundlagen des Managementhandelns in Unternehmen und kennen das unternehmerische Zielsystem.,,,,
Industrielle Biotechnologie (B.Sc.),Hochschule Fulda,LT1190,Grundlagen des Managements,2,Die Studierenden verstehen verschiedene Aufgaben des operativen und strategischen Managements und können diese zueinander in Beziehung setzen.,,,,
Industrielle Biotechnologie (B.Sc.),Hochschule Fulda,LT1190,Grundlagen des Managements,3,Die Studierenden können wichtige Instrumente zur Bewältigung von Management-Entscheidungen anwenden.,,,,
Industrielle Biotechnologie (B.Sc.),Hochschule Fulda,LT1190,Grundlagen des Managements,4,Die Studierenden analysieren den Einfluss des Umfelds auf die Entwicklungen in Unternehmen und können in diesem Zusammenhang die Bedeutung volkswirtschaftlicher Aspekte einordnen.,,,,
Industrielle Biotechnologie (B.Sc.),Hochschule Fulda,LT1190,Grundlagen des Managements,5,Die Studierenden können verschiedene Instrumente des Rechnungswesens zielgerichtet zur Abbildung finanzieller Ströme in Unternehmen nutzen.,,,,
Industrielle Biotechnologie (B.Sc.),Hochschule Fulda,LT1190,Grundlagen des Managements,6,Die Studierenden lernen unternehmerische Handlungsweisen kennen und können betriebswirtschaftliche Entscheidungssituationen analysieren und zielgerichtet gestalten.,,,,
Industrielle Biotechnologie (B.Sc.),Hochschule Fulda,LT1229,Management Basics,1,Die Studierenden beherrschen zentrale Grundlagen des Managementhandelns in Unternehmen und kennen das unternehmerische Zielsystem.,,,,
Industrielle Biotechnologie (B.Sc.),Hochschule Fulda,LT1229,Management Basics,2,Die Studierenden verstehen verschiedene Aufgaben des operativen und strategischen Managements und können diese zueinander in Beziehung setzen.,,,,
Industrielle Biotechnologie (B.Sc.),Hochschule Fulda,LT1229,Management Basics,3,Die Studierenden können wichtige Instrumente zur Bewältigung von Management-Entscheidungen anwenden.,,,,
Industrielle Biotechnologie (B.Sc.),Hochschule Fulda,LT1229,Management Basics,4,Die Studierenden analysieren den Einfluss des Umfelds auf die Entwicklungen in Unternehmen und können in diesem Zusammenhang die Bedeutung volkswirtschaftlicher Aspekte einordnen.,,,,
Industrielle Biotechnologie (B.Sc.),Hochschule Fulda,LT1229,Management Basics,5,Die Studierenden können verschiedene Instrumente des Rechnungswesens zielgerichtet zur Abbildung finanzieller Ströme in Unternehmen nutzen.,,,,
Industrielle Biotechnologie (B.Sc.),Hochschule Fulda,LT1229,Management Basics,6,Die Studierenden lernen unternehmerische Handlungsweisen kennen und können betriebswirtschaftliche Entscheidungssituationen analysieren und zielgerichtet gestalten.,,,,
Industrielle Biotechnologie (B.Sc.),Hochschule Fulda,LT1191,Mathematik II,1,Die Studierenden werden in das mathematische Denken eingeführt.,,,,
Industrielle Biotechnologie (B.Sc.),Hochschule Fulda,LT1191,Mathematik II,2,"Die Studierenden kennen die mathematischen Grundlagen, die für das weitere Studium notwendig sind.",,,,
Industrielle Biotechnologie (B.Sc.),Hochschule Fulda,LT1230,Mathematics II,1,Die Studierenden werden in das mathematische Denken eingeführt.,,,,
Industrielle Biotechnologie (B.Sc.),Hochschule Fulda,LT1230,Mathematics II,2,"Die Studierenden kennen die mathematischen Grundlagen, die für das weitere Studium notwendig sind.",,,,
Industrielle Biotechnologie (B.Sc.),Hochschule Fulda,LT1192,Organische Chemie,1,Die Studierenden erreichen ein Grundwissen der organischen Chemie.,,,,
Industrielle Biotechnologie (B.Sc.),Hochschule Fulda,LT1192,Organische Chemie,2,"Die Studierenden sind in der Lage, aus der chemischen Struktur von Stoffen deren physikalische und technologische Eigenschaften abzuleiten.",,,,
Industrielle Biotechnologie (B.Sc.),Hochschule Fulda,LT1192,Organische Chemie,3,Die Studierenden können grundlegende organisch-chemische Reaktionen formulieren bzw. nachvollziehen und sind somit imstande auch biochemische bzw. lebensmittelchemische Prozesse zu verstehen.,,,,
Industrielle Biotechnologie (B.Sc.),Hochschule Fulda,LT1231,Organic Chemistry,1,Die Studierenden erreichen ein Grundwissen der organischen Chemie.,,,,
Industrielle Biotechnologie (B.Sc.),Hochschule Fulda,LT1231,Organic Chemistry,2,"Die Studierenden sind in der Lage, aus der chemischen Struktur von Stoffen deren physikalische und technologische Eigenschaften abzuleiten.",,,,
Industrielle Biotechnologie (B.Sc.),Hochschule Fulda,LT1231,Organic Chemistry,3,Die Studierenden können grundlegende organisch-chemische Reaktionen formulieren bzw. nachvollziehen und sind somit imstande auch biochemische bzw. lebensmittelchemische Prozesse zu verstehen.,,,,
Industrielle Biotechnologie (B.Sc.),Hochschule Fulda,LT1193,Physikalische Chemie,1,Die Studierenden kennen die grundlegenden Begriffe und Konzepte der Wärmelehre.,,,,
Industrielle Biotechnologie (B.Sc.),Hochschule Fulda,LT1193,Physikalische Chemie,2,Die Studierenden verstehen thermodynamische Prozesse.,,,,
Industrielle Biotechnologie (B.Sc.),Hochschule Fulda,LT1193,Physikalische Chemie,3,"Die Studierenden sind in der Lage, die in der Physikalischen Chemie behandelten Phänomene auf techno- logische Verfahren und biologische Prozesse zu übertragen.",,,,
Industrielle Biotechnologie (B.Sc.),Hochschule Fulda,LT1193,Physikalische Chemie,4,Die Studierenden kennen die grundlegenden Begriffe und Konzepte der Elektrizitätslehre.,,,,
Industrielle Biotechnologie (B.Sc.),Hochschule Fulda,LT1193,Physikalische Chemie,5,Die Studierenden können grundlegende Berechnungen selber durchführen und umfangreichere nachvollziehen.,,,,
Industrielle Biotechnologie (B.Sc.),Hochschule Fulda,LT1193,Physikalische Chemie,6,Die Studierenden können das Erlernte auf praktische Problemstellungen anwenden.,,,,
Industrielle Biotechnologie (B.Sc.),Hochschule Fulda,LT1232,Physical Chemistry,1,Die Studierenden kennen die grundlegenden Begriffe und Konzepte der Wärmelehre.,,,,
Industrielle Biotechnologie (B.Sc.),Hochschule Fulda,LT1232,Physical Chemistry,2,Die Studierenden verstehen thermodynamische Prozesse.,,,,
Industrielle Biotechnologie (B.Sc.),Hochschule Fulda,LT1232,Physical Chemistry,3,"Die Studierenden sind in der Lage, die in der Physikalischen Chemie behandelten Phänomene auf techno- logische Verfahren und biologische Prozesse zu übertragen.",,,,
Industrielle Biotechnologie (B.Sc.),Hochschule Fulda,LT1232,Physical Chemistry,4,Die Studierenden kennen die grundlegenden Begriffe und Konzepte der Elektrizitätslehre.,,,,
Industrielle Biotechnologie (B.Sc.),Hochschule Fulda,LT1232,Physical Chemistry,5,Die Studierenden können grundlegende Berechnungen selber durchführen und umfangreichere nachvollziehen.,,,,
Industrielle Biotechnologie (B.Sc.),Hochschule Fulda,LT1232,Physical Chemistry,6,Die Studierenden können das Erlernte auf praktische Problemstellungen anwenden.,,,,
Industrielle Biotechnologie (B.Sc.),Hochschule Fulda,LT1304,Grundlagen der Biologie und Rohstoffkunde (IBT),1,Die Studierenden sind vertraut mit den grundlegenden Strukturen und Funktionen pflanzlicher und tierischer Zellen.,,,,
Industrielle Biotechnologie (B.Sc.),Hochschule Fulda,LT1304,Grundlagen der Biologie und Rohstoffkunde (IBT),2,Die Studierenden kennen wichtige biochemische und physiologische Prozesse in pflanzlichen und tierischen Geweben.,,,,
Industrielle Biotechnologie (B.Sc.),Hochschule Fulda,LT1304,Grundlagen der Biologie und Rohstoffkunde (IBT),3,Die Studierenden haben Kenntnisse über Entwicklung und Bau von Pflanzen (insbesondere von Angiospermen).,,,,
Industrielle Biotechnologie (B.Sc.),Hochschule Fulda,LT1304,Grundlagen der Biologie und Rohstoffkunde (IBT),4,Die Studierenden wissen über Zusammensetzung und Qualität ausgewählter pflanzlicher und tierischer Rohstoffe Bescheid.,,,,
Industrielle Biotechnologie (B.Sc.),Hochschule Fulda,LT1304,Grundlagen der Biologie und Rohstoffkunde (IBT),5,"Die Studierenden sind fähig, wesentliche Eigenschaften und technologische Eignung von Rohstoffen auf der Basis ihrer Zusammensetzung abzuschätzen.",,,,
Industrielle Biotechnologie (B.Sc.),Hochschule Fulda,LT1304,Grundlagen der Biologie und Rohstoffkunde (IBT),6,Die Studierenden haben Grundkenntnisse zu Methoden der Qualitätsbestimmung und der Bewertung der Eignung von Rohstoffen sowie deren Anwendung in der industriellen Praxis.,,,,
Industrielle Biotechnologie (B.Sc.),Hochschule Fulda,LT1305,Fundamentals of Biology and Raw Materials (IBT),1,Die Studierenden sind vertraut mit den grundlegenden Strukturen und Funktionen pflanzlicher und tierischer Zellen.,,,,
Industrielle Biotechnologie (B.Sc.),Hochschule Fulda,LT1305,Fundamentals of Biology and Raw Materials (IBT),2,Die Studierenden kennen wichtige biochemische und physiologische Prozesse in pflanzlichen und tierischen Geweben.,,,,
Industrielle Biotechnologie (B.Sc.),Hochschule Fulda,LT1305,Fundamentals of Biology and Raw Materials (IBT),3,Die Studierenden haben Kenntnisse über Entwicklung und Bau von Pflanzen (insbesondere von Angiospermen).,,,,
Industrielle Biotechnologie (B.Sc.),Hochschule Fulda,LT1305,Fundamentals of Biology and Raw Materials (IBT),4,Die Studierenden wissen über Zusammensetzung und Qualität ausgewählter pflanzlicher und tierischer Rohstoffe Bescheid.,,,,
Industrielle Biotechnologie (B.Sc.),Hochschule Fulda,LT1305,Fundamentals of Biology and Raw Materials (IBT),5,"Die Studierenden sind fähig, wesentliche Eigenschaften und technologische Eignung von Rohstoffen auf der Basis ihrer Zusammensetzung abzuschätzen.",,,,
Industrielle Biotechnologie (B.Sc.),Hochschule Fulda,LT1305,Fundamentals of Biology and Raw Materials (IBT),6,Die Studierenden haben Grundkenntnisse zu Methoden der Qualitätsbestimmung und der Bewertung der Eignung von Rohstoffen sowie deren Anwendung in der industriellen Praxis.,,,,
Industrielle Biotechnologie (B.Sc.),Hochschule Fulda,LT1375,Allgemeine Mikrobiologie,1,Die Studierenden beherrschen das Grundlagenwissen der allgemeinen Mikrobiologie und mikrobieller Arbeitstechniken,,,,
Industrielle Biotechnologie (B.Sc.),Hochschule Fulda,LT1375,Allgemeine Mikrobiologie,2,"Die Studierenden kennen wichtige Gruppen an Mikroorganismen mit Relevanz für verschiedene Industriezweige (Kontaminanten, Pathogene und Produktionsorganismen)",,,,
Industrielle Biotechnologie (B.Sc.),Hochschule Fulda,LT1375,Allgemeine Mikrobiologie,3,Die Studierenden können Standardverfahren der mikrobiologischen Analytik durchführen und bewerten.,,,,
Industrielle Biotechnologie (B.Sc.),Hochschule Fulda,LT1375,Allgemeine Mikrobiologie,4,Die Studierenden kennen die spezifischen Wachstumsbedingungen der relevanten Organismen-Hauptgruppen und können grundlegende Kultivierungstechniken von Mikroorganismen durchführen,,,,
Industrielle Biotechnologie (B.Sc.),Hochschule Fulda,LT1376,General Microbiology,1,Die Studierenden beherrschen das Grundlagenwissen der allgemeinen Mikrobiologie und mikrobieller Arbeitstechniken,,,,
Industrielle Biotechnologie (B.Sc.),Hochschule Fulda,LT1376,General Microbiology,2,"Die Studierenden kennen wichtige Gruppen an Mikroorganismen mit Relevanz für verschiedene Industriezweige (Kontaminanten, Pathogene und Produktionsorganismen)",,,,
Industrielle Biotechnologie (B.Sc.),Hochschule Fulda,LT1376,General Microbiology,3,Die Studierenden können Standardverfahren der mikrobiologischen Analytik durchführen und bewerten.,,,,
Industrielle Biotechnologie (B.Sc.),Hochschule Fulda,LT1376,General Microbiology,4,Die Studierenden kennen die spezifischen Wachstumsbedingungen der relevanten Organismen-Hauptgruppen und können grundlegende Kultivierungstechniken von Mikroorganismen durchführen,,,,
Industrielle Biotechnologie (B.Sc.),Hochschule Fulda,LT1306,Angewandte Biotechnologie,1,"Die Studierenden kennen die Grundlagen und verschiedenen Anwendungsgebiete der Biotechnologie, sowie die Besonderheiten und Probleme bei biotechnologischen Prozessen",,,,
Industrielle Biotechnologie (B.Sc.),Hochschule Fulda,LT1306,Angewandte Biotechnologie,2,Die Studierenden erwerben grundlegende Kenntnisse über biotechnische Produktionsverfahren und Anwendungsgebiete technischer Enzyme.,,,,
Industrielle Biotechnologie (B.Sc.),Hochschule Fulda,LT1306,Angewandte Biotechnologie,3,"Die Studierenden kennen und verstehen die Prinzipien der Fermentation, deren Regelung und der Produktaufarbeitung bei biotechnologischen Prozessen sowie deren praktische Anwendung",,,,
Industrielle Biotechnologie (B.Sc.),Hochschule Fulda,LT1307,Applied Biotechnology,1,"Die Studierenden kennen die Grundlagen und verschiedenen Anwendungsgebiete der Biotechnologie, sowie die Besonderheiten und Probleme bei biotechnologischen Prozessen",,,,
Industrielle Biotechnologie (B.Sc.),Hochschule Fulda,LT1307,Applied Biotechnology,2,Die Studierenden erwerben grundlegende Kenntnisse über biotechnische Produktionsverfahren und Anwendungsgebiete technischer Enzyme.,,,,
Industrielle Biotechnologie (B.Sc.),Hochschule Fulda,LT1307,Applied Biotechnology,3,"Die Studierenden kennen und verstehen die Prinzipien der Fermentation, deren Regelung und der Produktaufarbeitung bei biotechnologischen Prozessen sowie deren praktische Anwendung",,,,
Industrielle Biotechnologie (B.Sc.),Hochschule Fulda,LT1308,Zellbiologie/Zellkulturtechnik,1,Die Studierenden können zellbiologische und physiologische Prozesse verstehen und anwenden.,,,,
Industrielle Biotechnologie (B.Sc.),Hochschule Fulda,LT1308,Zellbiologie/Zellkulturtechnik,2,Die Studierenden haben grundlegende Kenntnisse der Zellkulturtechnik erworben,,,,
Industrielle Biotechnologie (B.Sc.),Hochschule Fulda,LT1308,Zellbiologie/Zellkulturtechnik,3,"Die Studierenden haben biochemische, molekularbiologische und zellbiologische Arbeitstechniken erlernt und können diese praktisch anwenden.",,,,
Industrielle Biotechnologie (B.Sc.),Hochschule Fulda,LT1308,Zellbiologie/Zellkulturtechnik,4,Die Studierenden kennen molekulare Ursachen verschiedener Humanerkrankungen,,,,
Industrielle Biotechnologie (B.Sc.),Hochschule Fulda,LT1309,Cell Biology / Cell Culture Technology,1,Die Studierenden können zellbiologische und physiologische Prozesse verstehen und anwenden.,,,,
Industrielle Biotechnologie (B.Sc.),Hochschule Fulda,LT1309,Cell Biology / Cell Culture Technology,2,Die Studierenden haben grundlegende Kenntnisse der Zellkulturtechnik erworben,,,,
Industrielle Biotechnologie (B.Sc.),Hochschule Fulda,LT1309,Cell Biology / Cell Culture Technology,3,"Die Studierenden haben biochemische, molekularbiologische und zellbiologische Arbeitstechniken erlernt und können diese praktisch anwenden.",,,,
Industrielle Biotechnologie (B.Sc.),Hochschule Fulda,LT1309,Cell Biology / Cell Culture Technology,4,Die Studierenden kennen molekulare Ursachen verschiedener Humanerkrankungen,,,,
Industrielle Biotechnologie (B.Sc.),Hochschule Fulda,LT1310,Angewandte Mikrobiologie und Betriebshygiene,1,Die Studierenden kennen wichtige mikrobielle Produktionsorganismen,,,,
Industrielle Biotechnologie (B.Sc.),Hochschule Fulda,LT1310,Angewandte Mikrobiologie und Betriebshygiene,2,"Die Studierenden kennen Methoden zum „Bioprospecting“ für neue mikrobiologische Ressourcen (Organismen, Enzyme, bioaktive Moleküle)",,,,
Industrielle Biotechnologie (B.Sc.),Hochschule Fulda,LT1310,Angewandte Mikrobiologie und Betriebshygiene,3,Die Studierenden können Desinfektions- und Sterilisationstechniken beurteilen und anwenden.,,,,
Industrielle Biotechnologie (B.Sc.),Hochschule Fulda,LT1310,Angewandte Mikrobiologie und Betriebshygiene,4,Die Studierenden können Hygienepläne und HACCP-Konzepte (Hazard Analysis and Critical Control Points) selbstständig erstellen und bewerten.,,,,
Industrielle Biotechnologie (B.Sc.),Hochschule Fulda,LT1310,Angewandte Mikrobiologie und Betriebshygiene,5,"Die Studierenden kennen mikrobielle, molekulare und immunologische Nachweismethoden für mikrobielle Kontaminanten und assoziierte Stoffkontaminanten (LPS, Toxine).",,,,
Industrielle Biotechnologie (B.Sc.),Hochschule Fulda,LT1310,Angewandte Mikrobiologie und Betriebshygiene,6,Die Studierenden erreichen durch die Arbeit im Labor ein Verständnis für die mikrobiologische Analytik sowie praktische Kompetenz für den späteren Berufsalltag.,,,,
Industrielle Biotechnologie (B.Sc.),Hochschule Fulda,LT1311,Applied Microbiology and Industrial Hygiene,1,Die Studierenden kennen wichtige mikrobielle Produktionsorganismen,,,,
Industrielle Biotechnologie (B.Sc.),Hochschule Fulda,LT1311,Applied Microbiology and Industrial Hygiene,2,"Die Studierenden kennen Methoden zum „Bioprospecting“ für neue mikrobiologische Ressourcen (Organismen, Enzyme, bioaktive Moleküle)",,,,
Industrielle Biotechnologie (B.Sc.),Hochschule Fulda,LT1311,Applied Microbiology and Industrial Hygiene,3,Die Studierenden können Desinfektions- und Sterilisationstechniken beurteilen und anwenden.,,,,
Industrielle Biotechnologie (B.Sc.),Hochschule Fulda,LT1311,Applied Microbiology and Industrial Hygiene,4,Die Studierenden können Hygienepläne und HACCP-Konzepte (Hazard Analysis and Critical Control Points) selbstständig erstellen und bewerten.,,,,
Industrielle Biotechnologie (B.Sc.),Hochschule Fulda,LT1311,Applied Microbiology and Industrial Hygiene,5,"Die Studierenden kennen mikrobielle, molekulare und immunologische Nachweismethoden für mikrobielle Kontaminanten und assoziierte Stoffkontaminanten (LPS, Toxine).",,,,
Industrielle Biotechnologie (B.Sc.),Hochschule Fulda,LT1311,Applied Microbiology and Industrial Hygiene,6,Die Studierenden erreichen durch die Arbeit im Labor ein Verständnis für die mikrobiologische Analytik sowie praktische Kompetenz für den späteren Berufsalltag.,,,,
Industrielle Biotechnologie (B.Sc.),Hochschule Fulda,LT1046,"Mess-, Steuer-, Regelungstechnik",1,Die Studierenden kennen die grundlegenden Messtechniken der Elektrotechnik.,,,,
Industrielle Biotechnologie (B.Sc.),Hochschule Fulda,LT1046,"Mess-, Steuer-, Regelungstechnik",2,Die Studierenden kennen die Eigenschaften von wichtigen Sensoren.,,,,
Industrielle Biotechnologie (B.Sc.),Hochschule Fulda,LT1046,"Mess-, Steuer-, Regelungstechnik",3,Die Studierenden verfügen über grundlegende Kenntnisse in der Steuerungs- und Regelungstechnik.,,,,
Industrielle Biotechnologie (B.Sc.),Hochschule Fulda,LT1046,"Mess-, Steuer-, Regelungstechnik",4,Die Studierenden können Lösungen für spezielle Anwendungen entwickeln und Lösungsvorschläge bewerten.,,,,
Industrielle Biotechnologie (B.Sc.),Hochschule Fulda,LT1265,Measurement and Control Engineering,1,Die Studierenden kennen die grundlegenden Messtechniken der Elektrotechnik.,,,,
Industrielle Biotechnologie (B.Sc.),Hochschule Fulda,LT1265,Measurement and Control Engineering,2,Die Studierenden kennen die Eigenschaften von wichtigen Sensoren.,,,,
Industrielle Biotechnologie (B.Sc.),Hochschule Fulda,LT1265,Measurement and Control Engineering,3,Die Studierenden verfügen über grundlegende Kenntnisse in der Steuerungs- und Regelungstechnik.,,,,
Industrielle Biotechnologie (B.Sc.),Hochschule Fulda,LT1265,Measurement and Control Engineering,4,Die Studierenden können Lösungen für spezielle Anwendungen entwickeln und Lösungsvorschläge bewerten.,,,,
Industrielle Biotechnologie (B.Sc.),Hochschule Fulda,LT1360,Grundlagen der Informatik,1,Die Studierenden kennen die Grundlagen der Informationsrepräsentation und Informationsverarbeitung.,,,,
Industrielle Biotechnologie (B.Sc.),Hochschule Fulda,LT1360,Grundlagen der Informatik,2,Die Studierenden kennen wichtige Rechnerkomponenten und deren Funktionsprinzipien.,,,,
Industrielle Biotechnologie (B.Sc.),Hochschule Fulda,LT1360,Grundlagen der Informatik,3,Die Studierenden kennen Grundprinzipien der Programmierung und des Softwareentwurfs.,,,,
Industrielle Biotechnologie (B.Sc.),Hochschule Fulda,LT1360,Grundlagen der Informatik,4,Die Studierenden beherrschen grundlegende Programmiertechniken und haben Basiswissen über Datenstrukturen und Algorithmen.,,,,
Industrielle Biotechnologie (B.Sc.),Hochschule Fulda,LT1360,Grundlagen der Informatik,5,Die Studierenden können elementare Algorithmen erklären und für einfache Probleme selbst entwickeln.,,,,
Industrielle Biotechnologie (B.Sc.),Hochschule Fulda,LT1360,Grundlagen der Informatik,6,Die Studierenden verfügen über ein fundiertes Grundwissen über die Konzepte einer höheren Programmiersprache.,,,,
Industrielle Biotechnologie (B.Sc.),Hochschule Fulda,LT1360,Grundlagen der Informatik,7,"Die Studierenden können Programmcode analysieren, Fehler identifizieren und korrigieren.",,,,
Industrielle Biotechnologie (B.Sc.),Hochschule Fulda,LT1360,Grundlagen der Informatik,8,Die Studierenden können Programme in einer höheren Programmiersprache selbstständig entwerfen und implementieren.,,,,
Industrielle Biotechnologie (B.Sc.),Hochschule Fulda,LT1360,Grundlagen der Informatik,9,Die Studierenden können einfache Programmieraufgaben mithilfe der Programmiersprache lösen.,,,,
Industrielle Biotechnologie (B.Sc.),Hochschule Fulda,LT1359,Fundamentals of Computer Science,1,Die Studierenden kennen die Grundlagen der Informationsrepräsentation und Informationsverarbeitung.,,,,
Industrielle Biotechnologie (B.Sc.),Hochschule Fulda,LT1359,Fundamentals of Computer Science,2,Die Studierenden kennen wichtige Rechnerkomponenten und deren Funktionsprinzipien.,,,,
Industrielle Biotechnologie (B.Sc.),Hochschule Fulda,LT1359,Fundamentals of Computer Science,3,Die Studierenden kennen Grundprinzipien der Programmierung und des Softwareentwurfs.,,,,
Industrielle Biotechnologie (B.Sc.),Hochschule Fulda,LT1359,Fundamentals of Computer Science,4,Die Studierenden beherrschen grundlegende Programmiertechniken und haben Basiswissen über Datenstrukturen und Algorithmen.,,,,
Industrielle Biotechnologie (B.Sc.),Hochschule Fulda,LT1359,Fundamentals of Computer Science,5,Die Studierenden können elementare Algorithmen erklären und für einfache Probleme selbst entwickeln.,,,,
Industrielle Biotechnologie (B.Sc.),Hochschule Fulda,LT1359,Fundamentals of Computer Science,6,Die Studierenden verfügen über ein fundiertes Grundwissen über die Konzepte einer höheren Programmiersprache.,,,,
Industrielle Biotechnologie (B.Sc.),Hochschule Fulda,LT1359,Fundamentals of Computer Science,7,"Die Studierenden können Programmcode analysieren, Fehler identifizieren und korrigieren.",,,,
Industrielle Biotechnologie (B.Sc.),Hochschule Fulda,LT1359,Fundamentals of Computer Science,8,Die Studierenden können Programme in einer höheren Programmiersprache selbstständig entwerfen und implementieren.,,,,
Industrielle Biotechnologie (B.Sc.),Hochschule Fulda,LT1359,Fundamentals of Computer Science,9,Die Studierenden können einfache Programmieraufgaben mithilfe der Programmiersprache lösen.,,,,
Industrielle Biotechnologie (B.Sc.),Hochschule Fulda,LT1196,Betriebswirtschaftliche Funktionen,1,Die Studierenden verstehen die betriebswirtschaftlichen Teilfunktionen aus realisations- und managementorientierter Sicht und können diese zueinander in Beziehung setzen.,,,,
Industrielle Biotechnologie (B.Sc.),Hochschule Fulda,LT1196,Betriebswirtschaftliche Funktionen,2,Die Studierenden lernen funktionsbezogene Handlungsweisen kennen und können entsprechende Entscheidungssituationen in Unternehmen analysieren und zielgerichtet gestalten.,,,,
Industrielle Biotechnologie (B.Sc.),Hochschule Fulda,LT1196,Betriebswirtschaftliche Funktionen,3,"Die Studierenden wenden verschiedene Instrumente und Vorgehensweisen zur Gestaltung von Prozessen des Supply Managements, der Produktion und des Vertriebs/Marketings in exemplarischen Entscheidungssituationen an.",,,,
Industrielle Biotechnologie (B.Sc.),Hochschule Fulda,LT1196,Betriebswirtschaftliche Funktionen,4,"Die Studierenden können verschiedene Instrumente der strategischen Planung, der Organisationsgestaltung und Personalführung in unternehmensbezogenen Anwendungskontexten nutzen.",,,,
Industrielle Biotechnologie (B.Sc.),Hochschule Fulda,LT1032,Thermische Verfahrenstechnik,1,Die Studierenden verfügen über ein Grundverständnis von Stoff- und Wärmeübergängen.,,,,
Industrielle Biotechnologie (B.Sc.),Hochschule Fulda,LT1032,Thermische Verfahrenstechnik,2,Die Studierenden kennen die verfahrenstechnischen Grundoperationen auf Basis der Grundlagen von Wärme- und Stoffübergang und können diese anwenden.,,,,
Industrielle Biotechnologie (B.Sc.),Hochschule Fulda,LT1032,Thermische Verfahrenstechnik,3,Die Studierenden beherrschen die Bilanzierungen bzgl.,,,,
Industrielle Biotechnologie (B.Sc.),Hochschule Fulda,LT1032,Thermische Verfahrenstechnik,4,Masse und Energie.,,,,
Industrielle Biotechnologie (B.Sc.),Hochschule Fulda,LT1032,Thermische Verfahrenstechnik,5,"Die Studierenden sind in der Lage, einfache Apparate wie Destillations- und Rektifikationskolonnen, Sorptionsapparate, Trockner und Kristallisatoren zu berechnen und auszulegen.",,,,
Industrielle Biotechnologie (B.Sc.),Hochschule Fulda,LT1032,Thermische Verfahrenstechnik,6,Die Studierenden verstehen prinzipielle Zusammenhänge der Betriebsparameter bei thermischen Verfahren.,,,,
Industrielle Biotechnologie (B.Sc.),Hochschule Fulda,LT1242,Thermal Process Engineering,1,Die Studierenden verfügen über ein Grundverständnis von Stoff- und Wärmeübergängen.,,,,
Industrielle Biotechnologie (B.Sc.),Hochschule Fulda,LT1242,Thermal Process Engineering,2,Die Studierenden kennen die verfahrenstechnischen Grundoperationen auf Basis der Grundlagen von Wärme- und Stoffübergang und können diese anwenden.,,,,
Industrielle Biotechnologie (B.Sc.),Hochschule Fulda,LT1242,Thermal Process Engineering,3,Die Studierenden beherrschen die Bilanzierungen bzgl.,,,,
Industrielle Biotechnologie (B.Sc.),Hochschule Fulda,LT1242,Thermal Process Engineering,4,Masse und Energie.,,,,
Industrielle Biotechnologie (B.Sc.),Hochschule Fulda,LT1242,Thermal Process Engineering,5,"Die Studierenden sind in der Lage, einfache Apparate wie Destillations- und Rektifikationskolonnen, Sorptionsapparate, Trockner und Kristallisatoren zu berechnen und auszulegen.",,,,
Industrielle Biotechnologie (B.Sc.),Hochschule Fulda,LT1242,Thermal Process Engineering,6,Die Studierenden verstehen prinzipielle Zusammenhänge der Betriebsparameter bei thermischen Verfahren.,,,,
Industrielle Biotechnologie (B.Sc.),Hochschule Fulda,LT1312,Bioinformatik,1,Die Studierenden kennen gängige Software zur Verarbeitung von Sequenzdaten und können diese anwenden,,,,
Industrielle Biotechnologie (B.Sc.),Hochschule Fulda,LT1312,Bioinformatik,2,Die Studierenden können einfache Pipelines zur Verarbeitung von Sequenzdaten erstellen und bewerten,,,,
Industrielle Biotechnologie (B.Sc.),Hochschule Fulda,LT1312,Bioinformatik,3,Die Studierenden kennen die verschiedenen Datenformate und biowissenschaftlichen Datenbanken,,,,
Industrielle Biotechnologie (B.Sc.),Hochschule Fulda,LT1312,Bioinformatik,4,Die Studierenden können Analyseergebnisse kritisch einordnen und interpretieren,,,,
Industrielle Biotechnologie (B.Sc.),Hochschule Fulda,LT1313,Bioinformatics,1,Die Studierenden kennen gängige Software zur Verarbeitung von Sequenzdaten und können diese anwenden,,,,
Industrielle Biotechnologie (B.Sc.),Hochschule Fulda,LT1313,Bioinformatics,2,Die Studierenden können einfache Pipelines zur Verarbeitung von Sequenzdaten erstellen und bewerten,,,,
Industrielle Biotechnologie (B.Sc.),Hochschule Fulda,LT1313,Bioinformatics,3,Die Studierenden kennen die verschiedenen Datenformate und biowissenschaftlichen Datenbanken,,,,
Industrielle Biotechnologie (B.Sc.),Hochschule Fulda,LT1313,Bioinformatics,4,Die Studierenden können Analyseergebnisse kritisch einordnen und interpretieren,,,,
Industrielle Biotechnologie (B.Sc.),Hochschule Fulda,LT1379,Bioverfahrenstechnik,1,"Die Studierenden sind in der Lage, biotechnologische Reaktoren für verschiedene Anwendungen zu wählen und anhand ihrer Vor- und Nachteile zielgerichtet einzusetzen.",,,,
Industrielle Biotechnologie (B.Sc.),Hochschule Fulda,LT1379,Bioverfahrenstechnik,2,Die Studierenden verstehen das Vorgehen beim Hochskalieren von Bioreaktoren.,,,,
Industrielle Biotechnologie (B.Sc.),Hochschule Fulda,LT1379,Bioverfahrenstechnik,3,Die Studierenden kennen grundlegende Elemente der Steuerung und Apparatetechnik einer biotechnologischen Produktionslinie.,,,,
Industrielle Biotechnologie (B.Sc.),Hochschule Fulda,LT1380,Bioprocess Engineering,1,"Die Studierenden sind in der Lage, biotechnologische Reaktoren für verschiedene Anwendungen zu wählen und anhand ihrer Vor- und Nachteile zielgerichtet einzusetzen.",,,,
Industrielle Biotechnologie (B.Sc.),Hochschule Fulda,LT1380,Bioprocess Engineering,2,Die Studierenden verstehen das Vorgehen beim Hochskalieren von Bioreaktoren.,,,,
Industrielle Biotechnologie (B.Sc.),Hochschule Fulda,LT1380,Bioprocess Engineering,3,Die Studierenden kennen grundlegende Elemente der Steuerung und Apparatetechnik einer biotechnologischen Produktionslinie.,,,,
Industrielle Biotechnologie (B.Sc.),Hochschule Fulda,LT1074,Mechanische Verfahrenstechnik,1,Die Studierenden verstehen grundsätzlich die Denk- und Vorgehensweise bei Aufgaben und Problemstellungen in der mechanischen Verfahrenstechnik.,,,,
Industrielle Biotechnologie (B.Sc.),Hochschule Fulda,LT1074,Mechanische Verfahrenstechnik,2,"Die Studierenden sind in der Lage, einfache Problemstellungen zu analysieren und notwendige Berechnungen selbst durchzuführen.",,,,
Industrielle Biotechnologie (B.Sc.),Hochschule Fulda,LT1074,Mechanische Verfahrenstechnik,3,Die Studierenden können ihr Wissen bei praktischen Fragestellungen anwenden.,,,,
Industrielle Biotechnologie (B.Sc.),Hochschule Fulda,LT1074,Mechanische Verfahrenstechnik,4,"Die Studierenden verstehen es, Arbeitsaufgaben selbstständig im Team zu organisieren, zu erarbeiten und durchzuführen.",,,,
Industrielle Biotechnologie (B.Sc.),Hochschule Fulda,LT1246,Particle Technology and Fluid Mechanics,1,Die Studierenden verstehen grundsätzlich die Denk- und Vorgehensweise bei Aufgaben und Problemstellungen in der mechanischen Verfahrenstechnik.,,,,
Industrielle Biotechnologie (B.Sc.),Hochschule Fulda,LT1246,Particle Technology and Fluid Mechanics,2,"Die Studierenden sind in der Lage, einfache Problemstellungen zu analysieren und notwendige Berechnungen selbst durchzuführen.",,,,
Industrielle Biotechnologie (B.Sc.),Hochschule Fulda,LT1246,Particle Technology and Fluid Mechanics,3,Die Studierenden können ihr Wissen bei praktischen Fragestellungen anwenden.,,,,
Industrielle Biotechnologie (B.Sc.),Hochschule Fulda,LT1246,Particle Technology and Fluid Mechanics,4,"Die Studierenden verstehen es, Arbeitsaufgaben selbstständig im Team zu organisieren, zu erarbeiten und durchzuführen.",,,,
Industrielle Biotechnologie (B.Sc.),Hochschule Fulda,LT1198,Biochemie,1,Die Studierenden erwerben einen Überblick über wesentliche Stoffwechselwege,,,,
Industrielle Biotechnologie (B.Sc.),Hochschule Fulda,LT1198,Biochemie,2,"Die Studierenden erreichen ein Verständnis für (bio)chemische Reaktionen ausgewählter Komponenten bei der Herstellung, Reifung bzw. Lagerung von Produkten.",,,,
Industrielle Biotechnologie (B.Sc.),Hochschule Fulda,LT1198,Biochemie,3,"Die Studierenden sind imstande, die Grundsätze wissenschaftlicher Literaturarbeit anzuwenden.",,,,
Industrielle Biotechnologie (B.Sc.),Hochschule Fulda,LT1198,Biochemie,4,Die Studierenden erreichen durch die Arbeit im Labor ein Verständnis für die biochemische Analytik sowie praktische Kompetenz für den späteren Berufsalltag.,,,,
Industrielle Biotechnologie (B.Sc.),Hochschule Fulda,LT1245,Biochemistry,1,Die Studierenden erwerben einen Überblick über wesentliche Stoffwechselwege,,,,
Industrielle Biotechnologie (B.Sc.),Hochschule Fulda,LT1245,Biochemistry,2,"Die Studierenden erreichen ein Verständnis für (bio)chemische Reaktionen ausgewählter Komponenten bei der Herstellung, Reifung bzw. Lagerung von Produkten.",,,,
Industrielle Biotechnologie (B.Sc.),Hochschule Fulda,LT1245,Biochemistry,3,"Die Studierenden sind imstande, die Grundsätze wissenschaftlicher Literaturarbeit anzuwenden.",,,,
Industrielle Biotechnologie (B.Sc.),Hochschule Fulda,LT1245,Biochemistry,4,Die Studierenden erreichen durch die Arbeit im Labor ein Verständnis für die biochemische Analytik sowie praktische Kompetenz für den späteren Berufsalltag.,,,,
Industrielle Biotechnologie (B.Sc.),Hochschule Fulda,LT1245,Biochemistry,1,Die Studierenden werden in die Denkweise und die Methoden der Statistik eingeführt.,,,,
Industrielle Biotechnologie (B.Sc.),Hochschule Fulda,LT1245,Biochemistry,2,Die Studierenden lernen die Grundlagen und wichtigen Begriffe der Statistik kennen.,,,,
Industrielle Biotechnologie (B.Sc.),Hochschule Fulda,LT1245,Biochemistry,3,Die Studierenden können verbal dargestellte Sachverhalte interpretieren und durch geeignete mathematische Modelle beschreiben,,,,
Industrielle Biotechnologie (B.Sc.),Hochschule Fulda,LT1245,Biochemistry,4,"Die Studierenden sind in der Lage, Experimente nach statistischen Aspekten zu planen.",,,,
Industrielle Biotechnologie (B.Sc.),Hochschule Fulda,LT1245,Biochemistry,5,Die Studierenden lernen kritisch mit Datenmaterial umzugehen sowie einfache Abschätzungen und statistische Entscheidungsfindungsverfahren durchzuführen.,,,,
Industrielle Biotechnologie (B.Sc.),Hochschule Fulda,LT1245,Biochemistry,6,Die Studierenden lernen anwendungsbezogene Beispiele selbstständig zu bearbeiten.,,,,
Industrielle Biotechnologie (B.Sc.),Hochschule Fulda,LT1245,Biochemistry,7,Die Studierenden können statistische Software einsetzen.,,,,
Industrielle Biotechnologie (B.Sc.),Hochschule Fulda,LT1036,Projekt (Titel),1,"Die Studierenden verfügen über Kenntnisse und Fertigkeiten aus folgenden Gebieten: Projektdefinition, Projektcontrolling, Projektmanagement, interdisziplinäres Arbeiten, Problemlösungsstrategien, Teamarbeit, Gruppendynamik, Präsentation und Moderation, Informationsmanagement.",,,,
Industrielle Biotechnologie (B.Sc.),Hochschule Fulda,LT1036,Projekt (Titel),2,"Die Studierenden können Zusammenhänge aus dem gesamten Gebiet der Life Sciences miteinander verknüpfen, interdisziplinär bearbeiten, verstehen, strukturieren und darstellen.",,,,
Industrielle Biotechnologie (B.Sc.),Hochschule Fulda,LT1270,Project (title),1,"Die Studierenden verfügen über Kenntnisse und Fertigkeiten aus folgenden Gebieten: Projektdefinition, Projektcontrolling, Projektmanagement, interdisziplinäres Arbeiten, Problemlösungsstrategien, Teamarbeit, Gruppendynamik, Präsentation und Moderation, Informationsmanagement.",,,,
Industrielle Biotechnologie (B.Sc.),Hochschule Fulda,LT1270,Project (title),2,"Die Studierenden können Zusammenhänge aus dem gesamten Gebiet der Life Sciences miteinander verknüpfen, interdisziplinär bearbeiten, verstehen, strukturieren und darstellen.",,,,
Industrielle Biotechnologie (B.Sc.),Hochschule Fulda,LT1314,Molekularbiologie und Gentechnik,1,"Die Studierenden kennen die grundlegenden Konzepte der Molekularbiologie und Gentechnik, können sie einordnen und gezielt wiedergeben.",,,,
Industrielle Biotechnologie (B.Sc.),Hochschule Fulda,LT1314,Molekularbiologie und Gentechnik,2,Die Studierenden kennen klassische und moderne Methoden der Gentechnik und können sie praktisch anwenden.,,,,
Industrielle Biotechnologie (B.Sc.),Hochschule Fulda,LT1314,Molekularbiologie und Gentechnik,3,Die Studierenden können Techniken der Molekularbiologie und Gentechnologie erläutern und deren Ergebnisse interpretieren.,,,,
Industrielle Biotechnologie (B.Sc.),Hochschule Fulda,LT1314,Molekularbiologie und Gentechnik,4,Die Studierenden können die Chancen und Gefahren der Gentechnik differenziert beurteilen.,,,,
Industrielle Biotechnologie (B.Sc.),Hochschule Fulda,LT1315,Molecular biology and genetic engineering,1,"Die Studierenden kennen die grundlegenden Konzepte der Molekularbiologie und Gentechnik, können sie einordnen und gezielt wiedergeben.",,,,
Industrielle Biotechnologie (B.Sc.),Hochschule Fulda,LT1315,Molecular biology and genetic engineering,2,Die Studierenden kennen klassische und moderne Methoden der Gentechnik und können sie praktisch anwenden.,,,,
Industrielle Biotechnologie (B.Sc.),Hochschule Fulda,LT1315,Molecular biology and genetic engineering,3,Die Studierenden können Techniken der Molekularbiologie und Gentechnologie erläutern und deren Ergebnisse interpretieren.,,,,
Industrielle Biotechnologie (B.Sc.),Hochschule Fulda,LT1315,Molecular biology and genetic engineering,4,Die Studierenden können die Chancen und Gefahren der Gentechnik differenziert beurteilen.,,,,
Industrielle Biotechnologie (B.Sc.),Hochschule Fulda,LT1037,Haltbarmachung und Verpackung,1,Die Studierenden beherrschen die Mechanismen der Verderbsreaktionen.,,,,
Industrielle Biotechnologie (B.Sc.),Hochschule Fulda,LT1037,Haltbarmachung und Verpackung,2,Die Studierenden können Verfahren zur Haltbarmachung nach Produkterfordernis auswählen.,,,,
Industrielle Biotechnologie (B.Sc.),Hochschule Fulda,LT1037,Haltbarmachung und Verpackung,3,"Die Studierenden sind in der Lage, Haltbarkeitszeiten für verschiedene Lebensmittel beim Einsatz unterschiedlicher Verfahren zur Erhöhung der Haltbarkeit rechnerisch abzuschätzen.",,,,
Industrielle Biotechnologie (B.Sc.),Hochschule Fulda,LT1037,Haltbarmachung und Verpackung,4,"Die Studierenden sind in der Lage, Verpackungen allgemein und insbesondere Verpackungen für Lebensmittelindustrie, pharmazeutische Industrie und kosmetische Industrie zu verstehen und in groben rechtlichen und technologischen Grundzügen zu bewerten.",,,,
Industrielle Biotechnologie (B.Sc.),Hochschule Fulda,LT1037,Haltbarmachung und Verpackung,5,"Auf Grund der Kenntnisse können sie die Eignung von Verpackungen für spezifische Produkte abschätzen und Verpackungslösungen verstehen, beurteilen und in engerem Rahmen selbst entwickeln.",,,,
Industrielle Biotechnologie (B.Sc.),Hochschule Fulda,LT1248,Preservation and Packaging,1,Die Studierenden beherrschen die Mechanismen der Verderbsreaktionen.,,,,
Industrielle Biotechnologie (B.Sc.),Hochschule Fulda,LT1248,Preservation and Packaging,2,Die Studierenden können Verfahren zur Haltbarmachung nach Produkterfordernis auswählen.,,,,
Industrielle Biotechnologie (B.Sc.),Hochschule Fulda,LT1248,Preservation and Packaging,3,"Die Studierenden sind in der Lage, Haltbarkeitszeiten für verschiedene Lebensmittel beim Einsatz unterschiedlicher Verfahren zur Erhöhung der Haltbarkeit rechnerisch abzuschätzen.",,,,
Industrielle Biotechnologie (B.Sc.),Hochschule Fulda,LT1248,Preservation and Packaging,4,"Die Studierenden sind in der Lage, Verpackungen allgemein und insbesondere Verpackungen für Lebensmittelindustrie, pharmazeutische Industrie und kosmetische Industrie zu verstehen und in groben rechtlichen und technologischen Grundzügen zu bewerten.",,,,
Industrielle Biotechnologie (B.Sc.),Hochschule Fulda,LT1248,Preservation and Packaging,5,"Auf Grund der Kenntnisse können sie die Eignung von Verpackungen für spezifische Produkte abschätzen und Verpackungslösungen verstehen, beurteilen und in engerem Rahmen selbst entwickeln.",,,,
Industrielle Biotechnologie (B.Sc.),Hochschule Fulda,LT1316,Recht für Biotechnologie,1,Kennen den rechtlichen Rahmen und wichtigsten Gesetzestexte/Verordnungen für die Biotechnologie,,,,
Industrielle Biotechnologie (B.Sc.),Hochschule Fulda,LT1316,Recht für Biotechnologie,2,"Die Studierenden können biotechnologische Arbeiten anhand der rechtlichen Rahmenbedingungen bewerten, einschätzen und durchführen.",,,,
Industrielle Biotechnologie (B.Sc.),Hochschule Fulda,LT1316,Recht für Biotechnologie,3,Die Studierenden können Gefährdungen für Arbeitnehmer erkennen und durch geeignete Maßnahmen abwenden.,,,,
Industrielle Biotechnologie (B.Sc.),Hochschule Fulda,LT1316,Recht für Biotechnologie,4,Die Studierenden kennen rechtliche Unterschiede bei biotechnologischen Arbeiten mit natürlichen und gentechnisch veränderten Organismen.,,,,
Industrielle Biotechnologie (B.Sc.),Hochschule Fulda,LT1317,Law for Biotechnology,1,Kennen den rechtlichen Rahmen und wichtigsten Gesetzestexte/Verordnungen für die Biotechnologie,,,,
Industrielle Biotechnologie (B.Sc.),Hochschule Fulda,LT1317,Law for Biotechnology,2,"Die Studierenden können biotechnologische Arbeiten anhand der rechtlichen Rahmenbedingungen bewerten, einschätzen und durchführen.",,,,
Industrielle Biotechnologie (B.Sc.),Hochschule Fulda,LT1317,Law for Biotechnology,3,Die Studierenden können Gefährdungen für Arbeitnehmer erkennen und durch geeignete Maßnahmen abwenden.,,,,
Industrielle Biotechnologie (B.Sc.),Hochschule Fulda,LT1317,Law for Biotechnology,4,Die Studierenden kennen rechtliche Unterschiede bei biotechnologischen Arbeiten mit natürlichen und gentechnisch veränderten Organismen.,,,,
Industrielle Biotechnologie (B.Sc.),Hochschule Fulda,LT1318,Analytische Chemie und instrumentelle Analytik,1,Die Studierenden kennen die theoretischen Grundlagen der analytischen Chemie und können den Ablauf einer chemischen Analyse beschreiben.,,,,
Industrielle Biotechnologie (B.Sc.),Hochschule Fulda,LT1318,Analytische Chemie und instrumentelle Analytik,2,Die Studierenden kennen Methoden der instrumentellen Analytik und können den apparativen Aufbau und das Zusammenwirken der Komponenten beschreiben.,,,,
Industrielle Biotechnologie (B.Sc.),Hochschule Fulda,LT1318,Analytische Chemie und instrumentelle Analytik,3,Die Studierenden kennen das Verhalten von Molekülklassen der Biotechnologie und die dazugehörigen Trennverfahren.,,,,
Industrielle Biotechnologie (B.Sc.),Hochschule Fulda,LT1318,Analytische Chemie und instrumentelle Analytik,4,Die Studierenden können eine qualitative Analyse praktisch umsetzen und können Analyseergebnisse einordnet und kritisch interpretieren.,,,,
Industrielle Biotechnologie (B.Sc.),Hochschule Fulda,LT1319,Analytical Chemistry and instrumental analysis,1,Die Studierenden kennen die theoretischen Grundlagen der analytischen Chemie und können den Ablauf einer chemischen Analyse beschreiben.,,,,
Industrielle Biotechnologie (B.Sc.),Hochschule Fulda,LT1319,Analytical Chemistry and instrumental analysis,2,Die Studierenden kennen Methoden der instrumentellen Analytik und können den apparativen Aufbau und das Zusammenwirken der Komponenten beschreiben.,,,,
Industrielle Biotechnologie (B.Sc.),Hochschule Fulda,LT1319,Analytical Chemistry and instrumental analysis,3,Die Studierenden kennen das Verhalten von Molekülklassen der Biotechnologie und die dazugehörigen Trennverfahren.,,,,
Industrielle Biotechnologie (B.Sc.),Hochschule Fulda,LT1319,Analytical Chemistry and instrumental analysis,4,Die Studierenden können eine qualitative Analyse praktisch umsetzen und können Analyseergebnisse einordnet und kritisch interpretieren.,,,,
Industrielle Biotechnologie (B.Sc.),Hochschule Fulda,LT1320,Aktuelle Themen der Biotechnologie,1,Die Studierenden kennen aktuelle Entwicklungen in der Biotechnologie,,,,
Industrielle Biotechnologie (B.Sc.),Hochschule Fulda,LT1320,Aktuelle Themen der Biotechnologie,2,Die Studierenden verstehen neuste biotechnologischen Verfahren und können diese deuten und kritisch einordnet,,,,
Industrielle Biotechnologie (B.Sc.),Hochschule Fulda,LT1320,Aktuelle Themen der Biotechnologie,3,Die Studierenden können selbstständig aktuelle wissenschaftliche Texte erarbeiten,,,,
Industrielle Biotechnologie (B.Sc.),Hochschule Fulda,LT1321,Current Topics in Biotechnology,1,Die Studierenden kennen aktuelle Entwicklungen in der Biotechnologie,,,,
Industrielle Biotechnologie (B.Sc.),Hochschule Fulda,LT1321,Current Topics in Biotechnology,2,Die Studierenden verstehen neuste biotechnologischen Verfahren und können diese deuten und kritisch einordnet,,,,
Industrielle Biotechnologie (B.Sc.),Hochschule Fulda,LT1321,Current Topics in Biotechnology,3,Die Studierenden können selbstständig aktuelle wissenschaftliche Texte erarbeiten,,,,
Industrielle Biotechnologie (B.Sc.),Hochschule Fulda,LT1322,Qualitätsmanagement (IBT),1,Die Studierenden sollen nach einer Einführung in das Thema Qualitätsmanagement vor allem dessen Umsetzung durch die „Good Manufacturing Practice“ (GMP) vermittelt bekommen.,,,,
Industrielle Biotechnologie (B.Sc.),Hochschule Fulda,LT1322,Qualitätsmanagement (IBT),2,"Ziel ist es, initiale Kenntnisse über GMP von der Produktentwicklung über die Produktion bis zur Marktzulassung zu erlangen",,,,
Industrielle Biotechnologie (B.Sc.),Hochschule Fulda,LT1322,Qualitätsmanagement (IBT),3,"Die Studierenden werden befähigt, eine Thematik aus dem Gebiet der Qualitätssicherung, der Zulassung bzw. der für die Herstellung von Kosmetika und Medizinprodukten maßgeblichen Regelwerke selbständig zu bearbeiten.",,,,
Industrielle Biotechnologie (B.Sc.),Hochschule Fulda,LT1322,Qualitätsmanagement (IBT),4,"Sie werden befähigt, eine strukturierte Quellenrecherche zu betreiben.",,,,
Industrielle Biotechnologie (B.Sc.),Hochschule Fulda,LT1322,Qualitätsmanagement (IBT),5,"Gemäß dem regulatorisch vorgegebenen Anspruch, ein Produkt nach dem Stand von Wissenschaft und Technik herzustellen und nach vorgegebenen Qualitätsstandards zu prüfen, erlernen sie den Stand der Wissenschaft und Technik an Hand von Originalarbeiten zu beschreiben. [Wissen, 6]",,,,
Industrielle Biotechnologie (B.Sc.),Hochschule Fulda,LT1322,Qualitätsmanagement (IBT),6,"Die Studierenden werden befähigt, Problemstellungen klar herauszuarbeiten, die geeignete Vorgehensweise zur Problembearbeitung auszuwählen und die Auswahl zu begründen, die Daten nach strukturierten, qualitätsgesicherten Prinzipien zu sammeln, zu verdichten und zu analysieren sowie zu diskutieren.",,,,
Industrielle Biotechnologie (B.Sc.),Hochschule Fulda,LT1322,Qualitätsmanagement (IBT),7,"Sie erlernen die Erstellung einer Zusammenfassung und die Erarbeitung von Literaturverzeichnissen. [Systemische Fertigkeiten, 6]",,,,
Industrielle Biotechnologie (B.Sc.),Hochschule Fulda,LT1322,Qualitätsmanagement (IBT),8,"Die Thematik wird im Team bearbeitet und das erarbeitete Ergebnis präsentiert und diskutiert. [Team-/Führungsfähigkeit, 6]",,,,
Industrielle Biotechnologie (B.Sc.),Hochschule Fulda,LT1322,Qualitätsmanagement (IBT),9,"Die Studierenden im Bereich QM für Kosmetik und Medizinprodukte planen und organisieren eigene Arbeitsabläufe selbständig und eigenverantwortlich unter fachlichen und zeitökonomischen Gesichtspunkten. [Eigenständigkeit/Verantwortung, 6]",,,,
Industrielle Biotechnologie (B.Sc.),Hochschule Fulda,LT1322,Qualitätsmanagement (IBT),10,Die Studierenden sind in der Lage entsprechende Dokumentationsunterlagen zu beurteilen.,,,,
Industrielle Biotechnologie (B.Sc.),Hochschule Fulda,LT1322,Qualitätsmanagement (IBT),11,sind vertraut mit den theoretischen Grundlagen des Qualitätsmanagements und können die Verbindungen zwischen Qualitätsmanagement und GCP/GMP/GQP/GLP/GVP ziehen.,,,,
Industrielle Biotechnologie (B.Sc.),Hochschule Fulda,LT1322,Qualitätsmanagement (IBT),12,"haben einen Überblick über die Unterschiede der Qualitätsmanagementsysteme in den USA, der EU und können deren Auswirkungen auf eine Produktion in Deutschland einschätzen.",,,,
Industrielle Biotechnologie (B.Sc.),Hochschule Fulda,LT1323,Quality Management (IBT),1,Die Studierenden sollen nach einer Einführung in das Thema Qualitätsmanagement vor allem dessen Umsetzung durch die „Good Manufacturing Practice“ (GMP) vermittelt bekommen.,,,,
Industrielle Biotechnologie (B.Sc.),Hochschule Fulda,LT1323,Quality Management (IBT),2,"Ziel ist es, initiale Kenntnisse über GMP von der Produktentwicklung über die Produktion bis zur Marktzulassung zu erlangen",,,,
Industrielle Biotechnologie (B.Sc.),Hochschule Fulda,LT1323,Quality Management (IBT),3,"Die Studierenden werden befähigt, eine Thematik aus dem Gebiet der Qualitätssicherung, der Zulassung bzw. der für die Herstellung von Kosmetika und Medizinprodukten maßgeblichen Regelwerke selbständig zu bearbeiten.",,,,
Industrielle Biotechnologie (B.Sc.),Hochschule Fulda,LT1323,Quality Management (IBT),4,"Sie werden befähigt, eine strukturierte Quellenrecherche zu betreiben.",,,,
Industrielle Biotechnologie (B.Sc.),Hochschule Fulda,LT1323,Quality Management (IBT),5,"Gemäß dem regulatorisch vorgegebenen Anspruch, ein Produkt nach dem Stand von Wissenschaft und Technik herzustellen und nach vorgegebenen Qualitätsstandards zu prüfen, erlernen sie den Stand der Wissenschaft und Technik an Hand von Originalarbeiten zu beschreiben. [Wissen, 6]",,,,
Industrielle Biotechnologie (B.Sc.),Hochschule Fulda,LT1323,Quality Management (IBT),6,"Die Studierenden werden befähigt, Problemstellungen klar herauszuarbeiten, die geeignete Vorgehensweise zur Problembearbeitung auszuwählen und die Auswahl zu begründen, die Daten nach strukturierten, qualitätsgesicherten Prinzipien zu sammeln, zu verdichten und zu analysieren sowie zu diskutieren.",,,,
Industrielle Biotechnologie (B.Sc.),Hochschule Fulda,LT1323,Quality Management (IBT),7,"Sie erlernen die Erstellung einer Zusammenfassung und die Erarbeitung von Literaturverzeichnissen. [Systemische Fertigkeiten, 6]",,,,
Industrielle Biotechnologie (B.Sc.),Hochschule Fulda,LT1323,Quality Management (IBT),8,"Die Thematik wird im Team bearbeitet und das erarbeitete Ergebnis präsentiert und diskutiert. [Team-/Führungsfähigkeit, 6]",,,,
Industrielle Biotechnologie (B.Sc.),Hochschule Fulda,LT1323,Quality Management (IBT),9,"Die Studierenden im Bereich QM für Kosmetik und Medizinprodukte planen und organisieren eigene Arbeitsabläufe selbständig und eigenverantwortlich unter fachlichen und zeitökonomischen Gesichtspunkten. [Eigenständigkeit/Verantwortung, 6]",,,,
Industrielle Biotechnologie (B.Sc.),Hochschule Fulda,LT1323,Quality Management (IBT),10,Die Studierenden sind in der Lage entsprechende Dokumentationsunterlagen zu beurteilen.,,,,
Industrielle Biotechnologie (B.Sc.),Hochschule Fulda,LT1323,Quality Management (IBT),11,sind vertraut mit den theoretischen Grundlagen des Qualitätsmanagements und können die Verbindungen zwischen Qualitätsmanagement und GCP/GMP/GQP/GLP/GVP ziehen.,,,,
Industrielle Biotechnologie (B.Sc.),Hochschule Fulda,LT1323,Quality Management (IBT),12,"haben einen Überblick über die Unterschiede der Qualitätsmanagementsysteme in den USA, der EU und können deren Auswirkungen auf eine Produktion in Deutschland einschätzen.",,,,
Industrielle Biotechnologie (B.Sc.),Hochschule Fulda,LT1038,Praxisphase,1,Die Studierenden orientieren sich in den verschiedenen Berufsfeldern.,,,,
Industrielle Biotechnologie (B.Sc.),Hochschule Fulda,LT1038,Praxisphase,2,Die Studierenden können die im Studium erworbenen Fach- und Methodenkenntnisse in der Praxisinstitution anwenden und festigen.,,,,
Industrielle Biotechnologie (B.Sc.),Hochschule Fulda,LT1038,Praxisphase,3,Die Studierenden verstehen den Aufbau und Ablauf der Praxisinstitution.,,,,
Industrielle Biotechnologie (B.Sc.),Hochschule Fulda,LT1038,Praxisphase,4,Die Studierenden können sich innerhalb kurzer Zeit in komplexe Aufgaben und Unternehmenskulturen einarbeiten.,,,,
Industrielle Biotechnologie (B.Sc.),Hochschule Fulda,LT1252,Internship,1,Die Studierenden orientieren sich in den verschiedenen Berufsfeldern.,,,,
Industrielle Biotechnologie (B.Sc.),Hochschule Fulda,LT1252,Internship,2,Die Studierenden können die im Studium erworbenen Fach- und Methodenkenntnisse in der Praxisinstitution anwenden und festigen.,,,,
Industrielle Biotechnologie (B.Sc.),Hochschule Fulda,LT1252,Internship,3,Die Studierenden verstehen den Aufbau und Ablauf der Praxisinstitution.,,,,
Industrielle Biotechnologie (B.Sc.),Hochschule Fulda,LT1252,Internship,4,Die Studierenden können sich innerhalb kurzer Zeit in komplexe Aufgaben und Unternehmenskulturen einarbeiten.,,,,
Industrielle Biotechnologie (B.Sc.),Hochschule Fulda,LT1324,Abschlussmodul (Bachelor-Thesis),1,"Die Studierenden sind in der Lage, innerhalb einer vorgegebenen Frist ein bestimmtes, abgegrenztes Problem aus dem Kontext ihres Studiums nach wissenschaftlichen Prinzipien weitgehend selbstständig zu untersuchen.",,,,
Industrielle Biotechnologie (B.Sc.),Hochschule Fulda,LT1324,Abschlussmodul (Bachelor-Thesis),2,Die Studierenden können die Ergebnisse logisch und übersichtlich geordnet in Form einer wissenschaftlichen Arbeit schriftlich dokumentieren (Bachelor Thesis) und mit geeigneten multimedialen Hilfsmitteln mündlich darstellen und vertreten (Kolloquium).,,,,
Industrielle Biotechnologie (B.Sc.),Hochschule Fulda,LT1325,Thesis Module,1,"Die Studierenden sind in der Lage, innerhalb einer vorgegebenen Frist ein bestimmtes, abgegrenztes Problem aus dem Kontext ihres Studiums nach wissenschaftlichen Prinzipien weitgehend selbstständig zu untersuchen.",,,,
Industrielle Biotechnologie (B.Sc.),Hochschule Fulda,LT1325,Thesis Module,2,Die Studierenden können die Ergebnisse logisch und übersichtlich geordnet in Form einer wissenschaftlichen Arbeit schriftlich dokumentieren (Bachelor Thesis) und mit geeigneten multimedialen Hilfsmitteln mündlich darstellen und vertreten (Kolloquium).,,,,
Industrielle Biotechnologie (B.Sc.),Hochschule Fulda,LT1024,Grundlagen und Physiologie der Ernährung,1,Die Studierenden kennen,,,,
Industrielle Biotechnologie (B.Sc.),Hochschule Fulda,LT1024,Grundlagen und Physiologie der Ernährung,2,die Bedeutung von Nährstoffen in Lebensmitteln für die menschliche Ernährung.,,,,
Industrielle Biotechnologie (B.Sc.),Hochschule Fulda,LT1024,Grundlagen und Physiologie der Ernährung,3,"die Zusammensetzung von Lebensmitteln und sind so in der Lage, die Bedeutung von Lebensmitteln als Nährstofflieferanten und die Bedeutung für die Entstehung ernährungsabhängiger Erkrankungen einzuschätzen.",,,,
Industrielle Biotechnologie (B.Sc.),Hochschule Fulda,LT1241,Basic Principles and Physiology of Nutrition,1,Die Studierenden kennen,,,,
Industrielle Biotechnologie (B.Sc.),Hochschule Fulda,LT1241,Basic Principles and Physiology of Nutrition,2,die Bedeutung von Nährstoffen in Lebensmitteln für die menschliche Ernährung.,,,,
Industrielle Biotechnologie (B.Sc.),Hochschule Fulda,LT1241,Basic Principles and Physiology of Nutrition,3,"die Zusammensetzung von Lebensmitteln und sind so in der Lage, die Bedeutung von Lebensmitteln als Nährstofflieferanten und die Bedeutung für die Entstehung ernährungsabhängiger Erkrankungen einzuschätzen.",,,,
Industrielle Biotechnologie (B.Sc.),Hochschule Fulda,LT1042,Immunologie und spezifische Lebensmittelapplikationen,1,Die Studierenden kennen grundlegende Mechanismen der Immunologie sowie der mikrobiologischen Pathophysiologie und können diese in Bezug zu spezifischen Lebensmittelkomponenten und spezifischen Applikationsformen setzen.,,,,
Industrielle Biotechnologie (B.Sc.),Hochschule Fulda,LT1042,Immunologie und spezifische Lebensmittelapplikationen,2,Die Studierenden können Strategien zu den wissenschaftlichen Auslobungen im Markt und Aspekte der Produktzulassung bewerten und erstellen.,,,,
Industrielle Biotechnologie (B.Sc.),Hochschule Fulda,LT1042,Immunologie und spezifische Lebensmittelapplikationen,3,Die Studierenden kennen die unmittelbare Verknüpfung funktioneller Lebensmittelkomponenten mit der Biotechnologie und Molekularbiologie und können diese bewerten.,,,,
Industrielle Biotechnologie (B.Sc.),Hochschule Fulda,LT1254,Immunology and Specific Food Applications,1,Die Studierenden kennen grundlegende Mechanismen der Immunologie sowie der mikrobiologischen Pathophysiologie und können diese in Bezug zu spezifischen Lebensmittelkomponenten und spezifischen Applikationsformen setzen.,,,,
Industrielle Biotechnologie (B.Sc.),Hochschule Fulda,LT1254,Immunology and Specific Food Applications,2,Die Studierenden können Strategien zu den wissenschaftlichen Auslobungen im Markt und Aspekte der Produktzulassung bewerten und erstellen.,,,,
Industrielle Biotechnologie (B.Sc.),Hochschule Fulda,LT1254,Immunology and Specific Food Applications,3,Die Studierenden kennen die unmittelbare Verknüpfung funktioneller Lebensmittelkomponenten mit der Biotechnologie und Molekularbiologie und können diese bewerten.,,,,
Industrielle Biotechnologie (B.Sc.),Hochschule Fulda,LT1047,Trocknungstechnik,1,Die Studierenden verfügen über ein Grundverständnis von Trocknungsprozessen.,,,,
Industrielle Biotechnologie (B.Sc.),Hochschule Fulda,LT1047,Trocknungstechnik,2,Die Studierenden sind mit apparativen Grundlösungen vertraut.,,,,
Industrielle Biotechnologie (B.Sc.),Hochschule Fulda,LT1047,Trocknungstechnik,3,Die Studierenden sind in der Lage einfache Trocknungsanlagen zu berechnen und auszulegen.,,,,
Industrielle Biotechnologie (B.Sc.),Hochschule Fulda,LT1047,Trocknungstechnik,4,Die Studierenden verstehen prinzipielle Zusammenhänge der Betriebsparameter bei Trocknungsverfahren.,,,,
Industrielle Biotechnologie (B.Sc.),Hochschule Fulda,LT1255,Drying Technology,1,Die Studierenden verfügen über ein Grundverständnis von Trocknungsprozessen.,,,,
Industrielle Biotechnologie (B.Sc.),Hochschule Fulda,LT1255,Drying Technology,2,Die Studierenden sind mit apparativen Grundlösungen vertraut.,,,,
Industrielle Biotechnologie (B.Sc.),Hochschule Fulda,LT1255,Drying Technology,3,Die Studierenden sind in der Lage einfache Trocknungsanlagen zu berechnen und auszulegen.,,,,
Industrielle Biotechnologie (B.Sc.),Hochschule Fulda,LT1255,Drying Technology,4,Die Studierenden verstehen prinzipielle Zusammenhänge der Betriebsparameter bei Trocknungsverfahren.,,,,
Industrielle Biotechnologie (B.Sc.),Hochschule Fulda,LT1048,Anlagentechnik und Hygienic Design,1,Die Studierenden verstehen die grundsätzliche Vorgehensweise bei der Planung und Entwicklung von Anlagen für die Herstellung sensibler Produkte (z.B. für aseptische und nicht aseptische Produktion) und deren Komponenten.,,,,
Industrielle Biotechnologie (B.Sc.),Hochschule Fulda,LT1048,Anlagentechnik und Hygienic Design,2,Die Studierenden sind durch die Kenntnis hygienischer Voraussetzung zum Verstehen und Beurteilen der hygienegerechten Gestaltung von Komponenten und Anlagen zur Herstellung sensibler Produkte befähigt.,,,,
Industrielle Biotechnologie (B.Sc.),Hochschule Fulda,LT1256,Systems Engineering and Hygienic Design,1,Die Studierenden verstehen die grundsätzliche Vorgehensweise bei der Planung und Entwicklung von Anlagen für die Herstellung sensibler Produkte (z.B. für aseptische und nicht aseptische Produktion) und deren Komponenten.,,,,
Industrielle Biotechnologie (B.Sc.),Hochschule Fulda,LT1256,Systems Engineering and Hygienic Design,2,Die Studierenden sind durch die Kenntnis hygienischer Voraussetzung zum Verstehen und Beurteilen der hygienegerechten Gestaltung von Komponenten und Anlagen zur Herstellung sensibler Produkte befähigt.,,,,
Industrielle Biotechnologie (B.Sc.),Hochschule Fulda,LT1049,Industrieanlagen & Facility Management,1,"Die Studierenden verstehen die Grundlagen der Anlagenplanung und das nötige Zusammenspiel zwischen Verfahrenstechnik, Energietechnik, Versorgungstechnik, Produktionstechnik, Maschinenbau und Elektrotechnik und Infrastruktur.",,,,
Industrielle Biotechnologie (B.Sc.),Hochschule Fulda,LT1049,Industrieanlagen & Facility Management,2,Die Studierenden können Planungsvarianten und deren Bedeutung bei der Realisierung erfassen.,,,,
Industrielle Biotechnologie (B.Sc.),Hochschule Fulda,LT1049,Industrieanlagen & Facility Management,3,"Die Studierenden sind in der Lage, Planungsvarianten unter dem Aspekt der Funktionalität zu prüfen.",,,,
Industrielle Biotechnologie (B.Sc.),Hochschule Fulda,LT1049,Industrieanlagen & Facility Management,4,Die Studierenden vertiefen die Anwendung für die Praxis anhand von Beispielen und Übungsprojekten in weitgehend selbstständiger Arbeitsweise.,,,,
Industrielle Biotechnologie (B.Sc.),Hochschule Fulda,LT1049,Industrieanlagen & Facility Management,5,Die Studierenden können die Planung kritisch beurteilen und konstruktiv darauf einwirken.,,,,
Industrielle Biotechnologie (B.Sc.),Hochschule Fulda,LT1257,Industrial Plants and Facility Management,1,"Die Studierenden verstehen die Grundlagen der Anlagenplanung und das nötige Zusammenspiel zwischen Verfahrenstechnik, Energietechnik, Versorgungstechnik, Produktionstechnik, Maschinenbau und Elektrotechnik und Infrastruktur.",,,,
Industrielle Biotechnologie (B.Sc.),Hochschule Fulda,LT1257,Industrial Plants and Facility Management,2,Die Studierenden können Planungsvarianten und deren Bedeutung bei der Realisierung erfassen.,,,,
Industrielle Biotechnologie (B.Sc.),Hochschule Fulda,LT1257,Industrial Plants and Facility Management,3,"Die Studierenden sind in der Lage, Planungsvarianten unter dem Aspekt der Funktionalität zu prüfen.",,,,
Industrielle Biotechnologie (B.Sc.),Hochschule Fulda,LT1257,Industrial Plants and Facility Management,4,Die Studierenden vertiefen die Anwendung für die Praxis anhand von Beispielen und Übungsprojekten in weitgehend selbstständiger Arbeitsweise.,,,,
Industrielle Biotechnologie (B.Sc.),Hochschule Fulda,LT1257,Industrial Plants and Facility Management,5,Die Studierenden können die Planung kritisch beurteilen und konstruktiv darauf einwirken.,,,,
Industrielle Biotechnologie (B.Sc.),Hochschule Fulda,LT1377,Lebensmittelbiotechnologie,1,Die Studierenden kennen grundlegende Anwendungen der Biotechnologie in der Lebensmittelherstellung.,,,,
Industrielle Biotechnologie (B.Sc.),Hochschule Fulda,LT1377,Lebensmittelbiotechnologie,2,Die Studierenden verstehen das besondere Potential biotechnologischer Prozesse bei der Verarbeitung von Lebensmitteln.,,,,
Industrielle Biotechnologie (B.Sc.),Hochschule Fulda,LT1377,Lebensmittelbiotechnologie,3,"Die Studierenden sind in der Lage, biotechnologische Prozesse im Bereich der Lebensmittelherstellung zu planen und umzusetzen.",,,,
Industrielle Biotechnologie (B.Sc.),Hochschule Fulda,LT1378,Food Biotechnology,1,Die Studierenden kennen grundlegende Anwendungen der Biotechnologie in der Lebensmittelherstellung.,,,,
Industrielle Biotechnologie (B.Sc.),Hochschule Fulda,LT1378,Food Biotechnology,2,Die Studierenden verstehen das besondere Potential biotechnologischer Prozesse bei der Verarbeitung von Lebensmitteln.,,,,
Industrielle Biotechnologie (B.Sc.),Hochschule Fulda,LT1378,Food Biotechnology,3,"Die Studierenden sind in der Lage, biotechnologische Prozesse im Bereich der Lebensmittelherstellung zu planen und umzusetzen.",,,,
Industrielle Biotechnologie (B.Sc.),Hochschule Fulda,LT1051,Einführung in die Arzneiformenlehre und Pharmakologie,1,Die Studierenden kennen die grundlegenden Arzneiformen.,,,,
Industrielle Biotechnologie (B.Sc.),Hochschule Fulda,LT1051,Einführung in die Arzneiformenlehre und Pharmakologie,2,Die Studierenden beherrschen die Herstellungsschritte für die grundlegenden Arzneiformen und deren Anwendung.,,,,
Industrielle Biotechnologie (B.Sc.),Hochschule Fulda,LT1051,Einführung in die Arzneiformenlehre und Pharmakologie,3,Die Studierenden verfügen über Kenntnisse der grundlegenden pharmazeutischen Arbeitsweisen und Prozesse.,,,,
Industrielle Biotechnologie (B.Sc.),Hochschule Fulda,LT1051,Einführung in die Arzneiformenlehre und Pharmakologie,4,Die Studierenden entwickeln ein grundlegendes Verständnis für die Prinzipien der Pharmakologie.,,,,
Industrielle Biotechnologie (B.Sc.),Hochschule Fulda,LT1051,Einführung in die Arzneiformenlehre und Pharmakologie,5,Die Studierenden erkennen den Zusammenhang zwischen Pharmakologie und Arzneiform.,,,,
Industrielle Biotechnologie (B.Sc.),Hochschule Fulda,LT1273,Fundamentals of Pharmaceutics and Pharmacology,1,Die Studierenden kennen die grundlegenden Arzneiformen.,,,,
Industrielle Biotechnologie (B.Sc.),Hochschule Fulda,LT1273,Fundamentals of Pharmaceutics and Pharmacology,2,Die Studierenden beherrschen die Herstellungsschritte für die grundlegenden Arzneiformen und deren Anwendung.,,,,
Industrielle Biotechnologie (B.Sc.),Hochschule Fulda,LT1273,Fundamentals of Pharmaceutics and Pharmacology,3,Die Studierenden verfügen über Kenntnisse der grundlegenden pharmazeutischen Arbeitsweisen und Prozesse.,,,,
Industrielle Biotechnologie (B.Sc.),Hochschule Fulda,LT1273,Fundamentals of Pharmaceutics and Pharmacology,4,Die Studierenden entwickeln ein grundlegendes Verständnis für die Prinzipien der Pharmakologie.,,,,
Industrielle Biotechnologie (B.Sc.),Hochschule Fulda,LT1273,Fundamentals of Pharmaceutics and Pharmacology,5,Die Studierenden erkennen den Zusammenhang zwischen Pharmakologie und Arzneiform.,,,,
Industrielle Biotechnologie (B.Sc.),Hochschule Fulda,LT1052,Produktentwicklung,1,Die Studierenden sollen die theoretischen Grundlagen im Prozess der Produktentwicklung von Lebensmitteln sowie die wichtigsten Aspekte der Produktentwicklung kennen.,,,,
Industrielle Biotechnologie (B.Sc.),Hochschule Fulda,LT1052,Produktentwicklung,2,"Die Studierenden erlangen Kenntnisse zur Ideenfindung, Planung und Durchführung einer Produktentwicklung am Beispiel eines Lebensmittels.",,,,
Industrielle Biotechnologie (B.Sc.),Hochschule Fulda,LT1052,Produktentwicklung,3,"Die Studierenden sind in der Lage, diese Kenntnisse in Teamarbeit in die Praxis umzusetzen.",,,,
Industrielle Biotechnologie (B.Sc.),Hochschule Fulda,LT1052,Produktentwicklung,4,Die Studierenden können die entsprechenden Prozesse und Aufgaben in den Rahmen des Innovationsmanagements einordnen.,,,,
Industrielle Biotechnologie (B.Sc.),Hochschule Fulda,LT1259,Product Development,1,Die Studierenden sollen die theoretischen Grundlagen im Prozess der Produktentwicklung von Lebensmitteln sowie die wichtigsten Aspekte der Produktentwicklung kennen.,,,,
Industrielle Biotechnologie (B.Sc.),Hochschule Fulda,LT1259,Product Development,2,"Die Studierenden erlangen Kenntnisse zur Ideenfindung, Planung und Durchführung einer Produktentwicklung am Beispiel eines Lebensmittels.",,,,
Industrielle Biotechnologie (B.Sc.),Hochschule Fulda,LT1259,Product Development,3,"Die Studierenden sind in der Lage, diese Kenntnisse in Teamarbeit in die Praxis umzusetzen.",,,,
Industrielle Biotechnologie (B.Sc.),Hochschule Fulda,LT1259,Product Development,4,Die Studierenden können die entsprechenden Prozesse und Aufgaben in den Rahmen des Innovationsmanagements einordnen.,,,,
Industrielle Biotechnologie (B.Sc.),Hochschule Fulda,LT1054,Umwelttechnik und Umweltrecht,1,"Die Studierenden wissen um die Bedeutung der Umwelt, Umwelttechnik für die Lebensmittelherstellung.",,,,
Industrielle Biotechnologie (B.Sc.),Hochschule Fulda,LT1054,Umwelttechnik und Umweltrecht,2,"Die Studierenden können auf der Basis intensiv behandelter Umweltschutzverfahren selbstständig industrielle Anlagen und Lösungskonzepte verstehen, beurteilen und in Grundzügen entwickeln.",,,,
Industrielle Biotechnologie (B.Sc.),Hochschule Fulda,LT1054,Umwelttechnik und Umweltrecht,3,Die Studierenden kennen die Grundlagen der regenerativen Energieerzeugung.,,,,
Industrielle Biotechnologie (B.Sc.),Hochschule Fulda,LT1054,Umwelttechnik und Umweltrecht,4,Die Studierenden kennen und verstehen die rechtlichen Grundlagen.,,,,
Industrielle Biotechnologie (B.Sc.),Hochschule Fulda,LT1054,Umwelttechnik und Umweltrecht,5,Die Studierenden können einfache rechtliche und technische Problemstellungen bewerten und schwierige Problemstellungen mit Fachleuten erörtern.,,,,
Industrielle Biotechnologie (B.Sc.),Hochschule Fulda,LT1260,Environmental Technology and Law,1,"Die Studierenden wissen um die Bedeutung der Umwelt, Umwelttechnik für die Lebensmittelherstellung.",,,,
Industrielle Biotechnologie (B.Sc.),Hochschule Fulda,LT1260,Environmental Technology and Law,2,"Die Studierenden können auf der Basis intensiv behandelter Umweltschutzverfahren selbstständig industrielle Anlagen und Lösungskonzepte verstehen, beurteilen und in Grundzügen entwickeln.",,,,
Industrielle Biotechnologie (B.Sc.),Hochschule Fulda,LT1260,Environmental Technology and Law,3,Die Studierenden kennen die Grundlagen der regenerativen Energieerzeugung.,,,,
Industrielle Biotechnologie (B.Sc.),Hochschule Fulda,LT1260,Environmental Technology and Law,4,Die Studierenden kennen und verstehen die rechtlichen Grundlagen.,,,,
Industrielle Biotechnologie (B.Sc.),Hochschule Fulda,LT1260,Environmental Technology and Law,5,Die Studierenden können einfache rechtliche und technische Problemstellungen bewerten und schwierige Problemstellungen mit Fachleuten erörtern.,,,,
Industrielle Biotechnologie (B.Sc.),Hochschule Fulda,LT1200,Kostenmanagement/Controlling,1,Die Studierenden verstehen die Aufgabe und Funktionsweise des Controllings und können dies in Beziehung zum Rechnungswesen setzen,,,,
Industrielle Biotechnologie (B.Sc.),Hochschule Fulda,LT1200,Kostenmanagement/Controlling,2,Die Studierenden können situationsbezogen Controllinginstrumente zur Entscheidungsunterstützung in Unternehmen auswählen und einsetzen,,,,
Industrielle Biotechnologie (B.Sc.),Hochschule Fulda,LT1200,Kostenmanagement/Controlling,3,"Die Studierenden verstehen den Aufbau der Kosten- und Erlösrechnung, insbesondere die verschiedenen Teilrechnungen",,,,
Industrielle Biotechnologie (B.Sc.),Hochschule Fulda,LT1200,Kostenmanagement/Controlling,4,Die Studierenden können kostenbasierte Entscheidungen in praxisbezogenen Anwendungssituationen treffen.,,,,
Industrielle Biotechnologie (B.Sc.),Hochschule Fulda,LT1200,Kostenmanagement/Controlling,5,Die Studierenden analysieren Kosten- und Erlösstrukturen anhand praxisbezogener Fallbeispiele,,,,
Industrielle Biotechnologie (B.Sc.),Hochschule Fulda,LT1200,Kostenmanagement/Controlling,6,Die Studierenden kennen aktuelle Weiterentwicklungen des Kostenmanagements und des Controllings,,,,
Industrielle Biotechnologie (B.Sc.),Hochschule Fulda,LT1267,Cost Accounting/Managerial Accounting,1,Die Studierenden verstehen die Aufgabe und Funktionsweise des Controllings und können dies in Beziehung zum Rechnungswesen setzen,,,,
Industrielle Biotechnologie (B.Sc.),Hochschule Fulda,LT1267,Cost Accounting/Managerial Accounting,2,Die Studierenden können situationsbezogen Controllinginstrumente zur Entscheidungsunterstützung in Unternehmen auswählen und einsetzen,,,,
Industrielle Biotechnologie (B.Sc.),Hochschule Fulda,LT1267,Cost Accounting/Managerial Accounting,3,"Die Studierenden verstehen den Aufbau der Kosten- und Erlösrechnung, insbesondere die verschiedenen Teilrechnungen",,,,
Industrielle Biotechnologie (B.Sc.),Hochschule Fulda,LT1267,Cost Accounting/Managerial Accounting,4,Die Studierenden können kostenbasierte Entscheidungen in praxisbezogenen Anwendungssituationen treffen.,,,,
Industrielle Biotechnologie (B.Sc.),Hochschule Fulda,LT1267,Cost Accounting/Managerial Accounting,5,Die Studierenden analysieren Kosten- und Erlösstrukturen anhand praxisbezogener Fallbeispiele,,,,
Industrielle Biotechnologie (B.Sc.),Hochschule Fulda,LT1267,Cost Accounting/Managerial Accounting,6,Die Studierenden kennen aktuelle Weiterentwicklungen des Kostenmanagements und des Controllings,,,,
Industrielle Biotechnologie (B.Sc.),Hochschule Fulda,LT1043,Pharmazeutische Technologie,1,Die Studierenden können technische und naturwissenschaftliche Grundlagen der pharmazeutischen Technologie verstehen und anwenden.,,,,
Industrielle Biotechnologie (B.Sc.),Hochschule Fulda,LT1043,Pharmazeutische Technologie,2,"Die Studierenden können Prozessschritte und Abläufe bei der Entwicklung, Herstellung und Prüfung von Arzneimitteln erkennen, erklären und anwenden.",,,,
Industrielle Biotechnologie (B.Sc.),Hochschule Fulda,LT1043,Pharmazeutische Technologie,3,Die Studierenden können pharmazeutische Vorgangsweisen und Prozesse überblicken.,,,,
Industrielle Biotechnologie (B.Sc.),Hochschule Fulda,LT1043,Pharmazeutische Technologie,4,Die Studierenden sind zu selbstständiger Arbeit in der Formulierungsentwicklung und der Herstellung sowie Prüfung von Arzneimitteln befähigt.,,,,
Industrielle Biotechnologie (B.Sc.),Hochschule Fulda,LT1263,Pharmaceutical Technology,1,Die Studierenden können technische und naturwissenschaftliche Grundlagen der pharmazeutischen Technologie verstehen und anwenden.,,,,
Industrielle Biotechnologie (B.Sc.),Hochschule Fulda,LT1263,Pharmaceutical Technology,2,"Die Studierenden können Prozessschritte und Abläufe bei der Entwicklung, Herstellung und Prüfung von Arzneimitteln erkennen, erklären und anwenden.",,,,
Industrielle Biotechnologie (B.Sc.),Hochschule Fulda,LT1263,Pharmaceutical Technology,3,Die Studierenden können pharmazeutische Vorgangsweisen und Prozesse überblicken.,,,,
Industrielle Biotechnologie (B.Sc.),Hochschule Fulda,LT1263,Pharmaceutical Technology,4,Die Studierenden sind zu selbstständiger Arbeit in der Formulierungsentwicklung und der Herstellung sowie Prüfung von Arzneimitteln befähigt.,,,,
Industrielle Biotechnologie (B.Sc.),Hochschule Fulda,LT1082,Kälte- und Wärmetechnik,1,Die Studierenden verfügen über ein Grundverständnis von wärme- und kältetechnischen Prozessen.,,,,
Industrielle Biotechnologie (B.Sc.),Hochschule Fulda,LT1082,Kälte- und Wärmetechnik,2,Die Studierenden kennen die apparativen Grundoperationen und können diese anwenden.,,,,
Industrielle Biotechnologie (B.Sc.),Hochschule Fulda,LT1082,Kälte- und Wärmetechnik,3,Die Studierenden sind in der Lage einfache wärme- und kältetechnische Anlagen zu berechnen und auszulegen.,,,,
Industrielle Biotechnologie (B.Sc.),Hochschule Fulda,LT1082,Kälte- und Wärmetechnik,4,Die Studierenden verstehen prinzipielle Zusammenhänge der Betriebsparameter bei wärme- und kältetechnischen Verfahren.,,,,
Industrielle Biotechnologie (B.Sc.),Hochschule Fulda,LT1266,Refrigeration Technology and Thermal Processing,1,Die Studierenden verfügen über ein Grundverständnis von wärme- und kältetechnischen Prozessen.,,,,
Industrielle Biotechnologie (B.Sc.),Hochschule Fulda,LT1266,Refrigeration Technology and Thermal Processing,2,Die Studierenden kennen die apparativen Grundoperationen und können diese anwenden.,,,,
Industrielle Biotechnologie (B.Sc.),Hochschule Fulda,LT1266,Refrigeration Technology and Thermal Processing,3,Die Studierenden sind in der Lage einfache wärme- und kältetechnische Anlagen zu berechnen und auszulegen.,,,,
Industrielle Biotechnologie (B.Sc.),Hochschule Fulda,LT1266,Refrigeration Technology and Thermal Processing,4,Die Studierenden verstehen prinzipielle Zusammenhänge der Betriebsparameter bei wärme- und kältetechnischen Verfahren.,,,,
Industrielle Biotechnologie (B.Sc.),Hochschule Fulda,LT1381,Umweltbiotechnologie,1,Die Studierenden kennen grundlegende Anwendungen im Bereich der grauen Biotechnologie.,,,,
Industrielle Biotechnologie (B.Sc.),Hochschule Fulda,LT1381,Umweltbiotechnologie,2,Die Studierenden verstehen das besondere Potential biotechnologischer Prozesse im Bereich einer effizienten Ressourcennutzung und des Umweltschutzes.,,,,
Industrielle Biotechnologie (B.Sc.),Hochschule Fulda,LT1381,Umweltbiotechnologie,3,"Die Studierenden sind in der Lage, Prozesse im Bereich der grauen Biotechnologie zu planen und umzusetzen.",,,,
Industrielle Biotechnologie (B.Sc.),Hochschule Fulda,LT1382,Environmental Biotechnology,1,Die Studierenden kennen grundlegende Anwendungen im Bereich der grauen Biotechnologie.,,,,
Industrielle Biotechnologie (B.Sc.),Hochschule Fulda,LT1382,Environmental Biotechnology,2,Die Studierenden verstehen das besondere Potential biotechnologischer Prozesse im Bereich einer effizienten Ressourcennutzung und des Umweltschutzes.,,,,
Industrielle Biotechnologie (B.Sc.),Hochschule Fulda,LT1382,Environmental Biotechnology,3,"Die Studierenden sind in der Lage, Prozesse im Bereich der grauen Biotechnologie zu planen und umzusetzen.",,,,
Industrielle Biotechnologie (B.Sc.),Hochschule Fulda,LT1383,Synthetische Biologie,1,Die Studierenden kennen die Grundlagen und Methoden der synthetischen Biologie.,,,,
Industrielle Biotechnologie (B.Sc.),Hochschule Fulda,LT1383,Synthetische Biologie,2,Die Studierenden können das Potenzial der synthetischen Biologie für verschiedene Bereiche der Biotechnologie einschätzen und kritisch bewerten.,,,,
Industrielle Biotechnologie (B.Sc.),Hochschule Fulda,LT1384,Synthetic biology,1,Die Studierenden kennen die Grundlagen und Methoden der synthetischen Biologie.,,,,
Industrielle Biotechnologie (B.Sc.),Hochschule Fulda,LT1384,Synthetic biology,2,Die Studierenden können das Potenzial der synthetischen Biologie für verschiedene Bereiche der Biotechnologie einschätzen und kritisch bewerten.,,,,
Industrielle Biotechnologie (B.Sc.),Hochschule Fulda,LT1055,Lebensmitteltechnologie unter Betonung ernährungsphysi-,1,Die Studierenden haben Kenntnisse zu Veränderungen von Nährstoffen bei der Verarbeitung von Lebensmitteln.,,,,
Industrielle Biotechnologie (B.Sc.),Hochschule Fulda,LT1055,Lebensmitteltechnologie unter Betonung ernährungsphysi-,2,"Die Studierenden sind in der Lage, Produktentwicklungsvorhaben mit nährwertmodifizierenden Zielsetzungen zu planen und durchzuführen.",,,,
Industrielle Biotechnologie (B.Sc.),Hochschule Fulda,LT1055,Lebensmitteltechnologie unter Betonung ernährungsphysi-,3,Die Studierenden können ein Projekt im Team bearbeiten.,,,,
Industrielle Biotechnologie (B.Sc.),Hochschule Fulda,LT1261,Nutritional Aspects of Food Technology,1,Die Studierenden haben Kenntnisse zu Veränderungen von Nährstoffen bei der Verarbeitung von Lebensmitteln.,,,,
Industrielle Biotechnologie (B.Sc.),Hochschule Fulda,LT1261,Nutritional Aspects of Food Technology,2,"Die Studierenden sind in der Lage, Produktentwicklungsvorhaben mit nährwertmodifizierenden Zielsetzungen zu planen und durchzuführen.",,,,
Industrielle Biotechnologie (B.Sc.),Hochschule Fulda,LT1261,Nutritional Aspects of Food Technology,3,Die Studierenden können ein Projekt im Team bearbeiten.,,,,
Industrielle Biotechnologie (B.Sc.),Hochschule Fulda,LT1201,Lebensmittelverfahrenstechnik,1,Die Studierenden verstehen tiefergreifend ausgewählte Unit Operations mit Fokus auf Lebensmittelprozesse.,,,,
Industrielle Biotechnologie (B.Sc.),Hochschule Fulda,LT1201,Lebensmittelverfahrenstechnik,2,Sie können die Gleichungen für die Unit Operations teilweise herleiten und diese auf Grund des tiefreichenden Verständnisses weitergehend und frei anwenden.,,,,
Industrielle Biotechnologie (B.Sc.),Hochschule Fulda,LT1201,Lebensmittelverfahrenstechnik,3,Die Studierenden können kleinere Projekte zur Berechnung und Auslegung von Apparaten/Verfahren zur Lebensmittelverfahrenstechnik selbstständig durchführen. − Versuche können frei geplant und selbstständig durchgeführt werden. − Modellrechnungen können in eingeschränktem Rahmen entwickelt werden.,,,,
Industrielle Biotechnologie (B.Sc.),Hochschule Fulda,LT1201,Lebensmittelverfahrenstechnik,4,"Versuchsergebnisse und Modellvorstellungen werden genutzt, um Auslegungs- bzw. Scale-upRechnungen durchzuführen.",,,,
Industrielle Biotechnologie (B.Sc.),Hochschule Fulda,LT1201,Lebensmittelverfahrenstechnik,5,Die Studierenden beherrschen die Grundlagen der verfahrenstechnischen Zusammenhänge zur Führung von einfachen Prozessen zur Herstellung von Lebensmitteln.,,,,
Industrielle Biotechnologie (B.Sc.),Hochschule Fulda,LT1268,Food Process Engineering,1,Die Studierenden verstehen tiefergreifend ausgewählte Unit Operations mit Fokus auf Lebensmittelprozesse.,,,,
Industrielle Biotechnologie (B.Sc.),Hochschule Fulda,LT1268,Food Process Engineering,2,Sie können die Gleichungen für die Unit Operations teilweise herleiten und diese auf Grund des tiefreichenden Verständnisses weitergehend und frei anwenden.,,,,
Industrielle Biotechnologie (B.Sc.),Hochschule Fulda,LT1268,Food Process Engineering,3,Die Studierenden können kleinere Projekte zur Berechnung und Auslegung von Apparaten/Verfahren zur Lebensmittelverfahrenstechnik selbstständig durchführen. − Versuche können frei geplant und selbstständig durchgeführt werden. − Modellrechnungen können in eingeschränktem Rahmen entwickelt werden.,,,,
Industrielle Biotechnologie (B.Sc.),Hochschule Fulda,LT1268,Food Process Engineering,4,"Versuchsergebnisse und Modellvorstellungen werden genutzt, um Auslegungs- bzw. Scale-upRechnungen durchzuführen.",,,,
Industrielle Biotechnologie (B.Sc.),Hochschule Fulda,LT1268,Food Process Engineering,5,Die Studierenden beherrschen die Grundlagen der verfahrenstechnischen Zusammenhänge zur Führung von einfachen Prozessen zur Herstellung von Lebensmitteln.,,,,
Industrielle Biotechnologie (B.Sc.),Hochschule Fulda,LT1045,Lebensmittelanalytik,1,Die Studierenden erwerben einen Überblick über wichtige physikalisch-chemische und biochemische Analysenverfahren.,,,,
Industrielle Biotechnologie (B.Sc.),Hochschule Fulda,LT1045,Lebensmittelanalytik,2,Die Studierenden erreichen ein Verständnis für Möglichkeiten und Grenzen der modernen Lebensmittelanalytik.,,,,
Industrielle Biotechnologie (B.Sc.),Hochschule Fulda,LT1045,Lebensmittelanalytik,3,"Die Studierenden sind in der Lage, sich weitgehend selbstständig in eine Aufgabenstellung hineinzudenken und diese in Teamarbeit erfolgreich zu bearbeiten.",,,,
Industrielle Biotechnologie (B.Sc.),Hochschule Fulda,LT1045,Lebensmittelanalytik,4,"Die Studierenden können die erzielten Ergebnisse kritisch beurteilen sowie schriftlich und mündlich darstellen, wobei die Prinzipien des wissenschaftlichen Arbeitens berücksichtigt werden.",,,,
Industrielle Biotechnologie (B.Sc.),Hochschule Fulda,LT1264,Food Analysis,1,Die Studierenden erwerben einen Überblick über wichtige physikalisch-chemische und biochemische Analysenverfahren.,,,,
Industrielle Biotechnologie (B.Sc.),Hochschule Fulda,LT1264,Food Analysis,2,Die Studierenden erreichen ein Verständnis für Möglichkeiten und Grenzen der modernen Lebensmittelanalytik.,,,,
Industrielle Biotechnologie (B.Sc.),Hochschule Fulda,LT1264,Food Analysis,3,"Die Studierenden sind in der Lage, sich weitgehend selbstständig in eine Aufgabenstellung hineinzudenken und diese in Teamarbeit erfolgreich zu bearbeiten.",,,,
Industrielle Biotechnologie (B.Sc.),Hochschule Fulda,LT1264,Food Analysis,4,"Die Studierenden können die erzielten Ergebnisse kritisch beurteilen sowie schriftlich und mündlich darstellen, wobei die Prinzipien des wissenschaftlichen Arbeitens berücksichtigt werden.",,,,
Industrielle Biotechnologie (B.Sc.),Hochschule Fulda,LT1033,Ausgewählte Kapitel der Lebensmitteltechnologie,1,"Die Studierenden lernen aktuelle Themen der Lebensmitteltechnologie kennen und sind in der Lage, Querbezüge zwischen neuen Techniken, aktuellen Themen der Grundstoffnutzung und zukünftigen Anforderungen der Technologieentwicklung zu ziehen.",,,,
Industrielle Biotechnologie (B.Sc.),Hochschule Fulda,LT1033,Ausgewählte Kapitel der Lebensmitteltechnologie,2,Die Studierenden sind auf die gegenwärtigen und zukünftigen Anforderungen an Lebensmitteltechnolog*innen vorbereitet.,,,,
Industrielle Biotechnologie (B.Sc.),Hochschule Fulda,LT1250,Selected Topics of Food Technology,1,"Die Studierenden lernen aktuelle Themen der Lebensmitteltechnologie kennen und sind in der Lage, Querbezüge zwischen neuen Techniken, aktuellen Themen der Grundstoffnutzung und zukünftigen Anforderungen der Technologieentwicklung zu ziehen.",,,,
Industrielle Biotechnologie (B.Sc.),Hochschule Fulda,LT1250,Selected Topics of Food Technology,2,Die Studierenden sind auf die gegenwärtigen und zukünftigen Anforderungen an Lebensmitteltechnolog*innen vorbereitet.,,,,
Industrielle Biotechnologie (B.Sc.),Hochschule Fulda,LT1397,Auslandsmodul I,1,"Die Studierenden sind nach Abschluss des Moduls in der Lage, im Rahmen des Auslandsstudiums erworbene Kenntnisse im Bereich der Lebensmitteltechnologie (LT, WIng (LT)), der Biotechnologie (IBT, WIng (IBT)) oder der Betriebswirtschaft (WIng (LT), WIng (IBT)) anzuwenden und auf bereits erworbene Lerninhalte zu übertragen.",,,,
Industrielle Biotechnologie (B.Sc.),Hochschule Fulda,LT1397,Auslandsmodul I,2,"Die Studierenden entwickeln und validieren Fach-, Methoden-, Selbst- und Sozialkompetenz in einem internationalen bzw. fremdkulturellen Studienkontext.",,,,
Industrielle Biotechnologie (B.Sc.),Hochschule Fulda,LT1398,Auslandsmodul II,1,"Die Studierenden sind nach Abschluss des Moduls in der Lage, im Rahmen des Auslandsstudiums erworbene Kenntnisse im Bereich der Lebensmitteltechnologie (LT, WIng (LT)), der Biotechnologie (IBT, WIng (IBT)) oder der Betriebswirtschaft (WIng (LT), WIng (IBT)) anzuwenden und auf bereits erworbene Lerninhalte zu übertragen.",,,,
Industrielle Biotechnologie (B.Sc.),Hochschule Fulda,LT1398,Auslandsmodul II,2,"Die Studierenden entwickeln und validieren Fach-, Methoden-, Selbst- und Sozialkompetenz in einem internationalen bzw. fremdkulturellen Studienkontext.",,,,
Lebensmitteltechnologie (B.Sc.),Hochschule Fulda,LT1186,Mathematik I,1,Die Studierenden werden in das mathematische Denken eingeführt.,,,,
Lebensmitteltechnologie (B.Sc.),Hochschule Fulda,LT1186,Mathematik I,2,"Die Studierenden kennen die mathematischen Grundlagen, die für das weitere Studium notwendig sind.",,,,
Lebensmitteltechnologie (B.Sc.),Hochschule Fulda,LT1224,Mathematics I,1,Die Studierenden werden in das mathematische Denken eingeführt.,,,,
Lebensmitteltechnologie (B.Sc.),Hochschule Fulda,LT1224,Mathematics I,2,"Die Studierenden kennen die mathematischen Grundlagen, die für das weitere Studium notwendig sind.",,,,
Lebensmitteltechnologie (B.Sc.),Hochschule Fulda,LT1187,Allgemeine Chemie,1,Die Studierenden erreichen ein Grundwissen der allgemeinen und anorganischen Chemie.,,,,
Lebensmitteltechnologie (B.Sc.),Hochschule Fulda,LT1187,Allgemeine Chemie,2,Die Studierenden können grundlegende chemische Reaktionen formulieren bzw. nachvollziehen.,,,,
Lebensmitteltechnologie (B.Sc.),Hochschule Fulda,LT1187,Allgemeine Chemie,3,Die Studierenden sind aufgrund der Kenntnisse des stöchiometrischen Rechnens für die praktische Laborarbeit gut vorbereitet.,,,,
Lebensmitteltechnologie (B.Sc.),Hochschule Fulda,LT1187,Allgemeine Chemie,4,Die Studierenden beherrschen durch die Beschäftigung mit der Chemie strukturiertes Arbeiten und logisches Denken.,,,,
Lebensmitteltechnologie (B.Sc.),Hochschule Fulda,LT1225,General Chemistry,1,Die Studierenden erreichen ein Grundwissen der allgemeinen und anorganischen Chemie.,,,,
Lebensmitteltechnologie (B.Sc.),Hochschule Fulda,LT1225,General Chemistry,2,Die Studierenden können grundlegende chemische Reaktionen formulieren bzw. nachvollziehen.,,,,
Lebensmitteltechnologie (B.Sc.),Hochschule Fulda,LT1225,General Chemistry,3,Die Studierenden sind aufgrund der Kenntnisse des stöchiometrischen Rechnens für die praktische Laborarbeit gut vorbereitet.,,,,
Lebensmitteltechnologie (B.Sc.),Hochschule Fulda,LT1225,General Chemistry,4,Die Studierenden beherrschen durch die Beschäftigung mit der Chemie strukturiertes Arbeiten und logisches Denken.,,,,
Lebensmitteltechnologie (B.Sc.),Hochschule Fulda,LT1188,Physik,1,Die Studierenden kennen die grundlegenden Begriffe und Konzepte der klassischen Mechanik.,,,,
Lebensmitteltechnologie (B.Sc.),Hochschule Fulda,LT1188,Physik,2,Die Studierenden kennen die grundlegenden Begriffe und Konzepte der geometrischen Optik.,,,,
Lebensmitteltechnologie (B.Sc.),Hochschule Fulda,LT1188,Physik,3,"Die Studierenden sind in der Lage, Aufgaben aus diesen Bereichen selbstständig zu lösen.",,,,
Lebensmitteltechnologie (B.Sc.),Hochschule Fulda,LT1226,Physics,1,Die Studierenden kennen die grundlegenden Begriffe und Konzepte der klassischen Mechanik.,,,,
Lebensmitteltechnologie (B.Sc.),Hochschule Fulda,LT1226,Physics,2,Die Studierenden kennen die grundlegenden Begriffe und Konzepte der geometrischen Optik.,,,,
Lebensmitteltechnologie (B.Sc.),Hochschule Fulda,LT1226,Physics,3,"Die Studierenden sind in der Lage, Aufgaben aus diesen Bereichen selbstständig zu lösen.",,,,
Lebensmitteltechnologie (B.Sc.),Hochschule Fulda,LT1189,Grundlagen Ingenieurwesen,1,Die Studierenden erlangen ein Verständnis für die Bio- und Lebensmitteltechnologie als interdisziplinäre Fächer an der Schnittstelle von Natur- und Ingenieurwissenschaften.,,,,
Lebensmitteltechnologie (B.Sc.),Hochschule Fulda,LT1189,Grundlagen Ingenieurwesen,2,Die Studierenden erkennen die ingenieurwissenschaftlichen Zusammenhänge bei der Produktion von biotechnologischen Produkten und Lebensmitteln.,,,,
Lebensmitteltechnologie (B.Sc.),Hochschule Fulda,LT1189,Grundlagen Ingenieurwesen,3,"Die Studierenden sind in der Lage, technische Problemstellungen in der industriellen Herstellung von biotechnologischen Produkten und von Lebensmitteln zu erfassen, zu skizzieren und zu lösen.",,,,
Lebensmitteltechnologie (B.Sc.),Hochschule Fulda,LT1189,Grundlagen Ingenieurwesen,4,Die Studierenden können grundlegende Berechnungen durchführen und diese an Beispielen praktisch anwenden.,,,,
Lebensmitteltechnologie (B.Sc.),Hochschule Fulda,LT1189,Grundlagen Ingenieurwesen,5,"Die Studierenden sind in der Lage, technische Zeichnungen zu lesen.",,,,
Lebensmitteltechnologie (B.Sc.),Hochschule Fulda,LT1227,Basic Principles of Engineering,1,Die Studierenden erlangen ein Verständnis für die Bio- und Lebensmitteltechnologie als interdisziplinäre Fächer an der Schnittstelle von Natur- und Ingenieurwissenschaften.,,,,
Lebensmitteltechnologie (B.Sc.),Hochschule Fulda,LT1227,Basic Principles of Engineering,2,Die Studierenden erkennen die ingenieurwissenschaftlichen Zusammenhänge bei der Produktion von biotechnologischen Produkten und Lebensmitteln.,,,,
Lebensmitteltechnologie (B.Sc.),Hochschule Fulda,LT1227,Basic Principles of Engineering,3,"Die Studierenden sind in der Lage, technische Problemstellungen in der industriellen Herstellung von biotechnologischen Produkten und von Lebensmitteln zu erfassen, zu skizzieren und zu lösen.",,,,
Lebensmitteltechnologie (B.Sc.),Hochschule Fulda,LT1227,Basic Principles of Engineering,4,Die Studierenden können grundlegende Berechnungen durchführen und diese an Beispielen praktisch anwenden.,,,,
Lebensmitteltechnologie (B.Sc.),Hochschule Fulda,LT1227,Basic Principles of Engineering,5,"Die Studierenden sind in der Lage, technische Zeichnungen zu lesen.",,,,
Lebensmitteltechnologie (B.Sc.),Hochschule Fulda,LT1123,Grundlagen des wissenschaftlichen Arbeitens,1,Die Studierenden können ihre eigenen fachlichen und sozialen Ressourcen einschätzen.,,,,
Lebensmitteltechnologie (B.Sc.),Hochschule Fulda,LT1123,Grundlagen des wissenschaftlichen Arbeitens,2,Die Studierenden kennen die Methoden des wissenschaftlichen Arbeitens und können diese anwenden.,,,,
Lebensmitteltechnologie (B.Sc.),Hochschule Fulda,LT1123,Grundlagen des wissenschaftlichen Arbeitens,3,"Die Studierenden kennen die fachrelevanten Literaturdatenbanken und sind in der Lage, Literaturrecherchen selbständig zu bewältigen und zu präsentieren.",,,,
Lebensmitteltechnologie (B.Sc.),Hochschule Fulda,LT1123,Grundlagen des wissenschaftlichen Arbeitens,4,Die Studierenden verfügen über Handlungs- und Problemlösungskompetenz.,,,,
Lebensmitteltechnologie (B.Sc.),Hochschule Fulda,LT1123,Grundlagen des wissenschaftlichen Arbeitens,5,Die Studierenden können Fachtexte in englischer Sprache verstehen und präsentieren.,,,,
Lebensmitteltechnologie (B.Sc.),Hochschule Fulda,LT1123,Grundlagen des wissenschaftlichen Arbeitens,6,Die Studierenden erwerben Kenntnisse über die Grundlagen des sicheren Arbeitens insbesondere in Laboratorien.,,,,
Lebensmitteltechnologie (B.Sc.),Hochschule Fulda,LT1228,Principles of Scientific Research,1,Die Studierenden können ihre eigenen fachlichen und sozialen Ressourcen einschätzen.,,,,
Lebensmitteltechnologie (B.Sc.),Hochschule Fulda,LT1228,Principles of Scientific Research,2,Die Studierenden kennen die Methoden des wissenschaftlichen Arbeitens und können diese anwenden.,,,,
Lebensmitteltechnologie (B.Sc.),Hochschule Fulda,LT1228,Principles of Scientific Research,3,"Die Studierenden kennen die fachrelevanten Literaturdatenbanken und sind in der Lage, Literaturrecherchen selbständig zu bewältigen und zu präsentieren.",,,,
Lebensmitteltechnologie (B.Sc.),Hochschule Fulda,LT1228,Principles of Scientific Research,4,Die Studierenden verfügen über Handlungs- und Problemlösungskompetenz.,,,,
Lebensmitteltechnologie (B.Sc.),Hochschule Fulda,LT1228,Principles of Scientific Research,5,Die Studierenden können Fachtexte in englischer Sprache verstehen und präsentieren.,,,,
Lebensmitteltechnologie (B.Sc.),Hochschule Fulda,LT1228,Principles of Scientific Research,6,Die Studierenden erwerben Kenntnisse über die Grundlagen des sicheren Arbeitens insbesondere in Laboratorien.,,,,
Lebensmitteltechnologie (B.Sc.),Hochschule Fulda,LT1190,Grundlagen des Managements,1,Die Studierenden beherrschen zentrale Grundlagen des Managementhandelns in Unternehmen und kennen das unternehmerische Zielsystem.,,,,
Lebensmitteltechnologie (B.Sc.),Hochschule Fulda,LT1190,Grundlagen des Managements,2,Die Studierenden verstehen verschiedene Aufgaben des operativen und strategischen Managements und können diese zueinander in Beziehung setzen.,,,,
Lebensmitteltechnologie (B.Sc.),Hochschule Fulda,LT1190,Grundlagen des Managements,3,Die Studierenden können wichtige Instrumente zur Bewältigung von Management-Entscheidungen anwenden.,,,,
Lebensmitteltechnologie (B.Sc.),Hochschule Fulda,LT1190,Grundlagen des Managements,4,Die Studierenden analysieren den Einfluss des Umfelds auf die Entwicklungen in Unternehmen und können in diesem Zusammenhang die Bedeutung volkswirtschaftlicher Aspekte einordnen.,,,,
Lebensmitteltechnologie (B.Sc.),Hochschule Fulda,LT1190,Grundlagen des Managements,5,Die Studierenden können verschiedene Instrumente des Rechnungswesens zielgerichtet zur Abbildung finanzieller Ströme in Unternehmen nutzen.,,,,
Lebensmitteltechnologie (B.Sc.),Hochschule Fulda,LT1190,Grundlagen des Managements,6,Die Studierenden lernen unternehmerische Handlungsweisen kennen und können betriebswirtschaftliche Entscheidungssituationen analysieren und zielgerichtet gestalten.,,,,
Lebensmitteltechnologie (B.Sc.),Hochschule Fulda,LT1229,Management Basics,1,Die Studierenden beherrschen zentrale Grundlagen des Managementhandelns in Unternehmen und kennen das unternehmerische Zielsystem.,,,,
Lebensmitteltechnologie (B.Sc.),Hochschule Fulda,LT1229,Management Basics,2,Die Studierenden verstehen verschiedene Aufgaben des operativen und strategischen Managements und können diese zueinander in Beziehung setzen.,,,,
Lebensmitteltechnologie (B.Sc.),Hochschule Fulda,LT1229,Management Basics,3,Die Studierenden können wichtige Instrumente zur Bewältigung von Management-Entscheidungen anwenden.,,,,
Lebensmitteltechnologie (B.Sc.),Hochschule Fulda,LT1229,Management Basics,4,Die Studierenden analysieren den Einfluss des Umfelds auf die Entwicklungen in Unternehmen und können in diesem Zusammenhang die Bedeutung volkswirtschaftlicher Aspekte einordnen.,,,,
Lebensmitteltechnologie (B.Sc.),Hochschule Fulda,LT1229,Management Basics,5,Die Studierenden können verschiedene Instrumente des Rechnungswesens zielgerichtet zur Abbildung finanzieller Ströme in Unternehmen nutzen.,,,,
Lebensmitteltechnologie (B.Sc.),Hochschule Fulda,LT1229,Management Basics,6,Die Studierenden lernen unternehmerische Handlungsweisen kennen und können betriebswirtschaftliche Entscheidungssituationen analysieren und zielgerichtet gestalten.,,,,
Lebensmitteltechnologie (B.Sc.),Hochschule Fulda,LT1191,Mathematik II,1,Die Studierenden werden in das mathematische Denken eingeführt.,,,,
Lebensmitteltechnologie (B.Sc.),Hochschule Fulda,LT1191,Mathematik II,2,"Die Studierenden kennen die mathematischen Grundlagen, die für das weitere Studium notwendig sind.",,,,
Lebensmitteltechnologie (B.Sc.),Hochschule Fulda,LT1230,Mathematics II,1,Die Studierenden werden in das mathematische Denken eingeführt.,,,,
Lebensmitteltechnologie (B.Sc.),Hochschule Fulda,LT1230,Mathematics II,2,"Die Studierenden kennen die mathematischen Grundlagen, die für das weitere Studium notwendig sind.",,,,
Lebensmitteltechnologie (B.Sc.),Hochschule Fulda,LT1192,Organische Chemie,1,Die Studierenden erreichen ein Grundwissen der organischen Chemie.,,,,
Lebensmitteltechnologie (B.Sc.),Hochschule Fulda,LT1192,Organische Chemie,2,"Die Studierenden sind in der Lage, aus der chemischen Struktur von Stoffen deren physikalische und technologische Eigenschaften abzuleiten.",,,,
Lebensmitteltechnologie (B.Sc.),Hochschule Fulda,LT1192,Organische Chemie,3,Die Studierenden können grundlegende organisch-chemische Reaktionen formulieren bzw. nachvollziehen und sind somit imstande auch biochemische bzw. lebensmittelchemische Prozesse zu verstehen.,,,,
Lebensmitteltechnologie (B.Sc.),Hochschule Fulda,LT1231,Organic Chemistry,1,Die Studierenden erreichen ein Grundwissen der organischen Chemie.,,,,
Lebensmitteltechnologie (B.Sc.),Hochschule Fulda,LT1231,Organic Chemistry,2,"Die Studierenden sind in der Lage, aus der chemischen Struktur von Stoffen deren physikalische und technologische Eigenschaften abzuleiten.",,,,
Lebensmitteltechnologie (B.Sc.),Hochschule Fulda,LT1231,Organic Chemistry,3,Die Studierenden können grundlegende organisch-chemische Reaktionen formulieren bzw. nachvollziehen und sind somit imstande auch biochemische bzw. lebensmittelchemische Prozesse zu verstehen.,,,,
Lebensmitteltechnologie (B.Sc.),Hochschule Fulda,LT1193,Physikalische Chemie,1,Die Studierenden kennen die grundlegenden Begriffe und Konzepte der Wärmelehre.,,,,
Lebensmitteltechnologie (B.Sc.),Hochschule Fulda,LT1193,Physikalische Chemie,2,Die Studierenden verstehen thermodynamische Prozesse.,,,,
Lebensmitteltechnologie (B.Sc.),Hochschule Fulda,LT1193,Physikalische Chemie,3,"Die Studierenden sind in der Lage, die in der Physikalischen Chemie behandelten Phänomene auf techno- logische Verfahren und biologische Prozesse zu übertragen.",,,,
Lebensmitteltechnologie (B.Sc.),Hochschule Fulda,LT1193,Physikalische Chemie,4,Die Studierenden kennen die grundlegenden Begriffe und Konzepte der Elektrizitätslehre.,,,,
Lebensmitteltechnologie (B.Sc.),Hochschule Fulda,LT1193,Physikalische Chemie,5,Die Studierenden können grundlegende Berechnungen selber durchführen und umfangreichere nachvollziehen.,,,,
Lebensmitteltechnologie (B.Sc.),Hochschule Fulda,LT1193,Physikalische Chemie,6,Die Studierenden können das Erlernte auf praktische Problemstellungen anwenden.,,,,
Lebensmitteltechnologie (B.Sc.),Hochschule Fulda,LT1232,Physical Chemistry,1,Die Studierenden kennen die grundlegenden Begriffe und Konzepte der Wärmelehre.,,,,
Lebensmitteltechnologie (B.Sc.),Hochschule Fulda,LT1232,Physical Chemistry,2,Die Studierenden verstehen thermodynamische Prozesse.,,,,
Lebensmitteltechnologie (B.Sc.),Hochschule Fulda,LT1232,Physical Chemistry,3,"Die Studierenden sind in der Lage, die in der Physikalischen Chemie behandelten Phänomene auf techno- logische Verfahren und biologische Prozesse zu übertragen.",,,,
Lebensmitteltechnologie (B.Sc.),Hochschule Fulda,LT1232,Physical Chemistry,4,Die Studierenden kennen die grundlegenden Begriffe und Konzepte der Elektrizitätslehre.,,,,
Lebensmitteltechnologie (B.Sc.),Hochschule Fulda,LT1232,Physical Chemistry,5,Die Studierenden können grundlegende Berechnungen selber durchführen und umfangreichere nachvollziehen.,,,,
Lebensmitteltechnologie (B.Sc.),Hochschule Fulda,LT1232,Physical Chemistry,6,Die Studierenden können das Erlernte auf praktische Problemstellungen anwenden.,,,,
Lebensmitteltechnologie (B.Sc.),Hochschule Fulda,LT1020,Grundlagen der Biologie und Rohstoffkunde (LT),1,Die Studierenden sind vertraut mit den grundlegenden Strukturen und Funktionen pflanzlicher und tierischer Zellen.,,,,
Lebensmitteltechnologie (B.Sc.),Hochschule Fulda,LT1020,Grundlagen der Biologie und Rohstoffkunde (LT),2,Die Studierenden kennen wichtige biochemische und physiologische Prozesse in pflanzlichen und tierischen Geweben.,,,,
Lebensmitteltechnologie (B.Sc.),Hochschule Fulda,LT1020,Grundlagen der Biologie und Rohstoffkunde (LT),3,Die Studierenden haben Kenntnisse über Entwicklung und Bau von Pflanzen (insbesondere von Angiospermen).,,,,
Lebensmitteltechnologie (B.Sc.),Hochschule Fulda,LT1020,Grundlagen der Biologie und Rohstoffkunde (LT),4,Die Studierenden wissen über Zusammensetzung und Qualität ausgewählter pflanzlicher und tierischer Rohstoffe Bescheid.,,,,
Lebensmitteltechnologie (B.Sc.),Hochschule Fulda,LT1020,Grundlagen der Biologie und Rohstoffkunde (LT),5,"Die Studierenden sind fähig, wesentliche Eigenschaften und technologische Eignung von Rohstoffen auf der Basis ihrer Zusammensetzung abzuschätzen.",,,,
Lebensmitteltechnologie (B.Sc.),Hochschule Fulda,LT1020,Grundlagen der Biologie und Rohstoffkunde (LT),6,Die Studierenden haben Grundkenntnisse zu Methoden der Qualitätsbestimmung und der Bewertung der Eignung von Rohstoffen sowie deren Anwendung in der industriellen Praxis.,,,,
Lebensmitteltechnologie (B.Sc.),Hochschule Fulda,LT1233,Fundamentals of Biology and Raw Materials (FT),1,Die Studierenden sind vertraut mit den grundlegenden Strukturen und Funktionen pflanzlicher und tierischer Zellen.,,,,
Lebensmitteltechnologie (B.Sc.),Hochschule Fulda,LT1233,Fundamentals of Biology and Raw Materials (FT),2,Die Studierenden kennen wichtige biochemische und physiologische Prozesse in pflanzlichen und tierischen Geweben.,,,,
Lebensmitteltechnologie (B.Sc.),Hochschule Fulda,LT1233,Fundamentals of Biology and Raw Materials (FT),3,Die Studierenden haben Kenntnisse über Entwicklung und Bau von Pflanzen (insbesondere von Angiospermen).,,,,
Lebensmitteltechnologie (B.Sc.),Hochschule Fulda,LT1233,Fundamentals of Biology and Raw Materials (FT),4,Die Studierenden wissen über Zusammensetzung und Qualität ausgewählter pflanzlicher und tierischer Rohstoffe Bescheid.,,,,
Lebensmitteltechnologie (B.Sc.),Hochschule Fulda,LT1233,Fundamentals of Biology and Raw Materials (FT),5,"Die Studierenden sind fähig, wesentliche Eigenschaften und technologische Eignung von Rohstoffen auf der Basis ihrer Zusammensetzung abzuschätzen.",,,,
Lebensmitteltechnologie (B.Sc.),Hochschule Fulda,LT1233,Fundamentals of Biology and Raw Materials (FT),6,Die Studierenden haben Grundkenntnisse zu Methoden der Qualitätsbestimmung und der Bewertung der Eignung von Rohstoffen sowie deren Anwendung in der industriellen Praxis.,,,,
Lebensmitteltechnologie (B.Sc.),Hochschule Fulda,LT1375,Allgemeine Mikrobiologie,1,Die Studierenden beherrschen das Grundlagenwissen der allgemeinen Mikrobiologie und mikrobieller Arbeitstechniken,,,,
Lebensmitteltechnologie (B.Sc.),Hochschule Fulda,LT1375,Allgemeine Mikrobiologie,2,"Die Studierenden kennen wichtige Gruppen an Mikroorganismen mit Relevanz für verschiedene Industriezweige (Kontaminanten, Pathogene und Produktionsorganismen)",,,,
Lebensmitteltechnologie (B.Sc.),Hochschule Fulda,LT1375,Allgemeine Mikrobiologie,3,Die Studierenden können Standardverfahren der mikrobiologischen Analytik durchführen und bewerten.,,,,
Lebensmitteltechnologie (B.Sc.),Hochschule Fulda,LT1375,Allgemeine Mikrobiologie,4,Die Studierenden kennen die spezifischen Wachstumsbedingungen der relevanten Organismen-Hauptgruppen und können grundlegende Kultivierungstechniken von Mikroorganismen durchführen,,,,
Lebensmitteltechnologie (B.Sc.),Hochschule Fulda,LT1376,General Microbiology,1,Die Studierenden beherrschen das Grundlagenwissen der allgemeinen Mikrobiologie und mikrobieller Arbeitstechniken,,,,
Lebensmitteltechnologie (B.Sc.),Hochschule Fulda,LT1376,General Microbiology,2,"Die Studierenden kennen wichtige Gruppen an Mikroorganismen mit Relevanz für verschiedene Industriezweige (Kontaminanten, Pathogene und Produktionsorganismen)",,,,
Lebensmitteltechnologie (B.Sc.),Hochschule Fulda,LT1376,General Microbiology,3,Die Studierenden können Standardverfahren der mikrobiologischen Analytik durchführen und bewerten.,,,,
Lebensmitteltechnologie (B.Sc.),Hochschule Fulda,LT1376,General Microbiology,4,Die Studierenden kennen die spezifischen Wachstumsbedingungen der relevanten Organismen-Hauptgruppen und können grundlegende Kultivierungstechniken von Mikroorganismen durchführen,,,,
Lebensmitteltechnologie (B.Sc.),Hochschule Fulda,LT1376,General Microbiology,1,Die Studierenden sind vertraut mit den gegenwärtigen Rohstoffen und Herstellungsverfahren von Grundsubstanzen für bearbeitete Lebensmittel.,,,,
Lebensmitteltechnologie (B.Sc.),Hochschule Fulda,LT1376,General Microbiology,2,"Die Studierenden verstehen die dahinterliegenden physikalischen, chemischen und biologischen Prinzipien und können dadurch innovative Änderungen in den Rezepturen vornehmen.",,,,
Lebensmitteltechnologie (B.Sc.),Hochschule Fulda,LT1376,General Microbiology,3,Die Studierenden verfügen über einen Überblick über moderne und sich in der Entwicklung befindliche Alternativen zu den bestehenden Techniken und Technologieschritten sowie deren Kombinationsmöglichkeiten.,,,,
Lebensmitteltechnologie (B.Sc.),Hochschule Fulda,LT1376,General Microbiology,4,Dadurch können sie aufkommende Innovationen verstehen.,,,,
Lebensmitteltechnologie (B.Sc.),Hochschule Fulda,LT1376,General Microbiology,5,Die Studierenden erlangen die Grundlagen für die Beurteilung bestehender und alternativer Technologien und können sich zukünftig im Felde der Herstellungstechnologien kreativ und innovativ betätigen.,,,,
Lebensmitteltechnologie (B.Sc.),Hochschule Fulda,LT1235,Food Technology I,1,Die Studierenden sind vertraut mit den gegenwärtigen Rohstoffen und Herstellungsverfahren von Grundsubstanzen für bearbeitete Lebensmittel.,,,,
Lebensmitteltechnologie (B.Sc.),Hochschule Fulda,LT1235,Food Technology I,2,"Die Studierenden verstehen die dahinterliegenden physikalischen, chemischen und biologischen Prinzipien und können dadurch innovative Änderungen in den Rezepturen vornehmen.",,,,
Lebensmitteltechnologie (B.Sc.),Hochschule Fulda,LT1235,Food Technology I,3,Die Studierenden verfügen über einen Überblick über moderne und sich in der Entwicklung befindliche Alternativen zu den bestehenden Techniken und Technologieschritten sowie deren Kombinationsmöglichkeiten.,,,,
Lebensmitteltechnologie (B.Sc.),Hochschule Fulda,LT1235,Food Technology I,4,Dadurch können sie aufkommende Innovationen verstehen.,,,,
Lebensmitteltechnologie (B.Sc.),Hochschule Fulda,LT1235,Food Technology I,5,Die Studierenden erlangen die Grundlagen für die Beurteilung bestehender und alternativer Technologien und können sich zukünftig im Felde der Herstellungstechnologien kreativ und innovativ betätigen.,,,,
Lebensmitteltechnologie (B.Sc.),Hochschule Fulda,LT1027,Lebensmittelchemie,1,Die Studierenden erwerben wesentliche Kenntnisse über die Hauptstoffgruppen in Lebensmitteln.,,,,
Lebensmitteltechnologie (B.Sc.),Hochschule Fulda,LT1027,Lebensmittelchemie,2,"Die Studierenden sind fähig, wesentliche Eigenschaften von Lebensmittelkomponenten aufgrund der chemischen Struktur abzuschätzen.",,,,
Lebensmitteltechnologie (B.Sc.),Hochschule Fulda,LT1027,Lebensmittelchemie,3,Die Studierenden können wichtige chemische bzw. biochemische Reaktionen in Lebensmitteln verstehen und formulieren.,,,,
Lebensmitteltechnologie (B.Sc.),Hochschule Fulda,LT1027,Lebensmittelchemie,4,"Die Studierenden erreichen ein gutes Verständnis für die Analyse von Lebensmitteln, indem sie klassische Bestimmungsmethoden der Lebensmittelchemie praktisch durchführen.",,,,
Lebensmitteltechnologie (B.Sc.),Hochschule Fulda,LT1027,Lebensmittelchemie,5,Die Studierenden können strukturierte Berichte abfassen.,,,,
Lebensmitteltechnologie (B.Sc.),Hochschule Fulda,LT1236,Food Chemistry,1,Die Studierenden erwerben wesentliche Kenntnisse über die Hauptstoffgruppen in Lebensmitteln.,,,,
Lebensmitteltechnologie (B.Sc.),Hochschule Fulda,LT1236,Food Chemistry,2,"Die Studierenden sind fähig, wesentliche Eigenschaften von Lebensmittelkomponenten aufgrund der chemischen Struktur abzuschätzen.",,,,
Lebensmitteltechnologie (B.Sc.),Hochschule Fulda,LT1236,Food Chemistry,3,Die Studierenden können wichtige chemische bzw. biochemische Reaktionen in Lebensmitteln verstehen und formulieren.,,,,
Lebensmitteltechnologie (B.Sc.),Hochschule Fulda,LT1236,Food Chemistry,4,"Die Studierenden erreichen ein gutes Verständnis für die Analyse von Lebensmitteln, indem sie klassische Bestimmungsmethoden der Lebensmittelchemie praktisch durchführen.",,,,
Lebensmitteltechnologie (B.Sc.),Hochschule Fulda,LT1236,Food Chemistry,5,Die Studierenden können strukturierte Berichte abfassen.,,,,
Lebensmitteltechnologie (B.Sc.),Hochschule Fulda,LT1031,Sensorik,1,Die Studierenden kennen Aufbau und Funktion der menschlichen Sinnesorgane sowie die physiologischen Vorgänge der Sinneswahrnehmung.,,,,
Lebensmitteltechnologie (B.Sc.),Hochschule Fulda,LT1031,Sensorik,2,"Die Studierenden kennen ausgewählte sensorische Prüfverfahren und sind in der Lage, diese anzuwenden und deren Ergebnisse zu beurteilen.",,,,
Lebensmitteltechnologie (B.Sc.),Hochschule Fulda,LT1031,Sensorik,3,"Die Studierenden wissen über grundlegende statistische Auswertungsmethoden für sensorische Prüfungen Bescheid, können diese durchführen und interpretieren.",,,,
Lebensmitteltechnologie (B.Sc.),Hochschule Fulda,LT1031,Sensorik,4,Die Studierenden kennen die zugrundeliegenden DIN- und ISO-Normen.,,,,
Lebensmitteltechnologie (B.Sc.),Hochschule Fulda,LT1031,Sensorik,5,"Die Studierenden sind in der Lage, in einem sensorischen Panel mitzuarbeiten und – nach entsprechender Einarbeitung bzw. unter Anleitung – sensorische Untersuchungen selbst vorzubereiten, durchzuführen und auszuwerten.",,,,
Lebensmitteltechnologie (B.Sc.),Hochschule Fulda,LT1031,Sensorik,6,"Die Studierenden sind in der Lage, Innovations- und Produktentwicklungsprozesse durch Ergebnisse humansensorischer Prüfungen zu begleiten und zu steuern.",,,,
Lebensmitteltechnologie (B.Sc.),Hochschule Fulda,LT1237,Sensory Analysis,1,Die Studierenden kennen Aufbau und Funktion der menschlichen Sinnesorgane sowie die physiologischen Vorgänge der Sinneswahrnehmung.,,,,
Lebensmitteltechnologie (B.Sc.),Hochschule Fulda,LT1237,Sensory Analysis,2,"Die Studierenden kennen ausgewählte sensorische Prüfverfahren und sind in der Lage, diese anzuwenden und deren Ergebnisse zu beurteilen.",,,,
Lebensmitteltechnologie (B.Sc.),Hochschule Fulda,LT1237,Sensory Analysis,3,"Die Studierenden wissen über grundlegende statistische Auswertungsmethoden für sensorische Prüfungen Bescheid, können diese durchführen und interpretieren.",,,,
Lebensmitteltechnologie (B.Sc.),Hochschule Fulda,LT1237,Sensory Analysis,4,Die Studierenden kennen die zugrundeliegenden DIN- und ISO-Normen.,,,,
Lebensmitteltechnologie (B.Sc.),Hochschule Fulda,LT1237,Sensory Analysis,5,"Die Studierenden sind in der Lage, in einem sensorischen Panel mitzuarbeiten und – nach entsprechender Einarbeitung bzw. unter Anleitung – sensorische Untersuchungen selbst vorzubereiten, durchzuführen und auszuwerten.",,,,
Lebensmitteltechnologie (B.Sc.),Hochschule Fulda,LT1237,Sensory Analysis,6,"Die Studierenden sind in der Lage, Innovations- und Produktentwicklungsprozesse durch Ergebnisse humansensorischer Prüfungen zu begleiten und zu steuern.",,,,
Lebensmitteltechnologie (B.Sc.),Hochschule Fulda,LT1197,Lebensmitteltechnologie II,1,"Die Studierenden verstehen einschlägige Verfahren und Technologien, können diese anwenden sowie deren Einfluss auf die Qualität des Endproduktes nachvollziehen.",,,,
Lebensmitteltechnologie (B.Sc.),Hochschule Fulda,LT1197,Lebensmitteltechnologie II,2,Die Studierenden werden zu einer ganzheitlichen Betrachtungsweise komplexer Vorgänge befähigt.,,,,
Lebensmitteltechnologie (B.Sc.),Hochschule Fulda,LT1238,Food Technology II,1,"Die Studierenden verstehen einschlägige Verfahren und Technologien, können diese anwenden sowie deren Einfluss auf die Qualität des Endproduktes nachvollziehen.",,,,
Lebensmitteltechnologie (B.Sc.),Hochschule Fulda,LT1238,Food Technology II,2,Die Studierenden werden zu einer ganzheitlichen Betrachtungsweise komplexer Vorgänge befähigt.,,,,
Lebensmitteltechnologie (B.Sc.),Hochschule Fulda,LT1195,Lebensmittelhygiene,1,Die Studierenden:,,,,
Lebensmitteltechnologie (B.Sc.),Hochschule Fulda,LT1195,Lebensmittelhygiene,2,können Desinfektions- und Sterilisationstechniken beurteilen und anwenden.,,,,
Lebensmitteltechnologie (B.Sc.),Hochschule Fulda,LT1195,Lebensmittelhygiene,3,können Hygienepläne und HACCP-Konzepte (Hazard Analysis and Critical Control Points) selbstständig erstellen und bewerten.,,,,
Lebensmitteltechnologie (B.Sc.),Hochschule Fulda,LT1195,Lebensmittelhygiene,4,"kennen molekulare und immunologische Nachweismethoden für mikrobielle Lebensmittelkontaminanten und assoziierte Stoffkontaminanten (LPS, Toxine).",,,,
Lebensmitteltechnologie (B.Sc.),Hochschule Fulda,LT1195,Lebensmittelhygiene,5,"sind imstande, die Grundsätze der wissenschaftlichen Literaturarbeit anzuwenden.",,,,
Lebensmitteltechnologie (B.Sc.),Hochschule Fulda,LT1195,Lebensmittelhygiene,6,erreichen durch die Arbeit im Labor ein Verständnis für die mikrobiologische Lebensmittelanalytik sowie praktische Kompetenz für den späteren Berufsalltag.,,,,
Lebensmitteltechnologie (B.Sc.),Hochschule Fulda,LT1239,Food Hygiene,1,Die Studierenden:,,,,
Lebensmitteltechnologie (B.Sc.),Hochschule Fulda,LT1239,Food Hygiene,2,können Desinfektions- und Sterilisationstechniken beurteilen und anwenden.,,,,
Lebensmitteltechnologie (B.Sc.),Hochschule Fulda,LT1239,Food Hygiene,3,können Hygienepläne und HACCP-Konzepte (Hazard Analysis and Critical Control Points) selbstständig erstellen und bewerten.,,,,
Lebensmitteltechnologie (B.Sc.),Hochschule Fulda,LT1239,Food Hygiene,4,"kennen molekulare und immunologische Nachweismethoden für mikrobielle Lebensmittelkontaminanten und assoziierte Stoffkontaminanten (LPS, Toxine).",,,,
Lebensmitteltechnologie (B.Sc.),Hochschule Fulda,LT1239,Food Hygiene,5,"sind imstande, die Grundsätze der wissenschaftlichen Literaturarbeit anzuwenden.",,,,
Lebensmitteltechnologie (B.Sc.),Hochschule Fulda,LT1239,Food Hygiene,6,erreichen durch die Arbeit im Labor ein Verständnis für die mikrobiologische Lebensmittelanalytik sowie praktische Kompetenz für den späteren Berufsalltag.,,,,
Lebensmitteltechnologie (B.Sc.),Hochschule Fulda,LT1196,Betriebswirtschaftliche Funktionen,1,Die Studierenden verstehen die betriebswirtschaftlichen Teilfunktionen aus realisations- und managementorientierter Sicht und können diese zueinander in Beziehung setzen.,,,,
Lebensmitteltechnologie (B.Sc.),Hochschule Fulda,LT1196,Betriebswirtschaftliche Funktionen,2,Die Studierenden lernen funktionsbezogene Handlungsweisen kennen und können entsprechende Entscheidungssituationen in Unternehmen analysieren und zielgerichtet gestalten.,,,,
Lebensmitteltechnologie (B.Sc.),Hochschule Fulda,LT1196,Betriebswirtschaftliche Funktionen,3,"Die Studierenden wenden verschiedene Instrumente und Vorgehensweisen zur Gestaltung von Prozessen des Supply Managements, der Produktion und des Vertriebs/Marketings in exemplarischen Entscheidungssituationen an.",,,,
Lebensmitteltechnologie (B.Sc.),Hochschule Fulda,LT1196,Betriebswirtschaftliche Funktionen,4,"Die Studierenden können verschiedene Instrumente der strategischen Planung, der Organisationsgestaltung und Personalführung in unternehmensbezogenen Anwendungskontexten nutzen.",,,,
Lebensmitteltechnologie (B.Sc.),Hochschule Fulda,LT1240,Business Management Functions,1,Die Studierenden verstehen die betriebswirtschaftlichen Teilfunktionen aus realisations- und managementorientierter Sicht und können diese zueinander in Beziehung setzen.,,,,
Lebensmitteltechnologie (B.Sc.),Hochschule Fulda,LT1240,Business Management Functions,2,Die Studierenden lernen funktionsbezogene Handlungsweisen kennen und können entsprechende Entscheidungssituationen in Unternehmen analysieren und zielgerichtet gestalten.,,,,
Lebensmitteltechnologie (B.Sc.),Hochschule Fulda,LT1240,Business Management Functions,3,"Die Studierenden wenden verschiedene Instrumente und Vorgehensweisen zur Gestaltung von Prozessen des Supply Managements, der Produktion und des Vertriebs/Marketings in exemplarischen Entscheidungssituationen an.",,,,
Lebensmitteltechnologie (B.Sc.),Hochschule Fulda,LT1240,Business Management Functions,4,"Die Studierenden können verschiedene Instrumente der strategischen Planung, der Organisationsgestaltung und Personalführung in unternehmensbezogenen Anwendungskontexten nutzen.",,,,
Lebensmitteltechnologie (B.Sc.),Hochschule Fulda,LT1032,Thermische Verfahrenstechnik,1,Die Studierenden verfügen über ein Grundverständnis von Stoff- und Wärmeübergängen.,,,,
Lebensmitteltechnologie (B.Sc.),Hochschule Fulda,LT1032,Thermische Verfahrenstechnik,2,Die Studierenden kennen die verfahrenstechnischen Grundoperationen auf Basis der Grundlagen von Wärme- und Stoffübergang und können diese anwenden.,,,,
Lebensmitteltechnologie (B.Sc.),Hochschule Fulda,LT1032,Thermische Verfahrenstechnik,3,Die Studierenden beherrschen die Bilanzierungen bzgl.,,,,
Lebensmitteltechnologie (B.Sc.),Hochschule Fulda,LT1032,Thermische Verfahrenstechnik,4,Masse und Energie.,,,,
Lebensmitteltechnologie (B.Sc.),Hochschule Fulda,LT1032,Thermische Verfahrenstechnik,5,"Die Studierenden sind in der Lage, einfache Apparate wie Destillations- und Rektifikationskolonnen, Sorptionsapparate, Trockner und Kristallisatoren zu berechnen und auszulegen.",,,,
Lebensmitteltechnologie (B.Sc.),Hochschule Fulda,LT1032,Thermische Verfahrenstechnik,6,Die Studierenden verstehen prinzipielle Zusammenhänge der Betriebsparameter bei thermischen Verfahren.,,,,
Lebensmitteltechnologie (B.Sc.),Hochschule Fulda,LT1242,Thermal Process Engineering,1,Die Studierenden verfügen über ein Grundverständnis von Stoff- und Wärmeübergängen.,,,,
Lebensmitteltechnologie (B.Sc.),Hochschule Fulda,LT1242,Thermal Process Engineering,2,Die Studierenden kennen die verfahrenstechnischen Grundoperationen auf Basis der Grundlagen von Wärme- und Stoffübergang und können diese anwenden.,,,,
Lebensmitteltechnologie (B.Sc.),Hochschule Fulda,LT1242,Thermal Process Engineering,3,Die Studierenden beherrschen die Bilanzierungen bzgl.,,,,
Lebensmitteltechnologie (B.Sc.),Hochschule Fulda,LT1242,Thermal Process Engineering,4,Masse und Energie.,,,,
Lebensmitteltechnologie (B.Sc.),Hochschule Fulda,LT1242,Thermal Process Engineering,5,"Die Studierenden sind in der Lage, einfache Apparate wie Destillations- und Rektifikationskolonnen, Sorptionsapparate, Trockner und Kristallisatoren zu berechnen und auszulegen.",,,,
Lebensmitteltechnologie (B.Sc.),Hochschule Fulda,LT1242,Thermal Process Engineering,6,Die Studierenden verstehen prinzipielle Zusammenhänge der Betriebsparameter bei thermischen Verfahren.,,,,
Lebensmitteltechnologie (B.Sc.),Hochschule Fulda,LT1024,Grundlagen und Physiologie der Ernährung,1,Die Studierenden kennen,,,,
Lebensmitteltechnologie (B.Sc.),Hochschule Fulda,LT1024,Grundlagen und Physiologie der Ernährung,2,die Bedeutung von Nährstoffen in Lebensmitteln für die menschliche Ernährung.,,,,
Lebensmitteltechnologie (B.Sc.),Hochschule Fulda,LT1024,Grundlagen und Physiologie der Ernährung,3,"die Zusammensetzung von Lebensmitteln und sind so in der Lage, die Bedeutung von Lebensmitteln als Nährstofflieferanten und die Bedeutung für die Entstehung ernährungsabhängiger Erkrankungen einzuschätzen.",,,,
Lebensmitteltechnologie (B.Sc.),Hochschule Fulda,LT1241,Basic Principles and Physiology of Nutrition,1,Die Studierenden kennen,,,,
Lebensmitteltechnologie (B.Sc.),Hochschule Fulda,LT1241,Basic Principles and Physiology of Nutrition,2,die Bedeutung von Nährstoffen in Lebensmitteln für die menschliche Ernährung.,,,,
Lebensmitteltechnologie (B.Sc.),Hochschule Fulda,LT1241,Basic Principles and Physiology of Nutrition,3,"die Zusammensetzung von Lebensmitteln und sind so in der Lage, die Bedeutung von Lebensmitteln als Nährstofflieferanten und die Bedeutung für die Entstehung ernährungsabhängiger Erkrankungen einzuschätzen.",,,,
Lebensmitteltechnologie (B.Sc.),Hochschule Fulda,LT1124,Statistik für Ingenieur*innen,1,Die Studierenden werden in die Denkweise und die Methoden der Statistik eingeführt.,,,,
Lebensmitteltechnologie (B.Sc.),Hochschule Fulda,LT1124,Statistik für Ingenieur*innen,2,Die Studierenden lernen die Grundlagen und wichtigen Begriffe der Statistik kennen.,,,,
Lebensmitteltechnologie (B.Sc.),Hochschule Fulda,LT1124,Statistik für Ingenieur*innen,3,Die Studierenden können verbal dargestellte Sachverhalte interpretieren und durch geeignete mathematische Modelle beschreiben,,,,
Lebensmitteltechnologie (B.Sc.),Hochschule Fulda,LT1124,Statistik für Ingenieur*innen,4,"Die Studierenden sind in der Lage, Experimente nach statistischen Aspekten zu planen.",,,,
Lebensmitteltechnologie (B.Sc.),Hochschule Fulda,LT1124,Statistik für Ingenieur*innen,5,Die Studierenden lernen kritisch mit Datenmaterial umzugehen sowie einfache Abschätzungen und statistische Entscheidungsfindungsverfahren durchzuführen.,,,,
Lebensmitteltechnologie (B.Sc.),Hochschule Fulda,LT1124,Statistik für Ingenieur*innen,6,Die Studierenden lernen anwendungsbezogene Beispiele selbstständig zu bearbeiten.,,,,
Lebensmitteltechnologie (B.Sc.),Hochschule Fulda,LT1124,Statistik für Ingenieur*innen,7,Die Studierenden können statistische Software einsetzen.,,,,
Lebensmitteltechnologie (B.Sc.),Hochschule Fulda,LT1243,Statistics for Engineers,1,Die Studierenden werden in die Denkweise und die Methoden der Statistik eingeführt.,,,,
Lebensmitteltechnologie (B.Sc.),Hochschule Fulda,LT1243,Statistics for Engineers,2,Die Studierenden lernen die Grundlagen und wichtigen Begriffe der Statistik kennen.,,,,
Lebensmitteltechnologie (B.Sc.),Hochschule Fulda,LT1243,Statistics for Engineers,3,Die Studierenden können verbal dargestellte Sachverhalte interpretieren und durch geeignete mathematische Modelle beschreiben,,,,
Lebensmitteltechnologie (B.Sc.),Hochschule Fulda,LT1243,Statistics for Engineers,4,"Die Studierenden sind in der Lage, Experimente nach statistischen Aspekten zu planen.",,,,
Lebensmitteltechnologie (B.Sc.),Hochschule Fulda,LT1243,Statistics for Engineers,5,Die Studierenden lernen kritisch mit Datenmaterial umzugehen sowie einfache Abschätzungen und statistische Entscheidungsfindungsverfahren durchzuführen.,,,,
Lebensmitteltechnologie (B.Sc.),Hochschule Fulda,LT1243,Statistics for Engineers,6,Die Studierenden lernen anwendungsbezogene Beispiele selbstständig zu bearbeiten.,,,,
Lebensmitteltechnologie (B.Sc.),Hochschule Fulda,LT1243,Statistics for Engineers,7,Die Studierenden können statistische Software einsetzen.,,,,
Lebensmitteltechnologie (B.Sc.),Hochschule Fulda,LT1026,Lebensmitteltechnologie/-verfahrenstechnik,1,Die Studierenden verstehen die Grundoperationen der thermischen und mechanischen Verfahrenstechnik sowie der Technologie tierischer und pflanzlicher Lebensmittel.,,,,
Lebensmitteltechnologie (B.Sc.),Hochschule Fulda,LT1026,Lebensmitteltechnologie/-verfahrenstechnik,2,"Die Studierenden sind in der Lage, dass in den ersten 3 Semestern erworbene Wissen anzuwenden und es in praktische Erfahrungen umzusetzen.",,,,
Lebensmitteltechnologie (B.Sc.),Hochschule Fulda,LT1026,Lebensmitteltechnologie/-verfahrenstechnik,3,"Die Studierenden sind in der Lage, die erworbenen Kenntnisse aus den genannten Fachdisziplinen synergistisch (neu) zu kombinieren und dadurch facettenreich und innovativ anzuwenden.",,,,
Lebensmitteltechnologie (B.Sc.),Hochschule Fulda,LT1026,Lebensmitteltechnologie/-verfahrenstechnik,4,"Die Studierenden können die Herstellung exemplarischer Lebensmittel aus der Sicht unterschiedlicher Bereiche beurteilen und die Möglichkeiten, Problemstellungen und Grenzen der entsprechenden Fachgebiete einschätzen.",,,,
Lebensmitteltechnologie (B.Sc.),Hochschule Fulda,LT1026,Lebensmitteltechnologie/-verfahrenstechnik,5,"Die Studierenden sind in der Lage mit diesen integrativen Betrachtungsweisen die Problemlösungsstrategien durchzuführen, die im späteren Berufsleben von ihnen gefordert werden.",,,,
Lebensmitteltechnologie (B.Sc.),Hochschule Fulda,LT1244,Food Technology and Engineering,1,Die Studierenden verstehen die Grundoperationen der thermischen und mechanischen Verfahrenstechnik sowie der Technologie tierischer und pflanzlicher Lebensmittel.,,,,
Lebensmitteltechnologie (B.Sc.),Hochschule Fulda,LT1244,Food Technology and Engineering,2,"Die Studierenden sind in der Lage, dass in den ersten 3 Semestern erworbene Wissen anzuwenden und es in praktische Erfahrungen umzusetzen.",,,,
Lebensmitteltechnologie (B.Sc.),Hochschule Fulda,LT1244,Food Technology and Engineering,3,"Die Studierenden sind in der Lage, die erworbenen Kenntnisse aus den genannten Fachdisziplinen synergistisch (neu) zu kombinieren und dadurch facettenreich und innovativ anzuwenden.",,,,
Lebensmitteltechnologie (B.Sc.),Hochschule Fulda,LT1244,Food Technology and Engineering,4,"Die Studierenden können die Herstellung exemplarischer Lebensmittel aus der Sicht unterschiedlicher Bereiche beurteilen und die Möglichkeiten, Problemstellungen und Grenzen der entsprechenden Fachgebiete einschätzen.",,,,
Lebensmitteltechnologie (B.Sc.),Hochschule Fulda,LT1244,Food Technology and Engineering,5,"Die Studierenden sind in der Lage mit diesen integrativen Betrachtungsweisen die Problemlösungsstrategien durchzuführen, die im späteren Berufsleben von ihnen gefordert werden.",,,,
Lebensmitteltechnologie (B.Sc.),Hochschule Fulda,LT1198,Biochemie,1,Die Studierenden erwerben einen Überblick über wesentliche Stoffwechselwege,,,,
Lebensmitteltechnologie (B.Sc.),Hochschule Fulda,LT1198,Biochemie,2,"Die Studierenden erreichen ein Verständnis für (bio)chemische Reaktionen ausgewählter Komponenten bei der Herstellung, Reifung bzw. Lagerung von Produkten.",,,,
Lebensmitteltechnologie (B.Sc.),Hochschule Fulda,LT1198,Biochemie,3,"Die Studierenden sind imstande, die Grundsätze wissenschaftlicher Literaturarbeit anzuwenden.",,,,
Lebensmitteltechnologie (B.Sc.),Hochschule Fulda,LT1198,Biochemie,4,Die Studierenden erreichen durch die Arbeit im Labor ein Verständnis für die biochemische Analytik sowie praktische Kompetenz für den späteren Berufsalltag.,,,,
Lebensmitteltechnologie (B.Sc.),Hochschule Fulda,LT1245,Biochemistry,1,Die Studierenden erwerben einen Überblick über wesentliche Stoffwechselwege,,,,
Lebensmitteltechnologie (B.Sc.),Hochschule Fulda,LT1245,Biochemistry,2,"Die Studierenden erreichen ein Verständnis für (bio)chemische Reaktionen ausgewählter Komponenten bei der Herstellung, Reifung bzw. Lagerung von Produkten.",,,,
Lebensmitteltechnologie (B.Sc.),Hochschule Fulda,LT1245,Biochemistry,3,"Die Studierenden sind imstande, die Grundsätze wissenschaftlicher Literaturarbeit anzuwenden.",,,,
Lebensmitteltechnologie (B.Sc.),Hochschule Fulda,LT1245,Biochemistry,4,Die Studierenden erreichen durch die Arbeit im Labor ein Verständnis für die biochemische Analytik sowie praktische Kompetenz für den späteren Berufsalltag.,,,,
Lebensmitteltechnologie (B.Sc.),Hochschule Fulda,LT1074,Mechanische Verfahrenstechnik,1,Die Studierenden verstehen grundsätzlich die Denk- und Vorgehensweise bei Aufgaben und Problemstellungen in der mechanischen Verfahrenstechnik.,,,,
Lebensmitteltechnologie (B.Sc.),Hochschule Fulda,LT1074,Mechanische Verfahrenstechnik,2,"Die Studierenden sind in der Lage, einfache Problemstellungen zu analysieren und notwendige Berechnungen selbst durchzuführen.",,,,
Lebensmitteltechnologie (B.Sc.),Hochschule Fulda,LT1074,Mechanische Verfahrenstechnik,3,Die Studierenden können ihr Wissen bei praktischen Fragestellungen anwenden.,,,,
Lebensmitteltechnologie (B.Sc.),Hochschule Fulda,LT1074,Mechanische Verfahrenstechnik,4,"Die Studierenden verstehen es, Arbeitsaufgaben selbstständig im Team zu organisieren, zu erarbeiten und durchzuführen.",,,,
Lebensmitteltechnologie (B.Sc.),Hochschule Fulda,LT1246,Particle Technology and Fluid Mechanics,1,Die Studierenden verstehen grundsätzlich die Denk- und Vorgehensweise bei Aufgaben und Problemstellungen in der mechanischen Verfahrenstechnik.,,,,
Lebensmitteltechnologie (B.Sc.),Hochschule Fulda,LT1246,Particle Technology and Fluid Mechanics,2,"Die Studierenden sind in der Lage, einfache Problemstellungen zu analysieren und notwendige Berechnungen selbst durchzuführen.",,,,
Lebensmitteltechnologie (B.Sc.),Hochschule Fulda,LT1246,Particle Technology and Fluid Mechanics,3,Die Studierenden können ihr Wissen bei praktischen Fragestellungen anwenden.,,,,
Lebensmitteltechnologie (B.Sc.),Hochschule Fulda,LT1246,Particle Technology and Fluid Mechanics,4,"Die Studierenden verstehen es, Arbeitsaufgaben selbstständig im Team zu organisieren, zu erarbeiten und durchzuführen.",,,,
Lebensmitteltechnologie (B.Sc.),Hochschule Fulda,LT1036,Projekt (Titel),1,"Die Studierenden verfügen über Kenntnisse und Fertigkeiten aus folgenden Gebieten: Projektdefinition, Projektcontrolling, Projektmanagement, interdisziplinäres Arbeiten, Problemlösungsstrategien, Teamarbeit, Gruppendynamik, Präsentation und Moderation, Informationsmanagement.",,,,
Lebensmitteltechnologie (B.Sc.),Hochschule Fulda,LT1036,Projekt (Titel),2,"Die Studierenden können Zusammenhänge aus dem gesamten Gebiet der Life Sciences miteinander verknüpfen, interdisziplinär bearbeiten, verstehen, strukturieren und darstellen.",,,,
Lebensmitteltechnologie (B.Sc.),Hochschule Fulda,LT1270,Project (title),1,"Die Studierenden verfügen über Kenntnisse und Fertigkeiten aus folgenden Gebieten: Projektdefinition, Projektcontrolling, Projektmanagement, interdisziplinäres Arbeiten, Problemlösungsstrategien, Teamarbeit, Gruppendynamik, Präsentation und Moderation, Informationsmanagement.",,,,
Lebensmitteltechnologie (B.Sc.),Hochschule Fulda,LT1270,Project (title),2,"Die Studierenden können Zusammenhänge aus dem gesamten Gebiet der Life Sciences miteinander verknüpfen, interdisziplinär bearbeiten, verstehen, strukturieren und darstellen.",,,,
Lebensmitteltechnologie (B.Sc.),Hochschule Fulda,LT1199,Lebensmitteltechnologie III,1,Die Studierenden verstehen die Grundoperationen der Technologie tierischer und pflanzlicher Lebensmittel.,,,,
Lebensmitteltechnologie (B.Sc.),Hochschule Fulda,LT1199,Lebensmitteltechnologie III,2,"Die Studierenden sind in der Lage, dass in den ersten 4 Semestern erworbene Wissen anzuwenden und es in praktische Erfahrungen umzusetzen.",,,,
Lebensmitteltechnologie (B.Sc.),Hochschule Fulda,LT1199,Lebensmitteltechnologie III,3,Die Studierenden sind in der Lage die erworbenen Kenntnisse aus den genannten Fachdisziplinen synergistisch (neu) zu kombinieren und dadurch facettenreich und innovativ anzuwenden.,,,,
Lebensmitteltechnologie (B.Sc.),Hochschule Fulda,LT1199,Lebensmitteltechnologie III,4,Die Studierenden können die analytischen und instrumentellen Anforderungen der rheologischen und technologischen Analyse von Eigenschaften von basalen Lebensmittelkomponenten überblicken.,,,,
Lebensmitteltechnologie (B.Sc.),Hochschule Fulda,LT1199,Lebensmitteltechnologie III,5,"Die Studierenden sind in der Lage mit diesen integrativen Betrachtungsweisen die Problemlösungsstrategien durchzuführen, die im späteren Berufsleben von ihnen gefordert werden.",,,,
Lebensmitteltechnologie (B.Sc.),Hochschule Fulda,LT1247,Food Technology III,1,Die Studierenden verstehen die Grundoperationen der Technologie tierischer und pflanzlicher Lebensmittel.,,,,
Lebensmitteltechnologie (B.Sc.),Hochschule Fulda,LT1247,Food Technology III,2,"Die Studierenden sind in der Lage, dass in den ersten 4 Semestern erworbene Wissen anzuwenden und es in praktische Erfahrungen umzusetzen.",,,,
Lebensmitteltechnologie (B.Sc.),Hochschule Fulda,LT1247,Food Technology III,3,Die Studierenden sind in der Lage die erworbenen Kenntnisse aus den genannten Fachdisziplinen synergistisch (neu) zu kombinieren und dadurch facettenreich und innovativ anzuwenden.,,,,
Lebensmitteltechnologie (B.Sc.),Hochschule Fulda,LT1247,Food Technology III,4,Die Studierenden können die analytischen und instrumentellen Anforderungen der rheologischen und technologischen Analyse von Eigenschaften von basalen Lebensmittelkomponenten überblicken.,,,,
Lebensmitteltechnologie (B.Sc.),Hochschule Fulda,LT1247,Food Technology III,5,"Die Studierenden sind in der Lage mit diesen integrativen Betrachtungsweisen die Problemlösungsstrategien durchzuführen, die im späteren Berufsleben von ihnen gefordert werden.",,,,
Lebensmitteltechnologie (B.Sc.),Hochschule Fulda,LT1037,Haltbarmachung und Verpackung,1,Die Studierenden beherrschen die Mechanismen der Verderbsreaktionen.,,,,
Lebensmitteltechnologie (B.Sc.),Hochschule Fulda,LT1037,Haltbarmachung und Verpackung,2,Die Studierenden können Verfahren zur Haltbarmachung nach Produkterfordernis auswählen.,,,,
Lebensmitteltechnologie (B.Sc.),Hochschule Fulda,LT1037,Haltbarmachung und Verpackung,3,"Die Studierenden sind in der Lage, Haltbarkeitszeiten für verschiedene Lebensmittel beim Einsatz unterschiedlicher Verfahren zur Erhöhung der Haltbarkeit rechnerisch abzuschätzen.",,,,
Lebensmitteltechnologie (B.Sc.),Hochschule Fulda,LT1037,Haltbarmachung und Verpackung,4,"Die Studierenden sind in der Lage, Verpackungen allgemein und insbesondere Verpackungen für Lebensmittelindustrie, pharmazeutische Industrie und kosmetische Industrie zu verstehen und in groben rechtlichen und technologischen Grundzügen zu bewerten.",,,,
Lebensmitteltechnologie (B.Sc.),Hochschule Fulda,LT1037,Haltbarmachung und Verpackung,5,"Auf Grund der Kenntnisse können sie die Eignung von Verpackungen für spezifische Produkte abschätzen und Verpackungslösungen verstehen, beurteilen und in engerem Rahmen selbst entwickeln.",,,,
Lebensmitteltechnologie (B.Sc.),Hochschule Fulda,LT1248,Preservation and Packaging,1,Die Studierenden beherrschen die Mechanismen der Verderbsreaktionen.,,,,
Lebensmitteltechnologie (B.Sc.),Hochschule Fulda,LT1248,Preservation and Packaging,2,Die Studierenden können Verfahren zur Haltbarmachung nach Produkterfordernis auswählen.,,,,
Lebensmitteltechnologie (B.Sc.),Hochschule Fulda,LT1248,Preservation and Packaging,3,"Die Studierenden sind in der Lage, Haltbarkeitszeiten für verschiedene Lebensmittel beim Einsatz unterschiedlicher Verfahren zur Erhöhung der Haltbarkeit rechnerisch abzuschätzen.",,,,
Lebensmitteltechnologie (B.Sc.),Hochschule Fulda,LT1248,Preservation and Packaging,4,"Die Studierenden sind in der Lage, Verpackungen allgemein und insbesondere Verpackungen für Lebensmittelindustrie, pharmazeutische Industrie und kosmetische Industrie zu verstehen und in groben rechtlichen und technologischen Grundzügen zu bewerten.",,,,
Lebensmitteltechnologie (B.Sc.),Hochschule Fulda,LT1248,Preservation and Packaging,5,"Auf Grund der Kenntnisse können sie die Eignung von Verpackungen für spezifische Produkte abschätzen und Verpackungslösungen verstehen, beurteilen und in engerem Rahmen selbst entwickeln.",,,,
Lebensmitteltechnologie (B.Sc.),Hochschule Fulda,LT1023,Lebensmittelrecht,1,Die Studierenden kennen Struktur und Prinzipien des europäischen und nationalen Lebensmittelrechtes.,,,,
Lebensmitteltechnologie (B.Sc.),Hochschule Fulda,LT1023,Lebensmittelrecht,2,Die Studierenden können ihre Kenntnisse auf konkrete Fallbeispiele aus der beruflichen Praxis anwenden.,,,,
Lebensmitteltechnologie (B.Sc.),Hochschule Fulda,LT1023,Lebensmittelrecht,3,"Die Studierenden erreichen ein Verständnis für Dynamik und Veränderungsprinzipien der gesetzlichen Normen und sind dadurch in der Lage, zukünftige Änderungen der Gesetzgebung zu antizipieren und in den beruflichen Alltag zu integrieren.",,,,
Lebensmitteltechnologie (B.Sc.),Hochschule Fulda,LT1023,Lebensmittelrecht,4,Die Studierenden erreichen ein allgemeines Grundverständnis für juristische Fragestellungen.,,,,
Lebensmitteltechnologie (B.Sc.),Hochschule Fulda,LT1023,Lebensmittelrecht,5,Die Studierenden lernen durch die vielfältigen Themenstellungen im Lebensmittelrecht fachübergreifend zu argumentieren.,,,,
Lebensmitteltechnologie (B.Sc.),Hochschule Fulda,LT1249,Food Law,1,Die Studierenden kennen Struktur und Prinzipien des europäischen und nationalen Lebensmittelrechtes.,,,,
Lebensmitteltechnologie (B.Sc.),Hochschule Fulda,LT1249,Food Law,2,Die Studierenden können ihre Kenntnisse auf konkrete Fallbeispiele aus der beruflichen Praxis anwenden.,,,,
Lebensmitteltechnologie (B.Sc.),Hochschule Fulda,LT1249,Food Law,3,"Die Studierenden erreichen ein Verständnis für Dynamik und Veränderungsprinzipien der gesetzlichen Normen und sind dadurch in der Lage, zukünftige Änderungen der Gesetzgebung zu antizipieren und in den beruflichen Alltag zu integrieren.",,,,
Lebensmitteltechnologie (B.Sc.),Hochschule Fulda,LT1249,Food Law,4,Die Studierenden erreichen ein allgemeines Grundverständnis für juristische Fragestellungen.,,,,
Lebensmitteltechnologie (B.Sc.),Hochschule Fulda,LT1249,Food Law,5,Die Studierenden lernen durch die vielfältigen Themenstellungen im Lebensmittelrecht fachübergreifend zu argumentieren.,,,,
Lebensmitteltechnologie (B.Sc.),Hochschule Fulda,LT1033,Ausgewählte Kapitel der Lebensmitteltechnologie,1,"Die Studierenden lernen aktuelle Themen der Lebensmitteltechnologie kennen und sind in der Lage, Querbezüge zwischen neuen Techniken, aktuellen Themen der Grundstoffnutzung und zukünftigen Anforderungen der Technologieentwicklung zu ziehen.",,,,
Lebensmitteltechnologie (B.Sc.),Hochschule Fulda,LT1033,Ausgewählte Kapitel der Lebensmitteltechnologie,2,Die Studierenden sind auf die gegenwärtigen und zukünftigen Anforderungen an Lebensmitteltechnolog*innen vorbereitet.,,,,
Lebensmitteltechnologie (B.Sc.),Hochschule Fulda,LT1250,Selected Topics of Food Technology,1,"Die Studierenden lernen aktuelle Themen der Lebensmitteltechnologie kennen und sind in der Lage, Querbezüge zwischen neuen Techniken, aktuellen Themen der Grundstoffnutzung und zukünftigen Anforderungen der Technologieentwicklung zu ziehen.",,,,
Lebensmitteltechnologie (B.Sc.),Hochschule Fulda,LT1250,Selected Topics of Food Technology,2,Die Studierenden sind auf die gegenwärtigen und zukünftigen Anforderungen an Lebensmitteltechnolog*innen vorbereitet.,,,,
Lebensmitteltechnologie (B.Sc.),Hochschule Fulda,LT1034,Qualitätsmanagement (LT),1,Die Studierenden kennen die Grundlagen des Qualitätsmanagements in Unternehmen allgemein und insbesondere in der Lebensmittelindustrie,,,,
Lebensmitteltechnologie (B.Sc.),Hochschule Fulda,LT1034,Qualitätsmanagement (LT),2,Die Studierenden kennen die verschiedenen rechtlichen Normen sowie (über-)regionale Verantwortungsträger/institutionen im Kontext von Lebensmittelsicherheit und -qualität,,,,
Lebensmitteltechnologie (B.Sc.),Hochschule Fulda,LT1034,Qualitätsmanagement (LT),3,Die Studierenden können verschiedene Vorgehensweisen und Instrumente zur Sicherung der Lebensmittelqualität in lebensmittelbezogenen Fallsituationen zielgerichtet anwenden,,,,
Lebensmitteltechnologie (B.Sc.),Hochschule Fulda,LT1034,Qualitätsmanagement (LT),4,Die Studierenden können Einsatzmöglichkeiten und Reichweite von Eigenkontrollsystemen und Q-Zertifikaten beurteilen und umsetzen,,,,
Lebensmitteltechnologie (B.Sc.),Hochschule Fulda,LT1034,Qualitätsmanagement (LT),5,Die Studierenden können Maßnahmen zur Sicherung der Lebensmittelintegrität (insb. zur Vermeidung von Food Fraud und Food Defense) ergreifen,,,,
Lebensmitteltechnologie (B.Sc.),Hochschule Fulda,LT1251,Quality Management (FT),1,Die Studierenden kennen die Grundlagen des Qualitätsmanagements in Unternehmen allgemein und insbesondere in der Lebensmittelindustrie,,,,
Lebensmitteltechnologie (B.Sc.),Hochschule Fulda,LT1251,Quality Management (FT),2,Die Studierenden kennen die verschiedenen rechtlichen Normen sowie (über-)regionale Verantwortungsträger/institutionen im Kontext von Lebensmittelsicherheit und -qualität,,,,
Lebensmitteltechnologie (B.Sc.),Hochschule Fulda,LT1251,Quality Management (FT),3,Die Studierenden können verschiedene Vorgehensweisen und Instrumente zur Sicherung der Lebensmittelqualität in lebensmittelbezogenen Fallsituationen zielgerichtet anwenden,,,,
Lebensmitteltechnologie (B.Sc.),Hochschule Fulda,LT1251,Quality Management (FT),4,Die Studierenden können Einsatzmöglichkeiten und Reichweite von Eigenkontrollsystemen und Q-Zertifikaten beurteilen und umsetzen,,,,
Lebensmitteltechnologie (B.Sc.),Hochschule Fulda,LT1251,Quality Management (FT),5,Die Studierenden können Maßnahmen zur Sicherung der Lebensmittelintegrität (insb. zur Vermeidung von Food Fraud und Food Defense) ergreifen •,,,,
Lebensmitteltechnologie (B.Sc.),Hochschule Fulda,LT1038,Praxisphase,1,Die Studierenden orientieren sich in den verschiedenen Berufsfeldern.,,,,
Lebensmitteltechnologie (B.Sc.),Hochschule Fulda,LT1038,Praxisphase,2,Die Studierenden können die im Studium erworbenen Fach- und Methodenkenntnisse in der Praxisinstitution anwenden und festigen.,,,,
Lebensmitteltechnologie (B.Sc.),Hochschule Fulda,LT1038,Praxisphase,3,Die Studierenden verstehen den Aufbau und Ablauf der Praxisinstitution.,,,,
Lebensmitteltechnologie (B.Sc.),Hochschule Fulda,LT1038,Praxisphase,4,Die Studierenden können sich innerhalb kurzer Zeit in komplexe Aufgaben und Unternehmenskulturen einarbeiten.,,,,
Lebensmitteltechnologie (B.Sc.),Hochschule Fulda,LT1252,Internship,1,Die Studierenden orientieren sich in den verschiedenen Berufsfeldern.,,,,
Lebensmitteltechnologie (B.Sc.),Hochschule Fulda,LT1252,Internship,2,Die Studierenden können die im Studium erworbenen Fach- und Methodenkenntnisse in der Praxisinstitution anwenden und festigen.,,,,
Lebensmitteltechnologie (B.Sc.),Hochschule Fulda,LT1252,Internship,3,Die Studierenden verstehen den Aufbau und Ablauf der Praxisinstitution.,,,,
Lebensmitteltechnologie (B.Sc.),Hochschule Fulda,LT1252,Internship,4,Die Studierenden können sich innerhalb kurzer Zeit in komplexe Aufgaben und Unternehmenskulturen einarbeiten.,,,,
Lebensmitteltechnologie (B.Sc.),Hochschule Fulda,LT1125,Abschlussmodul (Bachelor-Thesis),1,"Die Studierenden sind in der Lage, innerhalb einer vorgegebenen Frist ein bestimmtes, abgegrenztes Problem aus dem Kontext ihres Studiums nach wissenschaftlichen Prinzipien weitgehend selbstständig zu untersuchen.",,,,
Lebensmitteltechnologie (B.Sc.),Hochschule Fulda,LT1125,Abschlussmodul (Bachelor-Thesis),2,Die Studierenden können die Ergebnisse logisch und übersichtlich geordnet in Form einer wissenschaftlichen Arbeit schriftlich dokumentieren (Bachelor Thesis) und mit geeigneten multimedialen Hilfsmitteln mündlich darstellen und vertreten (Kolloquium).,,,,
Lebensmitteltechnologie (B.Sc.),Hochschule Fulda,LT1413,Thesis Module,1,"Die Studierenden sind in der Lage, innerhalb einer vorgegebenen Frist ein bestimmtes, abgegrenztes Problem aus dem Kontext ihres Studiums nach wissenschaftlichen Prinzipien weitgehend selbstständig zu untersuchen.",,,,
Lebensmitteltechnologie (B.Sc.),Hochschule Fulda,LT1413,Thesis Module,2,Die Studierenden können die Ergebnisse logisch und übersichtlich geordnet in Form einer wissenschaftlichen Arbeit schriftlich dokumentieren (Bachelor Thesis) und mit geeigneten multimedialen Hilfsmitteln mündlich darstellen und vertreten (Kolloquium).,,,,
Lebensmitteltechnologie (B.Sc.),Hochschule Fulda,LT1042,Immunologie und spezifische Lebensmittelapplikationen,1,Die Studierenden kennen grundlegende Mechanismen der Immunologie sowie der mikrobiologischen Pathophysiologie und können diese in Bezug zu spezifischen Lebensmittelkomponenten und spezifischen Applikationsformen setzen.,,,,
Lebensmitteltechnologie (B.Sc.),Hochschule Fulda,LT1042,Immunologie und spezifische Lebensmittelapplikationen,2,Die Studierenden können Strategien zu den wissenschaftlichen Auslobungen im Markt und Aspekte der Produktzulassung bewerten und erstellen.,,,,
Lebensmitteltechnologie (B.Sc.),Hochschule Fulda,LT1042,Immunologie und spezifische Lebensmittelapplikationen,3,Die Studierenden kennen die unmittelbare Verknüpfung funktioneller Lebensmittelkomponenten mit der Biotechnologie und Molekularbiologie und können diese bewerten.,,,,
Lebensmitteltechnologie (B.Sc.),Hochschule Fulda,LT1254,Immunology and Specific Food Applications,1,Die Studierenden kennen grundlegende Mechanismen der Immunologie sowie der mikrobiologischen Pathophysiologie und können diese in Bezug zu spezifischen Lebensmittelkomponenten und spezifischen Applikationsformen setzen.,,,,
Lebensmitteltechnologie (B.Sc.),Hochschule Fulda,LT1254,Immunology and Specific Food Applications,2,Die Studierenden können Strategien zu den wissenschaftlichen Auslobungen im Markt und Aspekte der Produktzulassung bewerten und erstellen.,,,,
Lebensmitteltechnologie (B.Sc.),Hochschule Fulda,LT1254,Immunology and Specific Food Applications,3,Die Studierenden kennen die unmittelbare Verknüpfung funktioneller Lebensmittelkomponenten mit der Biotechnologie und Molekularbiologie und können diese bewerten.,,,,
Lebensmitteltechnologie (B.Sc.),Hochschule Fulda,LT1047,Trocknungstechnik,1,Die Studierenden verfügen über ein Grundverständnis von Trocknungsprozessen.,,,,
Lebensmitteltechnologie (B.Sc.),Hochschule Fulda,LT1047,Trocknungstechnik,2,Die Studierenden sind mit apparativen Grundlösungen vertraut.,,,,
Lebensmitteltechnologie (B.Sc.),Hochschule Fulda,LT1047,Trocknungstechnik,3,Die Studierenden sind in der Lage einfache Trocknungsanlagen zu berechnen und auszulegen.,,,,
Lebensmitteltechnologie (B.Sc.),Hochschule Fulda,LT1047,Trocknungstechnik,4,Die Studierenden verstehen prinzipielle Zusammenhänge der Betriebsparameter bei Trocknungsverfahren.,,,,
Lebensmitteltechnologie (B.Sc.),Hochschule Fulda,LT1255,Drying Technology,1,Die Studierenden verfügen über ein Grundverständnis von Trocknungsprozessen.,,,,
Lebensmitteltechnologie (B.Sc.),Hochschule Fulda,LT1255,Drying Technology,2,Die Studierenden sind mit apparativen Grundlösungen vertraut.,,,,
Lebensmitteltechnologie (B.Sc.),Hochschule Fulda,LT1255,Drying Technology,3,Die Studierenden sind in der Lage einfache Trocknungsanlagen zu berechnen und auszulegen.,,,,
Lebensmitteltechnologie (B.Sc.),Hochschule Fulda,LT1255,Drying Technology,4,Die Studierenden verstehen prinzipielle Zusammenhänge der Betriebsparameter bei Trocknungsverfahren.,,,,
Lebensmitteltechnologie (B.Sc.),Hochschule Fulda,LT1048,Anlagentechnik und Hygienic Design,1,Die Studierenden verstehen die grundsätzliche Vorgehensweise bei der Planung und Entwicklung von Anlagen für die Herstellung sensibler Produkte (z.B. für aseptische und nicht aseptische Produktion) und deren Komponenten.,,,,
Lebensmitteltechnologie (B.Sc.),Hochschule Fulda,LT1048,Anlagentechnik und Hygienic Design,2,Die Studierenden sind durch die Kenntnis hygienischer Voraussetzung zum Verstehen und Beurteilen der hygienegerechten Gestaltung von Komponenten und Anlagen zur Herstellung sensibler Produkte befähigt.,,,,
Lebensmitteltechnologie (B.Sc.),Hochschule Fulda,LT1256,Systems Engineering and Hygienic Design,1,Die Studierenden verstehen die grundsätzliche Vorgehensweise bei der Planung und Entwicklung von Anlagen für die Herstellung sensibler Produkte (z.B. für aseptische und nicht aseptische Produktion) und deren Komponenten.,,,,
Lebensmitteltechnologie (B.Sc.),Hochschule Fulda,LT1256,Systems Engineering and Hygienic Design,2,Die Studierenden sind durch die Kenntnis hygienischer Voraussetzung zum Verstehen und Beurteilen der hygienegerechten Gestaltung von Komponenten und Anlagen zur Herstellung sensibler Produkte befähigt.,,,,
Lebensmitteltechnologie (B.Sc.),Hochschule Fulda,LT1049,Industrieanlagen & Facility Management,1,"Die Studierenden verstehen die Grundlagen der Anlagenplanung und das nötige Zusammenspiel zwischen Verfahrenstechnik, Energietechnik, Versorgungstechnik, Produktionstechnik, Maschinenbau und Elektrotechnik und Infrastruktur.",,,,
Lebensmitteltechnologie (B.Sc.),Hochschule Fulda,LT1049,Industrieanlagen & Facility Management,2,Die Studierenden können Planungsvarianten und deren Bedeutung bei der Realisierung erfassen.,,,,
Lebensmitteltechnologie (B.Sc.),Hochschule Fulda,LT1049,Industrieanlagen & Facility Management,3,"Die Studierenden sind in der Lage, Planungsvarianten unter dem Aspekt der Funktionalität zu prüfen.",,,,
Lebensmitteltechnologie (B.Sc.),Hochschule Fulda,LT1049,Industrieanlagen & Facility Management,4,Die Studierenden vertiefen die Anwendung für die Praxis anhand von Beispielen und Übungsprojekten in weitgehend selbstständiger Arbeitsweise.,,,,
Lebensmitteltechnologie (B.Sc.),Hochschule Fulda,LT1049,Industrieanlagen & Facility Management,5,Die Studierenden können die Planung kritisch beurteilen und konstruktiv darauf einwirken.,,,,
Lebensmitteltechnologie (B.Sc.),Hochschule Fulda,LT1257,Industrial Plants and Facility Management,1,"Die Studierenden verstehen die Grundlagen der Anlagenplanung und das nötige Zusammenspiel zwischen Verfahrenstechnik, Energietechnik, Versorgungstechnik, Produktionstechnik, Maschinenbau und Elektrotechnik und Infrastruktur.",,,,
Lebensmitteltechnologie (B.Sc.),Hochschule Fulda,LT1257,Industrial Plants and Facility Management,2,Die Studierenden können Planungsvarianten und deren Bedeutung bei der Realisierung erfassen.,,,,
Lebensmitteltechnologie (B.Sc.),Hochschule Fulda,LT1257,Industrial Plants and Facility Management,3,"Die Studierenden sind in der Lage, Planungsvarianten unter dem Aspekt der Funktionalität zu prüfen.",,,,
Lebensmitteltechnologie (B.Sc.),Hochschule Fulda,LT1257,Industrial Plants and Facility Management,4,Die Studierenden vertiefen die Anwendung für die Praxis anhand von Beispielen und Übungsprojekten in weitgehend selbstständiger Arbeitsweise.,,,,
Lebensmitteltechnologie (B.Sc.),Hochschule Fulda,LT1257,Industrial Plants and Facility Management,5,Die Studierenden können die Planung kritisch beurteilen und konstruktiv darauf einwirken.,,,,
Lebensmitteltechnologie (B.Sc.),Hochschule Fulda,LT1377,Lebensmittelbiotechnologie,1,Die Studierenden kennen grundlegende Anwendungen der Biotechnologie in der Lebensmittelherstellung.,,,,
Lebensmitteltechnologie (B.Sc.),Hochschule Fulda,LT1377,Lebensmittelbiotechnologie,2,Die Studierenden verstehen das besondere Potential biotechnologischer Prozesse bei der Verarbeitung von Lebensmitteln.,,,,
Lebensmitteltechnologie (B.Sc.),Hochschule Fulda,LT1377,Lebensmittelbiotechnologie,3,"Die Studierenden sind in der Lage, biotechnologische Prozesse im Bereich der Lebensmittelherstellung zu planen und umzusetzen.",,,,
Lebensmitteltechnologie (B.Sc.),Hochschule Fulda,LT1378,Food Biotechnology,1,Die Studierenden kennen grundlegende Anwendungen der Biotechnologie in der Lebensmittelherstellung.,,,,
Lebensmitteltechnologie (B.Sc.),Hochschule Fulda,LT1378,Food Biotechnology,2,Die Studierenden verstehen das besondere Potential biotechnologischer Prozesse bei der Verarbeitung von Lebensmitteln.,,,,
Lebensmitteltechnologie (B.Sc.),Hochschule Fulda,LT1378,Food Biotechnology,3,"Die Studierenden sind in der Lage, biotechnologische Prozesse im Bereich der Lebensmittelherstellung zu planen und umzusetzen.",,,,
Lebensmitteltechnologie (B.Sc.),Hochschule Fulda,LT1051,Einführung in die Arzneiformenlehre und Pharmakologie,1,Die Studierenden kennen die grundlegenden Arzneiformen.,,,,
Lebensmitteltechnologie (B.Sc.),Hochschule Fulda,LT1051,Einführung in die Arzneiformenlehre und Pharmakologie,2,Die Studierenden beherrschen die Herstellungsschritte für die grundlegenden Arzneiformen und deren Anwendung.,,,,
Lebensmitteltechnologie (B.Sc.),Hochschule Fulda,LT1051,Einführung in die Arzneiformenlehre und Pharmakologie,3,Die Studierenden verfügen über Kenntnisse der grundlegenden pharmazeutischen Arbeitsweisen und Prozesse.,,,,
Lebensmitteltechnologie (B.Sc.),Hochschule Fulda,LT1051,Einführung in die Arzneiformenlehre und Pharmakologie,4,Die Studierenden entwickeln ein grundlegendes Verständnis für die Prinzipien der Pharmakologie.,,,,
Lebensmitteltechnologie (B.Sc.),Hochschule Fulda,LT1051,Einführung in die Arzneiformenlehre und Pharmakologie,5,Die Studierenden erkennen den Zusammenhang zwischen Pharmakologie und Arzneiform.,,,,
Lebensmitteltechnologie (B.Sc.),Hochschule Fulda,LT1273,Fundamentals of Pharmaceutics and Pharmacology,1,Die Studierenden kennen die grundlegenden Arzneiformen.,,,,
Lebensmitteltechnologie (B.Sc.),Hochschule Fulda,LT1273,Fundamentals of Pharmaceutics and Pharmacology,2,Die Studierenden beherrschen die Herstellungsschritte für die grundlegenden Arzneiformen und deren Anwendung.,,,,
Lebensmitteltechnologie (B.Sc.),Hochschule Fulda,LT1273,Fundamentals of Pharmaceutics and Pharmacology,3,Die Studierenden verfügen über Kenntnisse der grundlegenden pharmazeutischen Arbeitsweisen und Prozesse.,,,,
Lebensmitteltechnologie (B.Sc.),Hochschule Fulda,LT1273,Fundamentals of Pharmaceutics and Pharmacology,4,Die Studierenden entwickeln ein grundlegendes Verständnis für die Prinzipien der Pharmakologie.,,,,
Lebensmitteltechnologie (B.Sc.),Hochschule Fulda,LT1273,Fundamentals of Pharmaceutics and Pharmacology,5,Die Studierenden erkennen den Zusammenhang zwischen Pharmakologie und Arzneiform.,,,,
Lebensmitteltechnologie (B.Sc.),Hochschule Fulda,LT1052,Produktentwicklung,1,Die Studierenden sollen die theoretischen Grundlagen im Prozess der Produktentwicklung von Lebensmitteln sowie die wichtigsten Aspekte der Produktentwicklung kennen.,,,,
Lebensmitteltechnologie (B.Sc.),Hochschule Fulda,LT1052,Produktentwicklung,2,"Die Studierenden erlangen Kenntnisse zur Ideenfindung, Planung und Durchführung einer Produktentwicklung am Beispiel eines Lebensmittels.",,,,
Lebensmitteltechnologie (B.Sc.),Hochschule Fulda,LT1052,Produktentwicklung,3,"Die Studierenden sind in der Lage, diese Kenntnisse in Teamarbeit in die Praxis umzusetzen.",,,,
Lebensmitteltechnologie (B.Sc.),Hochschule Fulda,LT1052,Produktentwicklung,4,Die Studierenden können die entsprechenden Prozesse und Aufgaben in den Rahmen des Innovationsmanagements einordnen.,,,,
Lebensmitteltechnologie (B.Sc.),Hochschule Fulda,LT1259,Product Development,1,Die Studierenden sollen die theoretischen Grundlagen im Prozess der Produktentwicklung von Lebensmitteln sowie die wichtigsten Aspekte der Produktentwicklung kennen.,,,,
Lebensmitteltechnologie (B.Sc.),Hochschule Fulda,LT1259,Product Development,2,"Die Studierenden erlangen Kenntnisse zur Ideenfindung, Planung und Durchführung einer Produktentwicklung am Beispiel eines Lebensmittels.",,,,
Lebensmitteltechnologie (B.Sc.),Hochschule Fulda,LT1259,Product Development,3,"Die Studierenden sind in der Lage, diese Kenntnisse in Teamarbeit in die Praxis umzusetzen.",,,,
Lebensmitteltechnologie (B.Sc.),Hochschule Fulda,LT1259,Product Development,4,Die Studierenden können die entsprechenden Prozesse und Aufgaben in den Rahmen des Innovationsmanagements einordnen.,,,,
Lebensmitteltechnologie (B.Sc.),Hochschule Fulda,LT1054,Umwelttechnik und Umweltrecht,1,"Die Studierenden wissen um die Bedeutung der Umwelt, Umwelttechnik für die Lebensmittelherstellung.",,,,
Lebensmitteltechnologie (B.Sc.),Hochschule Fulda,LT1054,Umwelttechnik und Umweltrecht,2,"Die Studierenden können auf der Basis intensiv behandelter Umweltschutzverfahren selbstständig industrielle Anlagen und Lösungskonzepte verstehen, beurteilen und in Grundzügen entwickeln.",,,,
Lebensmitteltechnologie (B.Sc.),Hochschule Fulda,LT1054,Umwelttechnik und Umweltrecht,3,Die Studierenden kennen die Grundlagen der regenerativen Energieerzeugung.,,,,
Lebensmitteltechnologie (B.Sc.),Hochschule Fulda,LT1054,Umwelttechnik und Umweltrecht,4,Die Studierenden kennen und verstehen die rechtlichen Grundlagen.,,,,
Lebensmitteltechnologie (B.Sc.),Hochschule Fulda,LT1054,Umwelttechnik und Umweltrecht,5,Die Studierenden können einfache rechtliche und technische Problemstellungen bewerten und schwierige Problemstellungen mit Fachleuten erörtern.,,,,
Lebensmitteltechnologie (B.Sc.),Hochschule Fulda,LT1260,Environmental Technology and Law,1,"Die Studierenden wissen um die Bedeutung der Umwelt, Umwelttechnik für die Lebensmittelherstellung.",,,,
Lebensmitteltechnologie (B.Sc.),Hochschule Fulda,LT1260,Environmental Technology and Law,2,"Die Studierenden können auf der Basis intensiv behandelter Umweltschutzverfahren selbstständig industrielle Anlagen und Lösungskonzepte verstehen, beurteilen und in Grundzügen entwickeln.",,,,
Lebensmitteltechnologie (B.Sc.),Hochschule Fulda,LT1260,Environmental Technology and Law,3,Die Studierenden kennen die Grundlagen der regenerativen Energieerzeugung.,,,,
Lebensmitteltechnologie (B.Sc.),Hochschule Fulda,LT1260,Environmental Technology and Law,4,Die Studierenden kennen und verstehen die rechtlichen Grundlagen.,,,,
Lebensmitteltechnologie (B.Sc.),Hochschule Fulda,LT1260,Environmental Technology and Law,5,Die Studierenden können einfache rechtliche und technische Problemstellungen bewerten und schwierige Problemstellungen mit Fachleuten erörtern.,,,,
Lebensmitteltechnologie (B.Sc.),Hochschule Fulda,LT1055,Lebensmitteltechnologie unter Betonung ernährungsphysi-,1,Die Studierenden haben Kenntnisse zu Veränderungen von Nährstoffen bei der Verarbeitung von Lebensmitteln.,,,,
Lebensmitteltechnologie (B.Sc.),Hochschule Fulda,LT1055,Lebensmitteltechnologie unter Betonung ernährungsphysi-,2,"Die Studierenden sind in der Lage, Produktentwicklungsvorhaben mit nährwertmodifizierenden Zielsetzungen zu planen und durchzuführen.",,,,
Lebensmitteltechnologie (B.Sc.),Hochschule Fulda,LT1055,Lebensmitteltechnologie unter Betonung ernährungsphysi-,3,Die Studierenden können ein Projekt im Team bearbeiten.,,,,
Lebensmitteltechnologie (B.Sc.),Hochschule Fulda,LT1261,Nutritional Aspects of Food Technology,1,Die Studierenden haben Kenntnisse zu Veränderungen von Nährstoffen bei der Verarbeitung von Lebensmitteln.,,,,
Lebensmitteltechnologie (B.Sc.),Hochschule Fulda,LT1261,Nutritional Aspects of Food Technology,2,"Die Studierenden sind in der Lage, Produktentwicklungsvorhaben mit nährwertmodifizierenden Zielsetzungen zu planen und durchzuführen.",,,,
Lebensmitteltechnologie (B.Sc.),Hochschule Fulda,LT1261,Nutritional Aspects of Food Technology,3,Die Studierenden können ein Projekt im Team bearbeiten.,,,,
Lebensmitteltechnologie (B.Sc.),Hochschule Fulda,LT1314,Molekularbiologie und Gentechnik,1,"Die Studierenden kennen die grundlegenden Konzepte der Molekularbiologie und Gentechnik, können sie einordnen und gezielt wiedergeben.",,,,
Lebensmitteltechnologie (B.Sc.),Hochschule Fulda,LT1314,Molekularbiologie und Gentechnik,2,Die Studierenden kennen klassische und moderne Methoden der Gentechnik und können sie praktisch anwenden.,,,,
Lebensmitteltechnologie (B.Sc.),Hochschule Fulda,LT1314,Molekularbiologie und Gentechnik,3,Die Studierenden können Techniken der Molekularbiologie und Gentechnologie erläutern und deren Ergebnisse interpretieren.,,,,
Lebensmitteltechnologie (B.Sc.),Hochschule Fulda,LT1314,Molekularbiologie und Gentechnik,4,Die Studierenden können die Chancen und Gefahren der Gentechnik differenziert beurteilen.,,,,
Lebensmitteltechnologie (B.Sc.),Hochschule Fulda,LT1315,Molecular biology and genetic engineering,1,"Die Studierenden kennen die grundlegenden Konzepte der Molekularbiologie und Gentechnik, können sie einordnen und gezielt wiedergeben.",,,,
Lebensmitteltechnologie (B.Sc.),Hochschule Fulda,LT1315,Molecular biology and genetic engineering,2,Die Studierenden kennen klassische und moderne Methoden der Gentechnik und können sie praktisch anwenden.,,,,
Lebensmitteltechnologie (B.Sc.),Hochschule Fulda,LT1315,Molecular biology and genetic engineering,3,Die Studierenden können Techniken der Molekularbiologie und Gentechnologie erläutern und deren Ergebnisse interpretieren.,,,,
Lebensmitteltechnologie (B.Sc.),Hochschule Fulda,LT1315,Molecular biology and genetic engineering,4,Die Studierenden können die Chancen und Gefahren der Gentechnik differenziert beurteilen.,,,,
Lebensmitteltechnologie (B.Sc.),Hochschule Fulda,LT1200,Kostenmanagement/Controlling,1,Die Studierenden verstehen die Aufgabe und Funktionsweise des Controllings und können dies in Beziehung zum Rechnungswesen setzen,,,,
Lebensmitteltechnologie (B.Sc.),Hochschule Fulda,LT1200,Kostenmanagement/Controlling,2,Die Studierenden können situationsbezogen Controllinginstrumente zur Entscheidungsunterstützung in Unternehmen auswählen und einsetzen,,,,
Lebensmitteltechnologie (B.Sc.),Hochschule Fulda,LT1200,Kostenmanagement/Controlling,3,"Die Studierenden verstehen den Aufbau der Kosten- und Erlösrechnung, insbesondere die verschiedenen Teilrechnungen",,,,
Lebensmitteltechnologie (B.Sc.),Hochschule Fulda,LT1200,Kostenmanagement/Controlling,4,Die Studierenden können kostenbasierte Entscheidungen in praxisbezogenen Anwendungssituationen treffen.,,,,
Lebensmitteltechnologie (B.Sc.),Hochschule Fulda,LT1200,Kostenmanagement/Controlling,5,Die Studierenden analysieren Kosten- und Erlösstrukturen anhand praxisbezogener Fallbeispiele,,,,
Lebensmitteltechnologie (B.Sc.),Hochschule Fulda,LT1200,Kostenmanagement/Controlling,6,Die Studierenden kennen aktuelle Weiterentwicklungen des Kostenmanagements und des Controllings,,,,
Lebensmitteltechnologie (B.Sc.),Hochschule Fulda,LT1267,Cost Accounting/Managerial Accounting,1,Die Studierenden verstehen die Aufgabe und Funktionsweise des Controllings und können dies in Beziehung zum Rechnungswesen setzen,,,,
Lebensmitteltechnologie (B.Sc.),Hochschule Fulda,LT1267,Cost Accounting/Managerial Accounting,2,Die Studierenden können situationsbezogen Controllinginstrumente zur Entscheidungsunterstützung in Unternehmen auswählen und einsetzen,,,,
Lebensmitteltechnologie (B.Sc.),Hochschule Fulda,LT1267,Cost Accounting/Managerial Accounting,3,"Die Studierenden verstehen den Aufbau der Kosten- und Erlösrechnung, insbesondere die verschiedenen Teilrechnungen",,,,
Lebensmitteltechnologie (B.Sc.),Hochschule Fulda,LT1267,Cost Accounting/Managerial Accounting,4,Die Studierenden können kostenbasierte Entscheidungen in praxisbezogenen Anwendungssituationen treffen.,,,,
Lebensmitteltechnologie (B.Sc.),Hochschule Fulda,LT1267,Cost Accounting/Managerial Accounting,5,Die Studierenden analysieren Kosten- und Erlösstrukturen anhand praxisbezogener Fallbeispiele,,,,
Lebensmitteltechnologie (B.Sc.),Hochschule Fulda,LT1267,Cost Accounting/Managerial Accounting,6,Die Studierenden kennen aktuelle Weiterentwicklungen des Kostenmanagements und des Controllings,,,,
Lebensmitteltechnologie (B.Sc.),Hochschule Fulda,LT1201,Lebensmittelverfahrenstechnik,1,Die Studierenden verstehen tiefergreifend ausgewählte Unit Operations mit Fokus auf Lebensmittelprozesse.,,,,
Lebensmitteltechnologie (B.Sc.),Hochschule Fulda,LT1201,Lebensmittelverfahrenstechnik,2,Sie können die Gleichungen für die Unit Operations teilweise herleiten und diese auf Grund des tiefreichenden Verständnisses weitergehend und frei anwenden.,,,,
Lebensmitteltechnologie (B.Sc.),Hochschule Fulda,LT1201,Lebensmittelverfahrenstechnik,3,Die Studierenden können kleinere Projekte zur Berechnung und Auslegung von Apparaten/Verfahren zur Lebensmittelverfahrenstechnik selbstständig durchführen. − Versuche können frei geplant und selbstständig durchgeführt werden. − Modellrechnungen können in eingeschränktem Rahmen entwickelt werden.,,,,
Lebensmitteltechnologie (B.Sc.),Hochschule Fulda,LT1201,Lebensmittelverfahrenstechnik,4,"Versuchsergebnisse und Modellvorstellungen werden genutzt, um Auslegungs- bzw. Scale-upRechnungen durchzuführen.",,,,
Lebensmitteltechnologie (B.Sc.),Hochschule Fulda,LT1201,Lebensmittelverfahrenstechnik,5,Die Studierenden beherrschen die Grundlagen der verfahrenstechnischen Zusammenhänge zur Führung von einfachen Prozessen zur Herstellung von Lebensmitteln.,,,,
Lebensmitteltechnologie (B.Sc.),Hochschule Fulda,LT1268,Food Process Engineering,1,Die Studierenden verstehen tiefergreifend ausgewählte Unit Operations mit Fokus auf Lebensmittelprozesse.,,,,
Lebensmitteltechnologie (B.Sc.),Hochschule Fulda,LT1268,Food Process Engineering,2,Sie können die Gleichungen für die Unit Operations teilweise herleiten und diese auf Grund des tiefreichenden Verständnisses weitergehend und frei anwenden.,,,,
Lebensmitteltechnologie (B.Sc.),Hochschule Fulda,LT1268,Food Process Engineering,3,Die Studierenden können kleinere Projekte zur Berechnung und Auslegung von Apparaten/Verfahren zur Lebensmittelverfahrenstechnik selbstständig durchführen. − Versuche können frei geplant und selbstständig durchgeführt werden. − Modellrechnungen können in eingeschränktem Rahmen entwickelt werden.,,,,
Lebensmitteltechnologie (B.Sc.),Hochschule Fulda,LT1268,Food Process Engineering,4,"Versuchsergebnisse und Modellvorstellungen werden genutzt, um Auslegungs- bzw. Scale-upRechnungen durchzuführen.",,,,
Lebensmitteltechnologie (B.Sc.),Hochschule Fulda,LT1268,Food Process Engineering,5,Die Studierenden beherrschen die Grundlagen der verfahrenstechnischen Zusammenhänge zur Führung von einfachen Prozessen zur Herstellung von Lebensmitteln.,,,,
Lebensmitteltechnologie (B.Sc.),Hochschule Fulda,LT1379,Bioverfahrenstechnik,1,"Die Studierenden sind in der Lage, biotechnologische Reaktoren für verschiedene Anwendungen zu wählen und anhand ihrer Vor- und Nachteile zielgerichtet einzusetzen.",,,,
Lebensmitteltechnologie (B.Sc.),Hochschule Fulda,LT1379,Bioverfahrenstechnik,2,Die Studierenden verstehen das Vorgehen beim Hochskalieren von Bioreaktoren.,,,,
Lebensmitteltechnologie (B.Sc.),Hochschule Fulda,LT1379,Bioverfahrenstechnik,3,Die Studierenden kennen grundlegende Elemente der Steuerung und Apparatetechnik einer biotechnologischen Produktionslinie.,,,,
Lebensmitteltechnologie (B.Sc.),Hochschule Fulda,LT1380,Bioprocess Engineering,1,"Die Studierenden sind in der Lage, biotechnologische Reaktoren für verschiedene Anwendungen zu wählen und anhand ihrer Vor- und Nachteile zielgerichtet einzusetzen.",,,,
Lebensmitteltechnologie (B.Sc.),Hochschule Fulda,LT1380,Bioprocess Engineering,2,Die Studierenden verstehen das Vorgehen beim Hochskalieren von Bioreaktoren.,,,,
Lebensmitteltechnologie (B.Sc.),Hochschule Fulda,LT1380,Bioprocess Engineering,3,Die Studierenden kennen grundlegende Elemente der Steuerung und Apparatetechnik einer biotechnologischen Produktionslinie.,,,,
Lebensmitteltechnologie (B.Sc.),Hochschule Fulda,LT1043,Pharmazeutische Technologie,1,Die Studierenden können technische und naturwissenschaftliche Grundlagen der pharmazeutischen Technologie verstehen und anwenden.,,,,
Lebensmitteltechnologie (B.Sc.),Hochschule Fulda,LT1043,Pharmazeutische Technologie,2,"Die Studierenden können Prozessschritte und Abläufe bei der Entwicklung, Herstellung und Prüfung von Arzneimitteln erkennen, erklären und anwenden.",,,,
Lebensmitteltechnologie (B.Sc.),Hochschule Fulda,LT1043,Pharmazeutische Technologie,3,Die Studierenden können pharmazeutische Vorgangsweisen und Prozesse überblicken.,,,,
Lebensmitteltechnologie (B.Sc.),Hochschule Fulda,LT1043,Pharmazeutische Technologie,4,Die Studierenden sind zu selbstständiger Arbeit in der Formulierungsentwicklung und der Herstellung sowie Prüfung von Arzneimitteln befähigt.,,,,
Lebensmitteltechnologie (B.Sc.),Hochschule Fulda,LT1263,Pharmaceutical Technology,1,Die Studierenden können technische und naturwissenschaftliche Grundlagen der pharmazeutischen Technologie verstehen und anwenden.,,,,
Lebensmitteltechnologie (B.Sc.),Hochschule Fulda,LT1263,Pharmaceutical Technology,2,"Die Studierenden können Prozessschritte und Abläufe bei der Entwicklung, Herstellung und Prüfung von Arzneimitteln erkennen, erklären und anwenden.",,,,
Lebensmitteltechnologie (B.Sc.),Hochschule Fulda,LT1263,Pharmaceutical Technology,3,Die Studierenden können pharmazeutische Vorgangsweisen und Prozesse überblicken.,,,,
Lebensmitteltechnologie (B.Sc.),Hochschule Fulda,LT1263,Pharmaceutical Technology,4,Die Studierenden sind zu selbstständiger Arbeit in der Formulierungsentwicklung und der Herstellung sowie Prüfung von Arzneimitteln befähigt.,,,,
Lebensmitteltechnologie (B.Sc.),Hochschule Fulda,LT1045,Lebensmittelanalytik,1,Die Studierenden erwerben einen Überblick über wichtige physikalisch-chemische und biochemische Analysenverfahren.,,,,
Lebensmitteltechnologie (B.Sc.),Hochschule Fulda,LT1045,Lebensmittelanalytik,2,Die Studierenden erreichen ein Verständnis für Möglichkeiten und Grenzen der modernen Lebensmittelanalytik.,,,,
Lebensmitteltechnologie (B.Sc.),Hochschule Fulda,LT1045,Lebensmittelanalytik,3,"Die Studierenden sind in der Lage, sich weitgehend selbstständig in eine Aufgabenstellung hineinzudenken und diese in Teamarbeit erfolgreich zu bearbeiten.",,,,
Lebensmitteltechnologie (B.Sc.),Hochschule Fulda,LT1045,Lebensmittelanalytik,4,"Die Studierenden können die erzielten Ergebnisse kritisch beurteilen sowie schriftlich und mündlich darstellen, wobei die Prinzipien des wissenschaftlichen Arbeitens berücksichtigt werden.",,,,
Lebensmitteltechnologie (B.Sc.),Hochschule Fulda,LT1264,Food Analysis,1,Die Studierenden erwerben einen Überblick über wichtige physikalisch-chemische und biochemische Analysenverfahren.,,,,
Lebensmitteltechnologie (B.Sc.),Hochschule Fulda,LT1264,Food Analysis,2,Die Studierenden erreichen ein Verständnis für Möglichkeiten und Grenzen der modernen Lebensmittelanalytik.,,,,
Lebensmitteltechnologie (B.Sc.),Hochschule Fulda,LT1264,Food Analysis,3,"Die Studierenden sind in der Lage, sich weitgehend selbstständig in eine Aufgabenstellung hineinzudenken und diese in Teamarbeit erfolgreich zu bearbeiten.",,,,
Lebensmitteltechnologie (B.Sc.),Hochschule Fulda,LT1264,Food Analysis,4,"Die Studierenden können die erzielten Ergebnisse kritisch beurteilen sowie schriftlich und mündlich darstellen, wobei die Prinzipien des wissenschaftlichen Arbeitens berücksichtigt werden.",,,,
Lebensmitteltechnologie (B.Sc.),Hochschule Fulda,LT1046,"Mess-, Steuer-, Regelungstechnik",1,Die Studierenden kennen die grundlegenden Messtechniken der Elektrotechnik.,,,,
Lebensmitteltechnologie (B.Sc.),Hochschule Fulda,LT1046,"Mess-, Steuer-, Regelungstechnik",2,Die Studierenden kennen die Eigenschaften von wichtigen Sensoren.,,,,
Lebensmitteltechnologie (B.Sc.),Hochschule Fulda,LT1046,"Mess-, Steuer-, Regelungstechnik",3,Die Studierenden verfügen über grundlegende Kenntnisse in der Steuerungs- und Regelungstechnik.,,,,
Lebensmitteltechnologie (B.Sc.),Hochschule Fulda,LT1046,"Mess-, Steuer-, Regelungstechnik",4,Die Studierenden können Lösungen für spezielle Anwendungen entwickeln und Lösungsvorschläge bewerten.,,,,
Lebensmitteltechnologie (B.Sc.),Hochschule Fulda,LT1265,Measurement and Control Engineering,1,Die Studierenden kennen die grundlegenden Messtechniken der Elektrotechnik.,,,,
Lebensmitteltechnologie (B.Sc.),Hochschule Fulda,LT1265,Measurement and Control Engineering,2,Die Studierenden kennen die Eigenschaften von wichtigen Sensoren.,,,,
Lebensmitteltechnologie (B.Sc.),Hochschule Fulda,LT1265,Measurement and Control Engineering,3,Die Studierenden verfügen über grundlegende Kenntnisse in der Steuerungs- und Regelungstechnik.,,,,
Lebensmitteltechnologie (B.Sc.),Hochschule Fulda,LT1265,Measurement and Control Engineering,4,Die Studierenden können Lösungen für spezielle Anwendungen entwickeln und Lösungsvorschläge bewerten.,,,,
Lebensmitteltechnologie (B.Sc.),Hochschule Fulda,LT1082,Kälte- und Wärmetechnik,1,Die Studierenden verfügen über ein Grundverständnis von wärme- und kältetechnischen Prozessen.,,,,
Lebensmitteltechnologie (B.Sc.),Hochschule Fulda,LT1082,Kälte- und Wärmetechnik,2,Die Studierenden kennen die apparativen Grundoperationen und können diese anwenden.,,,,
Lebensmitteltechnologie (B.Sc.),Hochschule Fulda,LT1082,Kälte- und Wärmetechnik,3,Die Studierenden sind in der Lage einfache wärme- und kältetechnische Anlagen zu berechnen und auszulegen.,,,,
Lebensmitteltechnologie (B.Sc.),Hochschule Fulda,LT1082,Kälte- und Wärmetechnik,4,Die Studierenden verstehen prinzipielle Zusammenhänge der Betriebsparameter bei wärme- und kältetechnischen Verfahren.,,,,
Lebensmitteltechnologie (B.Sc.),Hochschule Fulda,LT1266,Refrigeration Technology and Thermal Processing,1,Die Studierenden verfügen über ein Grundverständnis von wärme- und kältetechnischen Prozessen.,,,,
Lebensmitteltechnologie (B.Sc.),Hochschule Fulda,LT1266,Refrigeration Technology and Thermal Processing,2,Die Studierenden kennen die apparativen Grundoperationen und können diese anwenden.,,,,
Lebensmitteltechnologie (B.Sc.),Hochschule Fulda,LT1266,Refrigeration Technology and Thermal Processing,3,Die Studierenden sind in der Lage einfache wärme- und kältetechnische Anlagen zu berechnen und auszulegen.,,,,
Lebensmitteltechnologie (B.Sc.),Hochschule Fulda,LT1266,Refrigeration Technology and Thermal Processing,4,Die Studierenden verstehen prinzipielle Zusammenhänge der Betriebsparameter bei wärme- und kältetechnischen Verfahren.,,,,
Lebensmitteltechnologie (B.Sc.),Hochschule Fulda,LT1320,Aktuelle Themen der Biotechnologie,1,Die Studierenden kennen aktuelle Entwicklungen in der Biotechnologie,,,,
Lebensmitteltechnologie (B.Sc.),Hochschule Fulda,LT1320,Aktuelle Themen der Biotechnologie,2,Die Studierenden verstehen neuste biotechnologischen Verfahren und können diese deuten und kritisch einordnet,,,,
Lebensmitteltechnologie (B.Sc.),Hochschule Fulda,LT1320,Aktuelle Themen der Biotechnologie,3,Die Studierenden können selbstständig aktuelle wissenschaftliche Texte erarbeiten,,,,
Lebensmitteltechnologie (B.Sc.),Hochschule Fulda,LT1321,Current Topics in Biotechnology,1,Die Studierenden kennen aktuelle Entwicklungen in der Biotechnologie,,,,
Lebensmitteltechnologie (B.Sc.),Hochschule Fulda,LT1321,Current Topics in Biotechnology,2,Die Studierenden verstehen neuste biotechnologischen Verfahren und können diese deuten und kritisch einordnet,,,,
Lebensmitteltechnologie (B.Sc.),Hochschule Fulda,LT1321,Current Topics in Biotechnology,3,Die Studierenden können selbstständig aktuelle wissenschaftliche Texte erarbeiten,,,,
Lebensmitteltechnologie (B.Sc.),Hochschule Fulda,LT1381,Umweltbiotechnologie,1,Die Studierenden kennen grundlegende Anwendungen im Bereich der grauen Biotechnologie.,,,,
Lebensmitteltechnologie (B.Sc.),Hochschule Fulda,LT1381,Umweltbiotechnologie,2,Die Studierenden verstehen das besondere Potential biotechnologischer Prozesse im Bereich einer effizienten Ressourcennutzung und des Umweltschutzes.,,,,
Lebensmitteltechnologie (B.Sc.),Hochschule Fulda,LT1381,Umweltbiotechnologie,3,"Die Studierenden sind in der Lage, Prozesse im Bereich der grauen Biotechnologie zu planen und umzusetzen.",,,,
Lebensmitteltechnologie (B.Sc.),Hochschule Fulda,LT1382,Environmental Biotechnology,1,Die Studierenden kennen grundlegende Anwendungen im Bereich der grauen Biotechnologie.,,,,
Lebensmitteltechnologie (B.Sc.),Hochschule Fulda,LT1382,Environmental Biotechnology,2,Die Studierenden verstehen das besondere Potential biotechnologischer Prozesse im Bereich einer effizienten Ressourcennutzung und des Umweltschutzes.,,,,
Lebensmitteltechnologie (B.Sc.),Hochschule Fulda,LT1382,Environmental Biotechnology,3,"Die Studierenden sind in der Lage, Prozesse im Bereich der grauen Biotechnologie zu planen und umzusetzen.",,,,
Lebensmitteltechnologie (B.Sc.),Hochschule Fulda,LT1360,Grundlagen der Informatik,1,Die Studierenden kennen die Grundlagen der Informationsrepräsentation und Informationsverarbeitung.,,,,
Lebensmitteltechnologie (B.Sc.),Hochschule Fulda,LT1360,Grundlagen der Informatik,2,Die Studierenden kennen wichtige Rechnerkomponenten und deren Funktionsprinzipien.,,,,
Lebensmitteltechnologie (B.Sc.),Hochschule Fulda,LT1360,Grundlagen der Informatik,3,Die Studierenden kennen Grundprinzipien der Programmierung und des Softwareentwurfs.,,,,
Lebensmitteltechnologie (B.Sc.),Hochschule Fulda,LT1360,Grundlagen der Informatik,4,Die Studierenden beherrschen grundlegende Programmiertechniken und haben Basiswissen über Datenstrukturen und Algorithmen.,,,,
Lebensmitteltechnologie (B.Sc.),Hochschule Fulda,LT1360,Grundlagen der Informatik,5,Die Studierenden können elementare Algorithmen erklären und für einfache Probleme selbst entwickeln.,,,,
Lebensmitteltechnologie (B.Sc.),Hochschule Fulda,LT1360,Grundlagen der Informatik,6,Die Studierenden verfügen über ein fundiertes Grundwissen über die Konzepte einer höheren Programmiersprache.,,,,
Lebensmitteltechnologie (B.Sc.),Hochschule Fulda,LT1360,Grundlagen der Informatik,7,"Die Studierenden können Programmcode analysieren, Fehler identifizieren und korrigieren.",,,,
Lebensmitteltechnologie (B.Sc.),Hochschule Fulda,LT1360,Grundlagen der Informatik,8,Die Studierenden können Programme in einer höheren Programmiersprache selbstständig entwerfen und implementieren.,,,,
Lebensmitteltechnologie (B.Sc.),Hochschule Fulda,LT1360,Grundlagen der Informatik,9,Die Studierenden können einfache Programmieraufgaben mithilfe der Programmiersprache lösen.,,,,
Lebensmitteltechnologie (B.Sc.),Hochschule Fulda,LT1359,Fundamentals of Computer Science,1,Die Studierenden kennen die Grundlagen der Informationsrepräsentation und Informationsverarbeitung.,,,,
Lebensmitteltechnologie (B.Sc.),Hochschule Fulda,LT1359,Fundamentals of Computer Science,2,Die Studierenden kennen wichtige Rechnerkomponenten und deren Funktionsprinzipien.,,,,
Lebensmitteltechnologie (B.Sc.),Hochschule Fulda,LT1359,Fundamentals of Computer Science,3,Die Studierenden kennen Grundprinzipien der Programmierung und des Softwareentwurfs.,,,,
Lebensmitteltechnologie (B.Sc.),Hochschule Fulda,LT1359,Fundamentals of Computer Science,4,Die Studierenden beherrschen grundlegende Programmiertechniken und haben Basiswissen über Datenstrukturen und Algorithmen.,,,,
Lebensmitteltechnologie (B.Sc.),Hochschule Fulda,LT1359,Fundamentals of Computer Science,5,Die Studierenden können elementare Algorithmen erklären und für einfache Probleme selbst entwickeln.,,,,
Lebensmitteltechnologie (B.Sc.),Hochschule Fulda,LT1359,Fundamentals of Computer Science,6,Die Studierenden verfügen über ein fundiertes Grundwissen über die Konzepte einer höheren Programmiersprache.,,,,
Lebensmitteltechnologie (B.Sc.),Hochschule Fulda,LT1359,Fundamentals of Computer Science,7,"Die Studierenden können Programmcode analysieren, Fehler identifizieren und korrigieren.",,,,
Lebensmitteltechnologie (B.Sc.),Hochschule Fulda,LT1359,Fundamentals of Computer Science,8,Die Studierenden können Programme in einer höheren Programmiersprache selbstständig entwerfen und implementieren.,,,,
Lebensmitteltechnologie (B.Sc.),Hochschule Fulda,LT1359,Fundamentals of Computer Science,9,Die Studierenden können einfache Programmieraufgaben mithilfe der Programmiersprache lösen.,,,,
Lebensmitteltechnologie (B.Sc.),Hochschule Fulda,LT1383,Synthetische Biologie,1,Die Studierenden kennen die Grundlagen und Methoden der synthetischen Biologie.,,,,
Lebensmitteltechnologie (B.Sc.),Hochschule Fulda,LT1383,Synthetische Biologie,2,Die Studierenden können das Potenzial der synthetischen Biologie für verschiedene Bereiche der Biotechnologie einschätzen und kritisch bewerten.,,,,
Lebensmitteltechnologie (B.Sc.),Hochschule Fulda,LT1384,Synthetic biology,1,Die Studierenden kennen die Grundlagen und Methoden der synthetischen Biologie.,,,,
Lebensmitteltechnologie (B.Sc.),Hochschule Fulda,LT1384,Synthetic biology,2,Die Studierenden können das Potenzial der synthetischen Biologie für verschiedene Bereiche der Biotechnologie einschätzen und kritisch bewerten.,,,,
Lebensmitteltechnologie (B.Sc.),Hochschule Fulda,LT1397,Auslandsmodul I,1,"Die Studierenden sind nach Abschluss des Moduls in der Lage, im Rahmen des Auslandsstudiums erworbene Kenntnisse im Bereich der Lebensmitteltechnologie (LT, WIng (LT)), der Biotechnologie (IBT, WIng (IBT)) oder der Betriebswirtschaft (WIng (LT), WIng (IBT)) anzuwenden und auf bereits erworbene Lerninhalte zu übertragen.",,,,
Lebensmitteltechnologie (B.Sc.),Hochschule Fulda,LT1397,Auslandsmodul I,2,"Die Studierenden entwickeln und validieren Fach-, Methoden-, Selbst- und Sozialkompetenz in einem internationalen bzw. fremdkulturellen Studienkontext.",,,,
Lebensmitteltechnologie (B.Sc.),Hochschule Fulda,LT1398,Auslandsmodul II,1,"Die Studierenden sind nach Abschluss des Moduls in der Lage, im Rahmen des Auslandsstudiums erworbene Kenntnisse im Bereich der Lebensmitteltechnologie (LT, WIng (LT)), der Biotechnologie (IBT, WIng (IBT)) oder der Betriebswirtschaft (WIng (LT), WIng (IBT)) anzuwenden und auf bereits erworbene Lerninhalte zu übertragen.",,,,
Lebensmitteltechnologie (B.Sc.),Hochschule Fulda,LT1398,Auslandsmodul II,2,"Die Studierenden entwickeln und validieren Fach-, Methoden-, Selbst- und Sozialkompetenz in einem internationalen bzw. fremdkulturellen Studienkontext.",,,,
Lebensmitteltechnologie (B.Sc.),Hochschule Fulda,LT1001,Interkulturelle Kompetenz,1,"Die Studierenden lernen den Umgang mit anderen Kulturen, indem sie für deren charakteristische Eigenschaften sensibilisiert werden.",,,,
Lebensmitteltechnologie (B.Sc.),Hochschule Fulda,LT1001,Interkulturelle Kompetenz,2,Die Studierenden lernen Unterschiede und Gemeinsamkeiten zwischen Kulturen kennen.,,,,
Lebensmitteltechnologie (B.Sc.),Hochschule Fulda,LT1001,Interkulturelle Kompetenz,3,Die Studierenden lernen den Umgang mit Konflikten und Vorurteilen zwischen Kulturen.,,,,
Lebensmitteltechnologie (B.Sc.),Hochschule Fulda,LT1001,Interkulturelle Kompetenz,4,"Die Studierenden werden mit verschiedenen Situationen, Theorien und Übungen zum Erlernen interkultureller Kompetenz konfrontiert und so für interkulturelle Begegnungen sensibilisiert.",,,,
Lebensmitteltechnologie (B.Sc.),Hochschule Fulda,LT1001,Interkulturelle Kompetenz,5,Die Studierenden werden auf künftige Auslandsaufenthalte im Studium und Beruf bzw. die Zusammenarbeit mit multikulturellen Arbeitsgruppen vorbereitet.,,,,
Lebensmitteltechnologie (B.Sc.),Hochschule Fulda,LT1001,Interkulturelle Kompetenz,6,Die Studierenden reflektieren auf diese Weise auch die Charakteristika der eigenen Kultur und erkennen mögliche Reibungspunkte mit anderen Kulturen.,,,,
Lebensmitteltechnologie (B.Sc.),Hochschule Fulda,LT1001,Interkulturelle Kompetenz,1,Die Studierenden erweitern in Vorbereitung auf den zweisemestrigen Auslandsaufenthalt im Rahmen des erweiterten Bachelor-Studiengangs Lebensmitteltechnologie PLUS ihre sprachlichen Kenntnisse,,,,
Mechatronik (B.Sc.),Hochschule Fulda,ET1000,Mathematik 1,1,"die wichtigen Begriffe der Mathematik (z.B. Zahlenmengen, Funktionen, Folgen) und der analytischen Geometrie und linearen Algebra (z.B. Vektoren, Matrizen) zu verstehen",,,,
Mechatronik (B.Sc.),Hochschule Fulda,ET1000,Mathematik 1,2,die grundlegenden Techniken und Methoden zur Lösung von Gleichungen und zur Untersuchung von Funktionen zu beherrschen,,,,
Mechatronik (B.Sc.),Hochschule Fulda,ET1000,Mathematik 1,3,die Funktionen zu analysieren und ihre Eigenschaften zur Lösung verschiedener Probleme anzuwenden,,,,
Mechatronik (B.Sc.),Hochschule Fulda,ET1002,Grundlagen der Elektrotechnik 1 – Gleichstromnetzwerke,1,die wichtigsten passiven elektrotechnischen Bauelemente zu benennen und zu erklären,,,,
Mechatronik (B.Sc.),Hochschule Fulda,ET1002,Grundlagen der Elektrotechnik 1 – Gleichstromnetzwerke,2,Verfahren zur Berechnung linearer elektrischer Netzwerke anzuwenden,,,,
Mechatronik (B.Sc.),Hochschule Fulda,ET1002,Grundlagen der Elektrotechnik 1 – Gleichstromnetzwerke,3,nichtlineare Netzwerke grundlegend zu beschreiben und zu berechnen,,,,
Mechatronik (B.Sc.),Hochschule Fulda,ET1599,Physik,1,mit der Dynamik eines Massepunktes umzugehen und einfache Probleme der Newtonschen Mechanik (eines Massepunktes) zu berechnen,,,,
Mechatronik (B.Sc.),Hochschule Fulda,ET1599,Physik,2,Trägheitsmomente und Drehbewegungen einfacher starrer Körper zu berechnen,,,,
Mechatronik (B.Sc.),Hochschule Fulda,ET1599,Physik,3,die Theorie der Schwingungs- und Wellenvorgänge bei der Lösung einfacher Probleme anzuwenden,,,,
Mechatronik (B.Sc.),Hochschule Fulda,ET1599,Physik,4,Begriffe und Gesetze der technischen Thermodynamik wiederzugeben und anzuwenden,,,,
Mechatronik (B.Sc.),Hochschule Fulda,ET1599,Physik,5,die Grundlagen der spez.,,,,
Mechatronik (B.Sc.),Hochschule Fulda,ET1599,Physik,6,Relativitätstheorie zu beschreiben und den rechnerischen Umgang mit deren technischen Konsequenzen zu nennen,,,,
Mechatronik (B.Sc.),Hochschule Fulda,ET1599,Physik,7,"qualitativ die Physik der Halbleiter, deren Dotierung und den Aufbau eines pn-Übergangs zu erklären und einfache Probleme in diesem Zusammenhang zu lösen",,,,
Mechatronik (B.Sc.),Hochschule Fulda,ET1599,Physik,8,qualitativ die chem.,,,,
Mechatronik (B.Sc.),Hochschule Fulda,ET1599,Physik,9,"Bindungen, die Kristallstrukturen, die Kristallfehler und den Aufbau von Polymeren zu beschreiben",,,,
Mechatronik (B.Sc.),Hochschule Fulda,ET1005,Technische Mechanik 1 – Statik,1,die Grundlagen und Methoden der Statik anzuwenden,,,,
Mechatronik (B.Sc.),Hochschule Fulda,ET1005,Technische Mechanik 1 – Statik,2,abgegrenzte Belastungsaufgaben zu lösen,,,,
Mechatronik (B.Sc.),Hochschule Fulda,ET1005,Technische Mechanik 1 – Statik,3,Aufgaben zur Ermittlung von Schnittgrößen zu erklären und zu lösen,,,,
Mechatronik (B.Sc.),Hochschule Fulda,ET1003,Digitaltechnik und sprachliche Grundlagen,1,einfache Digitalschaltungen zu konstruieren,,,,
Mechatronik (B.Sc.),Hochschule Fulda,ET1003,Digitaltechnik und sprachliche Grundlagen,2,die grundlegenden Konzepte des Aufbaus und der Programmierung von Rechnern wiederzugeben,,,,
Mechatronik (B.Sc.),Hochschule Fulda,ET1010,Grundlagen der Programmierung,1,"Die Teilnehmenden sind in der Lage, in einer imperativen Programmiersprache unter Anwendung der Programmiermethodik kleinere Aufgaben und Probleme programmtechnisch zu lösen.",,,,
Mechatronik (B.Sc.),Hochschule Fulda,ET1006,Mathematik 2,1,die Grundlagen der Differential- und Integralrechnung zu beherrschen und die grundlegenden Techniken anzuwenden,,,,
Mechatronik (B.Sc.),Hochschule Fulda,ET1006,Mathematik 2,2,verschiedene Typen von Differentialgleichungen zu lösen und ihre Bedeutung für Anwendungen zu verstehen,,,,
Mechatronik (B.Sc.),Hochschule Fulda,ET1009,Grundlagen der Elektrotechnik 2 – Wechselstromnetzwerke,1,das Frequenzverhalten einfacher Wechselstromschaltungen zu berechnen,,,,
Mechatronik (B.Sc.),Hochschule Fulda,ET1009,Grundlagen der Elektrotechnik 2 – Wechselstromnetzwerke,2,"Ströme, Spannungen und Leistungen in Mehrphasensystemen zu berechnen",,,,
Mechatronik (B.Sc.),Hochschule Fulda,ET1009,Grundlagen der Elektrotechnik 2 – Wechselstromnetzwerke,3,transiente Vorgänge zu berechnen,,,,
Mechatronik (B.Sc.),Hochschule Fulda,ET1601,Wissenschaftliches Arbeiten und Technisches Englisch,1,"die Methodik für das Anfertigen von wissenschaftlichen Arbeiten aus dem Bereich der Elektrotechnik und Informationstechnik, der Erneuerbaren Energien oder der Mechatronik (je nach Studiengang) anzuwenden.",,,,
Mechatronik (B.Sc.),Hochschule Fulda,ET1601,Wissenschaftliches Arbeiten und Technisches Englisch,2,wissenschaftlicher Frage- und Problemstellungen zu formulieren,,,,
Mechatronik (B.Sc.),Hochschule Fulda,ET1601,Wissenschaftliches Arbeiten und Technisches Englisch,3,mit wissenschaftlichen Quellen zu arbeiten,,,,
Mechatronik (B.Sc.),Hochschule Fulda,ET1601,Wissenschaftliches Arbeiten und Technisches Englisch,4,selbstständig wissenschaftliche Arbeiten nach anerkannten Standards anzufertigen,,,,
Mechatronik (B.Sc.),Hochschule Fulda,ET1601,Wissenschaftliches Arbeiten und Technisches Englisch,5,Arbeitsergebnisse auf Englisch zu präsentieren,,,,
Mechatronik (B.Sc.),Hochschule Fulda,ET1011,Technische Mechanik 2 – Dynamik,1,geometrische und zeitliche Abläufe von Bewegungen und ihre Wechselwirkungen mit Kräften und Momenten zu analysieren,,,,
Mechatronik (B.Sc.),Hochschule Fulda,ET1011,Technische Mechanik 2 – Dynamik,2,die wesentlichen dynamischen Grundgesetze auf einfache Problemstellungen anzuwenden,,,,
Mechatronik (B.Sc.),Hochschule Fulda,ET1011,Technische Mechanik 2 – Dynamik,3,das kinematische und kinetische Verhalten von Punkten und starren Körpern in der Ebene zu beurteilen,,,,
Mechatronik (B.Sc.),Hochschule Fulda,ET1600,Technikprojekt,1,die typischen Aufgaben von Ingenieur*innen wiederzugeben,,,,
Mechatronik (B.Sc.),Hochschule Fulda,ET1600,Technikprojekt,2,die Bedeutung der Technik für Gesellschaft und Wirtschaft zu erklären,,,,
Mechatronik (B.Sc.),Hochschule Fulda,ET1600,Technikprojekt,3,selbstständig und in Teams zu arbeiten,,,,
Mechatronik (B.Sc.),Hochschule Fulda,ET1600,Technikprojekt,4,"eine vorgebebene Aufgabenstellung im Team zu analysieren, zu lösen und zu präsentieren",,,,
Mechatronik (B.Sc.),Hochschule Fulda,ET1600,Technikprojekt,5,naturwissenschaftlich zu denken und methodisch zu arbeiten Die Teilnehmenden beherrschen:,,,,
Mechatronik (B.Sc.),Hochschule Fulda,ET1600,Technikprojekt,6,Grundverständnis für technische und physikalische Zusammenhänge,,,,
Mechatronik (B.Sc.),Hochschule Fulda,ET1600,Technikprojekt,7,Verständnis einfacher elektrischer Schaltungen,,,,
Mechatronik (B.Sc.),Hochschule Fulda,ET1600,Technikprojekt,8,die Erstellung einfacher mechanische Konstruktionen,,,,
Mechatronik (B.Sc.),Hochschule Fulda,ET1600,Technikprojekt,9,die Bedienung von einfachen Messgeräten,,,,
Mechatronik (B.Sc.),Hochschule Fulda,ET1600,Technikprojekt,10,Messungen an einfachen Schaltungen durchzuführen und zu bewerten,,,,
Mechatronik (B.Sc.),Hochschule Fulda,ET1600,Technikprojekt,11,einfache Programmieraufgaben mit einem eingebetteten System zu lösen,,,,
Mechatronik (B.Sc.),Hochschule Fulda,ET1600,Technikprojekt,12,Literatur und Internetrecherche wissenschaftlich fundiert zu nutzen,,,,
Mechatronik (B.Sc.),Hochschule Fulda,ET1600,Technikprojekt,13,methodisches Arbeiten,,,,
Mechatronik (B.Sc.),Hochschule Fulda,ET1588,Xperience Lab 1,1,"Versuchsanordnungen zu ausgewählten Themen der Vorlesungen Grundlagen der Elektrotechnik 1 und 2, Messtechnik und Physik unter Einsatz unterschiedlicher Messmittel und Bauelemente aufzubauen",,,,
Mechatronik (B.Sc.),Hochschule Fulda,ET1588,Xperience Lab 1,2,das Vorlesungswissen aus Grundlagen der Elektrotechnik 1 und 2 und Physik in praktischen Versuchen anzuwenden,,,,
Mechatronik (B.Sc.),Hochschule Fulda,ET1588,Xperience Lab 1,3,Messergebnisse zu dokumentieren und zu bewerten,,,,
Mechatronik (B.Sc.),Hochschule Fulda,ET1588,Xperience Lab 1,4,Fehlerschranken zu ermitteln,,,,
Mechatronik (B.Sc.),Hochschule Fulda,ET1588,Xperience Lab 1,5,Im Team zu arbeiten,,,,
Mechatronik (B.Sc.),Hochschule Fulda,ET1602,Mathematik 3,1,die Grundlagen der harmonischen Analysis zu erklären,,,,
Mechatronik (B.Sc.),Hochschule Fulda,ET1602,Mathematik 3,2,die Analogien und Unterschiede zwischen ein- und mehrdimensionaler Analysis wiederzugeben und zu erklären,,,,
Mechatronik (B.Sc.),Hochschule Fulda,ET1602,Mathematik 3,3,Aufgaben mit Hilfe erlernter Methoden selbständig zu bearbeiten,,,,
Mechatronik (B.Sc.),Hochschule Fulda,ET1602,Mathematik 3,4,Methoden der Numerik anhand ausgewählter Themen anzuwenden,,,,
Mechatronik (B.Sc.),Hochschule Fulda,ET1602,Mathematik 3,5,Computer-Programme für numerische Rechnungen einzusetzen,,,,
Mechatronik (B.Sc.),Hochschule Fulda,ET1602,Mathematik 3,6,Simulationen durch Entwicklung eines komplexen Modells anzuwenden,,,,
Mechatronik (B.Sc.),Hochschule Fulda,ET1017,Elektrische Maschinen und Antriebe,1,von einer elektrischen Maschine und von einem elektrischen Antrieb eine Ersatzschaltung zu entwickeln,,,,
Mechatronik (B.Sc.),Hochschule Fulda,ET1017,Elektrische Maschinen und Antriebe,2,aus Versuchsdaten oder mittels Datenblatt die Elemente der Ersatzschaltung zu bestimmen,,,,
Mechatronik (B.Sc.),Hochschule Fulda,ET1113,Grundlagen der Thermodynamik und Strömungslehre,1,"Die Studierenden kennen und verstehen die Gesetzmäßigkeiten von Energieumwandlungen auf der Basis der ersten beiden Hauptsätze der Thermodynamik, um thermodynamische Zustandsänderungen und energietechnische Grundprozesse verstehen und berechnen zu können.",,,,
Mechatronik (B.Sc.),Hochschule Fulda,ET1113,Grundlagen der Thermodynamik und Strömungslehre,2,"Sie kennen die Größen, die die thermodynamischen Eigenschaften von Stoffen beschreiben und können diese durch grundlegende Anwendung von Stoffwertekorrelationen berechnen.",,,,
Mechatronik (B.Sc.),Hochschule Fulda,ET1113,Grundlagen der Thermodynamik und Strömungslehre,3,Die Studierenden beherrschen die Grundlagen der Strömungslehre.,,,,
Mechatronik (B.Sc.),Hochschule Fulda,ET1113,Grundlagen der Thermodynamik und Strömungslehre,4,Sie erkennen strömungstechnische Problemstellung und können sie in ihrer Bedeutung einordnen.,,,,
Mechatronik (B.Sc.),Hochschule Fulda,ET1113,Grundlagen der Thermodynamik und Strömungslehre,5,"Die mathematische Modellbildung einfacher Strömungsvorgänge wird beherrscht, um problembezogene Lösungsverfahren anwenden zu können.",,,,
Mechatronik (B.Sc.),Hochschule Fulda,ET1112,Technische Mechanik 3 – Festigkeitslehre,1,"Die Studierenden sind fähig, Schnittgrößen, Spannungen und Verformungen statisch bestimmter und unbestimmter Stab- und Balkensysteme hinreichend zu berechnen.",,,,
Mechatronik (B.Sc.),Hochschule Fulda,ET1112,Technische Mechanik 3 – Festigkeitslehre,2,"Sie sind in der Lage, eine den Belastungen gerechte Dimensionierung durchzuführen.",,,,
Mechatronik (B.Sc.),Hochschule Fulda,ET1015,Elektronik,1,die wichtigsten aktiven Bauelemente und deren Modelle zu erklären,,,,
Mechatronik (B.Sc.),Hochschule Fulda,ET1015,Elektronik,2,"mit realen, d.h. frequenzabhängigen, nichtlinearen, temperaturabhängigen und alternden Bauelementen stabile Schaltungen mit vorgegebenen Eigenschaften zu entwerfen",,,,
Mechatronik (B.Sc.),Hochschule Fulda,ET1015,Elektronik,3,die Problematik der Anwendung vereinfachter Modelle auf reale Sachverhalte darzulegen,,,,
Mechatronik (B.Sc.),Hochschule Fulda,ET1016,Einführung in die Messtechnik und Systemtheorie,1,"die theoretischen sowie praktischen Grundlagen des Messens wiederzugeben, zu erläutern und anzuwenden",,,,
Mechatronik (B.Sc.),Hochschule Fulda,ET1016,Einführung in die Messtechnik und Systemtheorie,2,"die wesentlichen Grundlagen auf dem Gebiet des Messens physikalischer Größen zu wiederholen und Probleme bei der Vorbereitung, Durchführung und Auswertung von Messungen selbständig zu lösen",,,,
Mechatronik (B.Sc.),Hochschule Fulda,ET1016,Einführung in die Messtechnik und Systemtheorie,3,in den begleitenden Übungen das erlernte theoretische Wissen auf realitätsnahe Beispiele anzuwenden,,,,
Mechatronik (B.Sc.),Hochschule Fulda,ET1596,Xperience Lab 2,1,"Versuchsanordnungen zu ausgewählten Themen der Vorlesungen Grundlagen der Elektrotechnik 3, Elektronik, Messtechnik und Regelungstechnik unter Einsatz unterschiedlicher Messmittel und Bauelemente aufzubauen",,,,
Mechatronik (B.Sc.),Hochschule Fulda,ET1596,Xperience Lab 2,2,Messergebnisse zu bewerten und zu dokumentieren.,,,,
Mechatronik (B.Sc.),Hochschule Fulda,ET1596,Xperience Lab 2,3,im Team zu arbeiten,,,,
Mechatronik (B.Sc.),Hochschule Fulda,ET1231,Praktikum: Elektrische Maschinen,1,das Verhalten einer elektrischen Maschine zu beurteilen,,,,
Mechatronik (B.Sc.),Hochschule Fulda,ET1231,Praktikum: Elektrische Maschinen,2,Messungen an elektrischen Maschinen durchzuführen und diese zu beschreiben,,,,
Mechatronik (B.Sc.),Hochschule Fulda,ET1231,Praktikum: Elektrische Maschinen,3,gewonnene Versuchsdaten zu analysieren und die Elemente einer Ersatzschaltung zu bestimmen,,,,
Mechatronik (B.Sc.),Hochschule Fulda,ET1114,Maschinenelemente und Werkstoffe im Maschinenbau,1,grundlegende Maschinenelemente fertigungsgerecht und funktionssicher auszulegen,,,,
Mechatronik (B.Sc.),Hochschule Fulda,ET1114,Maschinenelemente und Werkstoffe im Maschinenbau,2,die Funktion und das Zusammenwirken der Maschinenelemente innerhalb einer Maschine zu erkennen,,,,
Mechatronik (B.Sc.),Hochschule Fulda,ET1114,Maschinenelemente und Werkstoffe im Maschinenbau,3,Konstruktionselemente unter Berücksichtigung der Eigenschaften wichtiger Werkstoffe im Maschinenbau zu gestalten und zu dimensionieren,,,,
Mechatronik (B.Sc.),Hochschule Fulda,ET1021,Mechanische Konstruktion,1,die Grundlagen des systematischen Konstruierens mechanischer Komponenten und Geräte wiederzugeben und diese zu entwerfen,,,,
Mechatronik (B.Sc.),Hochschule Fulda,ET1021,Mechanische Konstruktion,2,einfache mechanische Strukturen mit den Methoden der Technischen Mechanik zu berechnen und auszulegen,,,,
Mechatronik (B.Sc.),Hochschule Fulda,ET1021,Mechanische Konstruktion,3,einen Überblick über Konstruktionselemente mechanischer Bauteile und Baugruppen zu geben,,,,
Mechatronik (B.Sc.),Hochschule Fulda,ET1021,Mechanische Konstruktion,4,einen Überblick über grundlegende Fertigungsverfahren des Maschinenbaus zu geben,,,,
Mechatronik (B.Sc.),Hochschule Fulda,ET1021,Mechanische Konstruktion,5,Normung und Zertifizierung und deren Anwendung zu beschreiben,,,,
Mechatronik (B.Sc.),Hochschule Fulda,ET1021,Mechanische Konstruktion,6,einfache Bauteile und Baugruppen mit Hilfe eines CAD-Programms systematisch zu entwickeln,,,,
Mechatronik (B.Sc.),Hochschule Fulda,ET1021,Mechanische Konstruktion,7,Methoden zur Lösung konstruktiver Probleme anzuwenden,,,,
Mechatronik (B.Sc.),Hochschule Fulda,ET1022,Regelungstechnik 1,1,das Naturprinzip des Regelns wiederzugeben und die Einsatzpotentiale der industriellen Regelungstechnik zu beurteilen,,,,
Mechatronik (B.Sc.),Hochschule Fulda,ET1022,Regelungstechnik 1,2,"anhand der vermittelten theoretischen Kenntnisse und anhand der gängigen Verfahren im Zeit- und Frequenzbereich einfache lineare, zeitkontinuierliche Regekreise selbständig zu analysieren und zu entwerfen",,,,
Mechatronik (B.Sc.),Hochschule Fulda,ET1116,Praktikum: Mechatronik,1,"Die Studierenden sind in der Lage, in der Praxis vorkommende mechatronische Prozessen zu entwerfen, in Betrieb zu nehmen und zu analysieren.",,,,
Mechatronik (B.Sc.),Hochschule Fulda,ET1116,Praktikum: Mechatronik,2,"Zur praktischen Vertiefung werden mechatronische Prozesse, die jeweils Teilaspekte aus der Elektrotechnik, dem Maschinenbau und der Informationstechnik beinhalten in einem Entwicklungsprojekt oder im Experiment behandelt.",,,,
Mechatronik (B.Sc.),Hochschule Fulda,ET1052,Regelungstechnik 2,1,nichtlineare Systeme um einen Arbeitspunkt zu linearisieren,,,,
Mechatronik (B.Sc.),Hochschule Fulda,ET1052,Regelungstechnik 2,2,Steuer- und Beobachtbarkeit sowie Stabilität von Prozessen zu untersuchen,,,,
Mechatronik (B.Sc.),Hochschule Fulda,ET1052,Regelungstechnik 2,3,Systeme im Zustandsraum zu beschreiben sowie Zustandsregler und Beobachter zu entwerfen,,,,
Mechatronik (B.Sc.),Hochschule Fulda,ET1052,Regelungstechnik 2,4,erweiterte Regelkreisstrukturen zu entwerfen und zu bemessen,,,,
Mechatronik (B.Sc.),Hochschule Fulda,ET1054,Automatisierungstechnik 1,1,"Die Teilnehmenden sind in der Lage, technische Grundlagen, den Einsatz, die Struktur, den Aufbau und die Funktion moderner Systeme in der Automatisierungstechnik wieder zu geben.",,,,
Mechatronik (B.Sc.),Hochschule Fulda,ET1054,Automatisierungstechnik 1,2,"Sie kennen Komponenten und Geräte, mit denen Maschinen und Anlagen automatisiert werden können.",,,,
Mechatronik (B.Sc.),Hochschule Fulda,ET1054,Automatisierungstechnik 1,3,"Sie haben die Fähigkeit, Speicherprogrammierbare Steuerungen für kleine und mittlere Anlagen zu programmieren, zu testen und einzusetzen.",,,,
Mechatronik (B.Sc.),Hochschule Fulda,ET1054,Automatisierungstechnik 1,4,Insbesondere moderne automatisierungstechnische Komponenten sind neben funktionalen auch nach energetischen und umweltfreundlichen Kriterien zu beurteilen.,,,,
Mechatronik (B.Sc.),Hochschule Fulda,ET1054,Automatisierungstechnik 1,5,Die Studierenden verfügen über grundlegende Kenntnisse bzgl. der Anforderungen an industrielle Energieeffizienz von Anlagen und deren Problematik bei Zustandsübergängen.,,,,
Mechatronik (B.Sc.),Hochschule Fulda,ET1115,Technologien der digitalen Fabrik,1,die wesentlichen Bausteine der digitalen Fabrik zu benennen,,,,
Mechatronik (B.Sc.),Hochschule Fulda,ET1115,Technologien der digitalen Fabrik,2,"Technologien, die zur Digitalisierung von Produktionsabläufen, Produktionsplanungen und den Betrieb geeignet sind, auszuwählen und zu beurteilen",,,,
Mechatronik (B.Sc.),Hochschule Fulda,ET1115,Technologien der digitalen Fabrik,3,die Dynamik der Technologieentwicklung vor dem Hintergrund produktionstechnischer Anforderungen zu analysieren und deren Einsatz dafür zu spezifizieren,,,,
Mechatronik (B.Sc.),Hochschule Fulda,ET1115,Technologien der digitalen Fabrik,4,mit modernen Softwarewerkzeugen kleine digitale Fabriken zu projektieren und zu betreiben,,,,
Mechatronik (B.Sc.),Hochschule Fulda,ET1434,Fallstudie & Präsentation 1,1,eigenständig in Gruppen von zwei bis drei Teilnehmer*innen ein vorgegebenes Projekt mit einem technischen bzw. ingenieurtechnischen Schwerpunkt durchzuführen,,,,
Mechatronik (B.Sc.),Hochschule Fulda,ET1434,Fallstudie & Präsentation 1,2,die bisher im Studium erworbenen mathematischen bzw. technischen Kompetenzen anzuwenden und zu vertiefen,,,,
Mechatronik (B.Sc.),Hochschule Fulda,ET1434,Fallstudie & Präsentation 1,3,"ein Projekt zu planen, zu organisieren und zu präsentieren",,,,
Mechatronik (B.Sc.),Hochschule Fulda,ET1434,Fallstudie & Präsentation 1,4,ein Lasten- und Pflichtenheft zu erstellen,,,,
Mechatronik (B.Sc.),Hochschule Fulda,ET1434,Fallstudie & Präsentation 1,5,effektiv zu kommunizieren und kooperativ in Teams zu arbeiten,,,,
Mechatronik (B.Sc.),Hochschule Fulda,ET1434,Fallstudie & Präsentation 1,6,Verantwortung für ihre Aufgaben zu übernehmen und sich selbstständig zu motivieren,,,,
Mechatronik (B.Sc.),Hochschule Fulda,ET1019,Einführung in die BWL – Einführung in das Recht,1,Die Teilnehmenden sind in der Lage rechtliche und betriebswirtschaftliche Rahmenbedingungen ingenieurswissenschaftlicher Tätigkeiten zu erläutern.,,,,
Mechatronik (B.Sc.),Hochschule Fulda,ET1056,Roboter- und Manipulatortechnik,1,"anhand vermittelter theoretischer Kenntnisse der Robotik aus den Bereichen Mechanik, Kinematik und Kinetik, der Antriebssteuerung/-regelung der Antriebe von Industrierobotern, Bahnberechnung und Programmierung von Bewegungsabläufen die grundsätzlichen technischen Funktionen zu verstehen und die Einsatzgebiete von Industrierobotern, speziell im Bereich Produktionstechnik in Grundzügen zu beurteilen",,,,
Mechatronik (B.Sc.),Hochschule Fulda,ET1056,Roboter- und Manipulatortechnik,2,"den Einsatz von Industrierobotern im industriellen Umfeld zu planen, projektieren und in Grundzügen zu programmieren",,,,
Mechatronik (B.Sc.),Hochschule Fulda,ET1589,Automatisierungstechnik 2,1,"Die Teilnehmenden sind in der Lage technische Grundlagen, den Einsatz, die Struktur, den Aufbau und die Funktion moderner Peripheriegeräte in der Prozessautomation und allgemeinen Automatisierungstechnik wiederzugeben.",,,,
Mechatronik (B.Sc.),Hochschule Fulda,ET1589,Automatisierungstechnik 2,2,"Sie kennen Gerätetypen, Prozessschnittstellen und Diagnosesysteme mit denen das Prozessabbild zwischen Steuerungen und technischen Prozessen automatisiert werden können.",,,,
Mechatronik (B.Sc.),Hochschule Fulda,ET1589,Automatisierungstechnik 2,3,Sie kennen die Grundlagen der Bibliothekskonzepte speicherprogrammierbarer Steuerungen und können diese anwenden und erweitern.,,,,
Mechatronik (B.Sc.),Hochschule Fulda,ET1589,Automatisierungstechnik 2,4,"Sie haben die Fähigkeit Peripheriegeräte für speicherprogrammierbare Steuerungen für kleine und mittlere Anlagen auszuwählen, zu konfigurieren, zu programmieren, zu testen und einzusetzen.",,,,
Mechatronik (B.Sc.),Hochschule Fulda,ET1589,Automatisierungstechnik 2,5,"Die Teilnehmenden lernen Fachinhalte anderer Module, wie beispielsweise Informatik, technische Mechanik, Elektrotechnik 1/2/3 oder Energietechnik in automatisierungstechnischen Systemen anzuwenden.",,,,
Mechatronik (B.Sc.),Hochschule Fulda,ET1598,Technische Logistik und Montagetechnik,1,Die Studierenden kennen die wesentlichen Komponenten und Abläufe der technischen Logistik und der Montagetechnik sowie die Wechselwirkung und Abhängigkeiten zwischen diesen Bereichen.,,,,
Mechatronik (B.Sc.),Hochschule Fulda,ET1598,Technische Logistik und Montagetechnik,2,"Die technische Logistik umfasst dabei die Organisation, Steuerung, Durchführung und Optimierung der innerbetrieblichen Material- und Informationsströme.",,,,
Mechatronik (B.Sc.),Hochschule Fulda,ET1598,Technische Logistik und Montagetechnik,3,Hierzu sind die Studierenden in der Lage Einzelkomponenten aufgrund ihrer Eigenschaften für den spezifischen Einsatz auszuwählen.,,,,
Mechatronik (B.Sc.),Hochschule Fulda,ET1598,Technische Logistik und Montagetechnik,4,"Sie kennen wesentliche Kennwerte, um Anlagen und Produktionskennzahlen abschätzen und beurteilen zu können sowie einfach intralogistische Gesamtsysteme zu planen und hinsichtlich ihrer Kenngrößen zu beurteilen.",,,,
Mechatronik (B.Sc.),Hochschule Fulda,ET1598,Technische Logistik und Montagetechnik,5,"Die Montagetechnik umfasst alle aller Vorgänge, welche für den Zusammenbau von Körpern mit geometrisch bestimmten Formen mit den Teiloperationen Fügen, Handhaben, Prüfen, Justieren sowie Hilfsoperationen nötig sind.",,,,
Mechatronik (B.Sc.),Hochschule Fulda,ET1598,Technische Logistik und Montagetechnik,6,Hierzu sind die Studierenden sind in der Lage Komponenten der Montagetechnik hinsichtlich ihrer Eigenschaften und ihres Einsatzes auszuwählen sowie einfache Montageanlagen zu planen und hinsichtlich ihrer Kenngrößen zu beurteilen.,,,,
Mechatronik (B.Sc.),Hochschule Fulda,ET1435,Fallstudie & Präsentation 2,1,eigenständig in Gruppen von zwei bis drei Teilnehmer*innen ein vorgegebenes Projekt mit einem technischen bzw. ingenieurtechnischen Schwerpunkt durchzuführen,,,,
Mechatronik (B.Sc.),Hochschule Fulda,ET1435,Fallstudie & Präsentation 2,2,die bisher im Studium erworbenen mathematischen bzw. technischen Kompetenzen anzuwenden und zu vertiefen,,,,
Mechatronik (B.Sc.),Hochschule Fulda,ET1435,Fallstudie & Präsentation 2,3,"ein Projekt zu planen, zu organisieren und zu präsentieren",,,,
Mechatronik (B.Sc.),Hochschule Fulda,ET1435,Fallstudie & Präsentation 2,4,ein Lasten- und Pflichtenheft zu erstellen,,,,
Mechatronik (B.Sc.),Hochschule Fulda,ET1435,Fallstudie & Präsentation 2,5,effektiv zu kommunizieren und kooperativ in Teams zu arbeiten,,,,
Mechatronik (B.Sc.),Hochschule Fulda,ET1435,Fallstudie & Präsentation 2,6,Verantwortung für ihre Aufgaben zu übernehmen und sich selbstständig zu motivieren,,,,
Mechatronik (B.Sc.),Hochschule Fulda,ET1507,Berufspraktikum,1,sich im Berufsfeld oder verwandten Gebieten der Mechatronik zu orientieren,,,,
Mechatronik (B.Sc.),Hochschule Fulda,ET1507,Berufspraktikum,2,Studieninhalte in die betriebliche Praxis zu übertragen und dort anzuwenden,,,,
Mechatronik (B.Sc.),Hochschule Fulda,ET1507,Berufspraktikum,3,"die eigene, individuelle Qualifikation zu analysieren und zu bewerten",,,,
Mechatronik (B.Sc.),Hochschule Fulda,ET1507,Berufspraktikum,4,"Perspektiven für das weitere Studium, die Abschlussarbeit (Bachelor-Thesis) und den weiteren Berufsweg abzuschätzen",,,,
Mechatronik (B.Sc.),Hochschule Fulda,ET1507,Berufspraktikum,5,praktische Kenntnisse zu vertiefen und berufstypische Arbeitsweisen anzuwenden,,,,
Mechatronik (B.Sc.),Hochschule Fulda,ET1507,Berufspraktikum,6,"technische, soziale und organisatorische Zusammenhänge der Arbeitswelt wiederzugeben und auf routinemäßige Arbeitsvorgänge anzuwenden",,,,
Mechatronik (B.Sc.),Hochschule Fulda,ET1507,Berufspraktikum,7,Vorschläge für die Bearbeitung berufsrelevanter Arbeitsschritte zu erarbeiten und durchzuführen,,,,
Mechatronik (B.Sc.),Hochschule Fulda,ET1507,Berufspraktikum,8,über die gemachten Praxiserfahrungen zu berichten und diese zu reflektieren,,,,
Mechatronik (B.Sc.),Hochschule Fulda,ET1119,Abschlussmodul,1,"Die Teilnehmenden sollen durch die erworbenen Fähigkeiten und Methoden im Studium zeigen, dass sie innerhalb einer vorgegebenen Frist",,,,
Mechatronik (B.Sc.),Hochschule Fulda,ET1119,Abschlussmodul,2,unter Anleitung einer oder mehrerer Betreuungspersonen qualifizierte Problemstellungen aus dem Bereich Mechatronik oder verwandten Gebieten selbständig bearbeiten können,,,,
Mechatronik (B.Sc.),Hochschule Fulda,ET1119,Abschlussmodul,3,Lösungswege und Ergebnisse sowohl schriftlich als auch mündlich darstellen und vertreten können,,,,
Mechatronik (B.Sc.),Hochschule Fulda,ET1631,Einführung in Frameworks autonomer mobiler Robotik,1,einfache ROS-Anwendungen basierend auf den zur Verfügung stehenden ROS-Komponenten zu entwickeln.,,,,
Mechatronik (B.Sc.),Hochschule Fulda,ET1631,Einführung in Frameworks autonomer mobiler Robotik,2,Daten von Entfernungs- und Bildsensoren auszulesen,,,,
Mechatronik (B.Sc.),Hochschule Fulda,ET1631,Einführung in Frameworks autonomer mobiler Robotik,3,Austauschformate anhand von Datenblättern in ROS-Nachrichten zu implementieren,,,,
Mechatronik (B.Sc.),Hochschule Fulda,ET1631,Einführung in Frameworks autonomer mobiler Robotik,4,einfache Algorithmen zur Steuerung autonomer mobiler Roboter in ROS zu implementieren,,,,
Mechatronik (B.Sc.),Hochschule Fulda,ET1631,Einführung in Frameworks autonomer mobiler Robotik,5,die Implementierungen in realistischen Szenarien zu testen,,,,
Mechatronik (B.Sc.),Hochschule Fulda,ET1631,Einführung in Frameworks autonomer mobiler Robotik,6,die Performance der Algorithmen anhand aussagekräftiger Experimente und Metriken zu bewerten,,,,
Mechatronik (B.Sc.),Hochschule Fulda,ET1041,Feldbusse,1,"Die Teilnehmenden sind in der Lage, technische Grundlagen, den Einsatz, die Struktur, den Aufbau und die Funktion moderner industrieller Kommunikationstechnologie wieder zu geben.",,,,
Mechatronik (B.Sc.),Hochschule Fulda,ET1041,Feldbusse,2,"Sie kennen Komponenten und Geräte, mit denen mobile und stationäre Systeme vernetzt werden können sowie eine Auswahl an Kommunikationsprotokollen und deren applikationsspezifische Anwendung.",,,,
Mechatronik (B.Sc.),Hochschule Fulda,ET1041,Feldbusse,3,"Sie haben die Fähigkeit, Kommunikationsnetzwerke auf Basis von Feldbussen und Feldbusprotokollen zu beurteilen, zu entwerfen, aufzubauen, zu programmieren, zu testen, zu diagnostizieren und einzusetzen.",,,,
Mechatronik (B.Sc.),Hochschule Fulda,ET1041,Feldbusse,4,Das Modul integriert Fachkompetenzen der Digitaltechnik und der Informatik.,,,,
Mechatronik (B.Sc.),Hochschule Fulda,ET1041,Feldbusse,5,"Die Modulsprache ist teilweise Deutsch und Englisch, da Spezifikationen von Feldbussystemen häufig in Englischer Sprache verfasst werden.",,,,
Mechatronik (B.Sc.),Hochschule Fulda,ET1040,Numerische Feldberechnung mit der Finite-Elemente-Methode,1,Einsatzbereiche und theoretische Grundlagen von Finite-Elemente-Analysen (FEA) widerzugeben,,,,
Mechatronik (B.Sc.),Hochschule Fulda,ET1040,Numerische Feldberechnung mit der Finite-Elemente-Methode,2,FE-Modelle zu erstellen,,,,
Mechatronik (B.Sc.),Hochschule Fulda,ET1040,Numerische Feldberechnung mit der Finite-Elemente-Methode,3,numerische Simulationen mittels FEA durchzuführen und die erhaltenen Resultate kritisch zu beurteilen,,,,
Mechatronik (B.Sc.),Hochschule Fulda,ET1037,Vektoranalysis und zusätzliche Kapitel der mehrdimensionalen,1,Kurven- und Oberflächenintegrale zu berechnen,,,,
Mechatronik (B.Sc.),Hochschule Fulda,ET1037,Vektoranalysis und zusätzliche Kapitel der mehrdimensionalen,2,den Zusammenhang zwischen konkreten Kurven- und Oberflächenintegralen und dem Formalismus der Differentialformen zu verstehen,,,,
Mechatronik (B.Sc.),Hochschule Fulda,ET1037,Vektoranalysis und zusätzliche Kapitel der mehrdimensionalen,3,"den Zusammenhang zwischen den Begriffen Gradient, Divergenz, Rotation und dem Formalismus der Differentialformen zu verstehen",,,,
Wirtschaftsinformatik (B.Sc.),Hochschule Fulda,AI1005,Betriebswirtschaftslehre 1,1,Die Studierenden geben die wesentlichen Grundlagen der Betriebswirtschaftslehre wieder.,,,,
Wirtschaftsinformatik (B.Sc.),Hochschule Fulda,AI1005,Betriebswirtschaftslehre 1,2,"Die Studierenden finden sich in der betrieblichen Wirklichkeit, die weitgehend vom betriebswirtschaftlichen Rationalitätspostulat bestimmt ist, zurecht und bringen sich produktiv ein.",,,,
Wirtschaftsinformatik (B.Sc.),Hochschule Fulda,AI1005,Betriebswirtschaftslehre 1,3,"Die Studierenden sind in der Lage, betriebswirtschaftliche Kennzahlen zu ermitteln und diese, ebenso wie Jahresabschlüsse, zu interpretieren.",,,,
Wirtschaftsinformatik (B.Sc.),Hochschule Fulda,AI1005,Betriebswirtschaftslehre 1,4,Die Studierenden schätzen die Bedeutung von Faktoren wie z.B. der Unternehmenskultur oder der Mitbestimmung ein und beurteilen diese.,,,,
Wirtschaftsinformatik (B.Sc.),Hochschule Fulda,AI1433,Grundlagen der Informatik,1,"Die Studierenden erlangen grundlegende Kenntnisse der Informatik, die für das Verständnis und die Beurteilung von Aufgabenstellungen in der IT erforderlich sind.",,,,
Wirtschaftsinformatik (B.Sc.),Hochschule Fulda,AI1433,Grundlagen der Informatik,2,"Die Studierenden kennen die Grundbegriffe der Informatik und wissen, wie Daten repräsentiert und verarbeitet werden.",,,,
Wirtschaftsinformatik (B.Sc.),Hochschule Fulda,AI1433,Grundlagen der Informatik,3,"Ferner kennen sie die prinzipielle Funktionsweise von Rechnersystemen, insbes. der Von-Neumann-Architektur, und Wissen um den Aufbau, den Komponenten und die Nutzung von Betriebssystemen.",,,,
Wirtschaftsinformatik (B.Sc.),Hochschule Fulda,AI1433,Grundlagen der Informatik,4,Sie kennen grundlegende Konzepte der Arbeit mit Kommandozeilen und können diese für verschiedene Aufgaben benutzen.,,,,
Wirtschaftsinformatik (B.Sc.),Hochschule Fulda,AI1029,Grundlagen der Wirtschaftsinformatik,1,Die Studierenden beschreiben die Wirtschaftsinformatik als eigenständige Disziplin zwischen Betriebswirtschaft und Informatik in ihren Teilbereichen.,,,,
Wirtschaftsinformatik (B.Sc.),Hochschule Fulda,AI1029,Grundlagen der Wirtschaftsinformatik,2,Die Studierenden können die grundlegenden Geschäftsprozesse eines Industrieunternehmens inhaltlich einordnen sowie methodisch korrekt vereinfacht darstellen und unter verschiedenen Gesichtspunkten analysieren.,,,,
Wirtschaftsinformatik (B.Sc.),Hochschule Fulda,AI1029,Grundlagen der Wirtschaftsinformatik,3,"Die Studierenden benennen die verschiedenen Arten von Informationssystemen, die diese Geschäftsprozesse auf unterschiedliche Art unterstützen.",,,,
Wirtschaftsinformatik (B.Sc.),Hochschule Fulda,AI1029,Grundlagen der Wirtschaftsinformatik,4,Die Studierenden erläutern die durch die Geschäftsprozesse erzeugten Daten und deren Weiterverarbeitung.,,,,
Wirtschaftsinformatik (B.Sc.),Hochschule Fulda,AI1029,Grundlagen der Wirtschaftsinformatik,5,Die Studierenden beschreiben wesentliche Fragen der Anwendung von Informationssystemen.,,,,
Wirtschaftsinformatik (B.Sc.),Hochschule Fulda,AI1029,Grundlagen der Wirtschaftsinformatik,6,Die Studierenden beschreiben wesentliche aktuelle Herausforderungen des E-Business sowie deren Behandlung durch betriebliche Informationssysteme.,,,,
Wirtschaftsinformatik (B.Sc.),Hochschule Fulda,AI1438,Mathematik für Wirtschaftsinformatiker 1,1,Die Studierenden beherrschen den Umgang mit grundlegenden Begriffen und Methoden der Mathematik können diese zur Lösung anwendungsbezogener Fragestellungen im Umfeld der Informatik anwenden.,,,,
Wirtschaftsinformatik (B.Sc.),Hochschule Fulda,AI1438,Mathematik für Wirtschaftsinformatiker 1,2,"Die Studierenden erwerben Kompetenzen, die ihnen erlauben, selbständig weiterführende Lernprozesse zu gestalten und sich mit Fachvertretern und mit Laien über Ideen, Probleme und Lösungen auszutauschen.",,,,
Wirtschaftsinformatik (B.Sc.),Hochschule Fulda,AI1438,Mathematik für Wirtschaftsinformatiker 1,3,Es werden systematische und methodische Vorgehensweisen geschult.,,,,
Wirtschaftsinformatik (B.Sc.),Hochschule Fulda,AI1000,Programmierung 1,1,"Die Studierenden beschreiben mathematische und logische Probleme mit eigenen Worten, die in natürlicher Sprache formuliert sind (z.B. Zahlenfolgen und -reihen, Sortieren, Game of Life, Türme von Hanoi).",,,,
Wirtschaftsinformatik (B.Sc.),Hochschule Fulda,AI1000,Programmierung 1,2,Die Studierenden beschreiben diese Probleme anhand algorithmischer Teilschritte und entwickeln unter Anwendung der ihnen bekannten Programmkonstrukte programmiersprachliche Lösungen.,,,,
Wirtschaftsinformatik (B.Sc.),Hochschule Fulda,AI1000,Programmierung 1,3,"Die Studierenden formulieren diese Lösungen in Quellcode, der vorgegebenen Konventionen für guten Programmierstil entspricht.",,,,
Wirtschaftsinformatik (B.Sc.),Hochschule Fulda,AI1000,Programmierung 1,4,Die Studierenden treffen Einschätzungen zu Laufzeit und Speicherverwaltung dieser Programme .,,,,
Wirtschaftsinformatik (B.Sc.),Hochschule Fulda,AI1000,Programmierung 1,5,"Die Studierenden kennen Strategien zu Fehlereingrenzung, -suche und -behebung und wenden diese an.",,,,
Wirtschaftsinformatik (B.Sc.),Hochschule Fulda,AI1000,Programmierung 1,1,Die Studierenden lernen die wichtigsten Grundprinzipien des Rechtswesens kennen.,,,,
Wirtschaftsinformatik (B.Sc.),Hochschule Fulda,AI1000,Programmierung 1,2,Es wird speziell auf einige Teilgebiete des Rechts im Bereich Wirtschaft und eBusiness eingegangen.,,,,
Wirtschaftsinformatik (B.Sc.),Hochschule Fulda,AI1000,Programmierung 1,3,"Das Datenschutzrecht (insbesondere DE und EU) besitzt dabei eine besondere Bedeutung. Über die Verwendung von Fallbeispielen, die in Gruppen bearbeitet werden kommt das vermittelte Wissen direkt zur Anwendung, instrumentale Kompetenzen werden geschult.",,,,
Wirtschaftsinformatik (B.Sc.),Hochschule Fulda,AI1000,Programmierung 1,4,Die erarbeiteten Lösungen werden durch die Arbeitsgruppen den Kommilitonen präsentiert.,,,,
Wirtschaftsinformatik (B.Sc.),Hochschule Fulda,AI1008,Betriebswirtschaftslehre 2,1,Die Studierenden beschreiben die Systematik der Produktionsfaktoren und den Wertschöpfungsprozess in Unternehmen von der Faktorbereitstellung bis zum Vertrieb der Enderzeugnisse.,,,,
Wirtschaftsinformatik (B.Sc.),Hochschule Fulda,AI1008,Betriebswirtschaftslehre 2,2,"Die Studierenden definieren und unterscheiden Fachbegriffe aus den betrieblichen Funktionen Personal- und Materialwirtschaft, Logistik, Produktion, Marketing sowie der Planung als Teil der betrieblichen Leitungsfunktion.",,,,
Wirtschaftsinformatik (B.Sc.),Hochschule Fulda,AI1008,Betriebswirtschaftslehre 2,3,"Die Studierenden lösen Aufgabenstellen unter Anwendung von Methoden der quantitativen BWL wie zum Beispiel Personal- und Materialbedarfsplanung, Werthäufigkeitsverteilung, Stücklistenauflösung anhand von Erzeugnisstrukturen, Bestimmung der optimalen Bestellmenge, Produktionsprogrammplanung mit Hilfe der relativen Deckungsbeitragsrechnung oder der linearen Programmierung.",,,,
Wirtschaftsinformatik (B.Sc.),Hochschule Fulda,AI1008,Betriebswirtschaftslehre 2,4,Die Studierenden formulieren insbesondere in den Übungen betriebswirtschaftliche Probleme und verteidigen Lösungswege durch Argumentation.,,,,
Wirtschaftsinformatik (B.Sc.),Hochschule Fulda,AI1007,Kommunikationsnetze und -protokolle,1,Die Studierenden benennen und erläutern grundlegende Prinzipien der Rechnerkommunikation und der relevanten Netztechnologien sowie des allgemeinen Konzepts des Internets und der Protokollfamilie TCP/IP.,,,,
Wirtschaftsinformatik (B.Sc.),Hochschule Fulda,AI1007,Kommunikationsnetze und -protokolle,2,"Die Studierenden benennen essentielle Netzdienste und –protokolle, erklären deren Funktionsweise und Standards und wenden diese korrekt an.",,,,
Wirtschaftsinformatik (B.Sc.),Hochschule Fulda,AI1007,Kommunikationsnetze und -protokolle,3,Die Studierenden beurteilen die Eignung von verschiedenen Kommunikationsnetzen und –protokollen für die Realisierung von Netz-Infrastrukturen und Internetdiensten sowie –anwendungen.,,,,
Wirtschaftsinformatik (B.Sc.),Hochschule Fulda,AI1007,Kommunikationsnetze und -protokolle,4,"Die Studierenden arbeiten in Teams im Netzwerk-Labor an explorativen Lernumgebungen und Experimenten zur Sicherheit, Leistungsfähigkeit und Fehlertoleranz von Netzen und darin verwendeten Protokollen und Anwendungen.",,,,
Wirtschaftsinformatik (B.Sc.),Hochschule Fulda,AI1007,Kommunikationsnetze und -protokolle,5,"Die Studierenden verfolgen die Weiterentwicklung des Internets sowie zugehöriger Anwendungen und Dienste, schätzen diese ein und kennen damit verbundene Risiken und Möglichkeiten.",,,,
Wirtschaftsinformatik (B.Sc.),Hochschule Fulda,AI1439,Mathematik für Wirtschaftsinformatiker 2,1,Die Studierenden beherrschen den Umgang mit grundlegenden Begriffen und Methoden der Integral- und Differentialrechnung und können diese zur Lösung anwendungsbezogener Fragestellungen im Umfeld der Informatik anwenden.,,,,
Wirtschaftsinformatik (B.Sc.),Hochschule Fulda,AI1439,Mathematik für Wirtschaftsinformatiker 2,2,Dabei spielen die Anwendungsbezüge eine wesentliche Rolle.,,,,
Wirtschaftsinformatik (B.Sc.),Hochschule Fulda,AI1439,Mathematik für Wirtschaftsinformatiker 2,3,"Die Studierenden kennen grundlegende Begriffe, Modelle und Methoden der Wahrscheinlichkeitsrechnung und Statistik.",,,,
Wirtschaftsinformatik (B.Sc.),Hochschule Fulda,AI1439,Mathematik für Wirtschaftsinformatiker 2,4,"Die Studierenden sind in der Lage, ähnliche oder neue Probleme aus den verschiedensten Anwendungsbereichen als Probleme der Statistik zu formulieren und mit geeigneten Verfahren zu lösen.",,,,
Wirtschaftsinformatik (B.Sc.),Hochschule Fulda,AI1439,Mathematik für Wirtschaftsinformatiker 2,5,"Die Studierenden erwerben Kompetenzen, die ihnen erlauben, selbständig weiterführende Lernprozesse zu gestalten und sich mit Fachvertretern und mit Laien über Ideen, Probleme und Lösungen auszutauschen.",,,,
Wirtschaftsinformatik (B.Sc.),Hochschule Fulda,AI1439,Mathematik für Wirtschaftsinformatiker 2,6,Es werden systematische und methodische Vorgehensweisen geschult.,,,,
Wirtschaftsinformatik (B.Sc.),Hochschule Fulda,AI1016,Wissenschaftliche Präsentation und Kommunikation,1,Die Studierenden führen Gespräche zur Angewandten Informatik fachgerecht.,,,,
Wirtschaftsinformatik (B.Sc.),Hochschule Fulda,AI1016,Wissenschaftliche Präsentation und Kommunikation,2,Die Studierenden wenden die entsprechenden Methoden und Techniken der Kommunikation an.,,,,
Wirtschaftsinformatik (B.Sc.),Hochschule Fulda,AI1016,Wissenschaftliche Präsentation und Kommunikation,3,Die Studierenden beherrschen das Erstellen der visuellen Hilfsmittel.,,,,
Wirtschaftsinformatik (B.Sc.),Hochschule Fulda,AI1016,Wissenschaftliche Präsentation und Kommunikation,4,Die Studierenden nutzen multimediale Hilfsmittel bei Präsentationen.,,,,
Wirtschaftsinformatik (B.Sc.),Hochschule Fulda,AI1016,Wissenschaftliche Präsentation und Kommunikation,5,Die Studierenden setzen rhetorische Hilfsmittel ein.,,,,
Wirtschaftsinformatik (B.Sc.),Hochschule Fulda,AI1016,Wissenschaftliche Präsentation und Kommunikation,6,Die Studierenden beherrschen die Zielplanung einer Präsentation .,,,,
Wirtschaftsinformatik (B.Sc.),Hochschule Fulda,AI1016,Wissenschaftliche Präsentation und Kommunikation,7,Die Studierenden erklären die Grundprinzipien wissenschaftlichen Arbeitens und wenden diese auf kleine Arbeiten an.,,,,
Wirtschaftsinformatik (B.Sc.),Hochschule Fulda,AI1016,Wissenschaftliche Präsentation und Kommunikation,8,Die Studierenden erläutern die Einsatzzwecke für ausgewählte digitale Werkzeuge für das wissenschaftliche Arbeiten und wenden diese im Rahmen kleinerer Arbeiten an.,,,,
Wirtschaftsinformatik (B.Sc.),Hochschule Fulda,AI1006,Programmierung 2,1,Die Studierenden benennen mindestens drei Merkmale objektorientierter Programmierung (OOP).,,,,
Wirtschaftsinformatik (B.Sc.),Hochschule Fulda,AI1006,Programmierung 2,2,Die Studierenden definieren und unterscheiden Fachbegriffe der OOP.,,,,
Wirtschaftsinformatik (B.Sc.),Hochschule Fulda,AI1006,Programmierung 2,3,"Die Studierenden benutzen fachgerecht die behandelten OOP-Konzepte in der Programmierung, erkennen diese in gegebenen Quellcode und können darin fehlerhafte Anwendungen analysieren und benennen.",,,,
Wirtschaftsinformatik (B.Sc.),Hochschule Fulda,AI1006,Programmierung 2,4,"Die Studierenden analysieren gegebene Problemstellungen der Informatik auf algorithmisch relevante Bestandteile, leiten daraus algorithmische Lösungen ab und setzen diese als objektorientierte Programme um.",,,,
Wirtschaftsinformatik (B.Sc.),Hochschule Fulda,AI1006,Programmierung 2,5,Die Studierenden erklären die Funktionsweise Ihrer eigenen Lösungen und argumentieren dabei die zugrundeliegenden Entscheidungen bei alternativen Lösungswegen.,,,,
Wirtschaftsinformatik (B.Sc.),Hochschule Fulda,AI1006,Programmierung 2,6,Die Studierenden verwenden fachgerecht moderne Werkzeuge zur Unterstützung der Programmanalyse und -entwicklung in der Einzel- und Zusammenarbeit.,,,,
Wirtschaftsinformatik (B.Sc.),Hochschule Fulda,AI1006,Programmierung 2,7,"Die Studierenden erstellen ggf. in Gruppen Programmierlösungen zu gegebenen Problemstellungen, bringen sich aktiv in die Lösungsentwicklung ein und strukturieren die kollaborative Zusammenarbeit (optional) selbst.",,,,
Wirtschaftsinformatik (B.Sc.),Hochschule Fulda,AI1011,Software Engineering,1,Die Studierenden definieren und unterscheiden Fachbegriffe des SE für die Gestaltung komplexer Softwaresysteme und entsprechender Vorgehensweisen.,,,,
Wirtschaftsinformatik (B.Sc.),Hochschule Fulda,AI1011,Software Engineering,2,"Die Studierenden benutzen fachgerecht die behandelten SE-Konzepte (z.B. in der Anforderungsanalyse, dem Design oder der Qualitätssicherung), erkennen diese in gegebenen Beispielen und können darin fehlerhafte Anwendungen analysieren und benennen.",,,,
Wirtschaftsinformatik (B.Sc.),Hochschule Fulda,AI1011,Software Engineering,3,"Die Studierenden analysieren gegebene Problemstellungen der Softwareerstellung auf relevante Bestandteile, leiten daraus Lösungen für eine adäquate System/Softwareentwicklung ab und verwenden die relevanten Methoden.",,,,
Wirtschaftsinformatik (B.Sc.),Hochschule Fulda,AI1011,Software Engineering,4,Die Studierenden entwickeln Modelle und beurteilen die Modellierung von Softwaresysteme z.B. mit UML.,,,,
Wirtschaftsinformatik (B.Sc.),Hochschule Fulda,AI1011,Software Engineering,5,Die Studierenden erklären die Funktionsweise ihrer eigenen Lösungen und argumentieren dabei die zugrundeliegenden Entscheidungen bei alternativen Lösungswegen.,,,,
Wirtschaftsinformatik (B.Sc.),Hochschule Fulda,AI1012,Algorithmen und Datenstrukturen,1,Die Studierenden benennen typische Operationen auf Standarddatenstrukturen und können diese in Programmen anwenden.,,,,
Wirtschaftsinformatik (B.Sc.),Hochschule Fulda,AI1012,Algorithmen und Datenstrukturen,2,Die Studierenden messen das Laufzeitverhalten von Algorithmen und schätzen es ein.,,,,
Wirtschaftsinformatik (B.Sc.),Hochschule Fulda,AI1012,Algorithmen und Datenstrukturen,3,Die Studierenden erweitern Standardimplementierungen von Algorithmen und passen sie auf neue Anwendungen an.,,,,
Wirtschaftsinformatik (B.Sc.),Hochschule Fulda,AI1012,Algorithmen und Datenstrukturen,4,Die Studierenden wählen abhängig vom Einsatzszenario geeignete Standarddatenstrukturen und Algorithmen zur Problemlösung aus und setzen sie ein.,,,,
Wirtschaftsinformatik (B.Sc.),Hochschule Fulda,AI1012,Algorithmen und Datenstrukturen,5,"Die Studierenden erstellen in Gruppen Programmierlösungen zu gegebenen Problemstellungen, bringen sich aktiv in die Lösungsentwicklung ein und strukturieren die kollaborative Zusammenarbeit selbst.",,,,
Wirtschaftsinformatik (B.Sc.),Hochschule Fulda,AI1012,Algorithmen und Datenstrukturen,6,Die Studierenden erstellen in Gruppen Präsentationen zu selbst erarbeiteten komplexen Datenstrukturen und Algorithmen.,,,,
Wirtschaftsinformatik (B.Sc.),Hochschule Fulda,AI1244,Datenbanken,1,Die meisten Systeme und Anwendungen in der Informationstechnologie nutzen Datenbank- bzw. Datenverwaltungssysteme als Basis zur Speicherung und Wiedergewinnung system- bzw. anwendungsrelevanter Informationen.,,,,
Wirtschaftsinformatik (B.Sc.),Hochschule Fulda,AI1244,Datenbanken,2,"Die Studierenden werden befähigt, ob und wie der Einsatz von relationalen Datenbanksystemen gerechtfertigt ist (Business Case).",,,,
Wirtschaftsinformatik (B.Sc.),Hochschule Fulda,AI1244,Datenbanken,3,Sie verstehen die grundlegenden Modellierungskonzepte und Datenstrukturen und deren Anwendungen.,,,,
Wirtschaftsinformatik (B.Sc.),Hochschule Fulda,AI1244,Datenbanken,4,Die Studierenden kennen alle wesentlichen Aspekte und den Sprachumfang der standardisierten Datenanfrage- und Datenmanipulationssprache SQL und können diese anwenden.,,,,
Wirtschaftsinformatik (B.Sc.),Hochschule Fulda,AI1244,Datenbanken,5,"Die Studierenden verstehen den Aufbau und die wesentlichen Konzepte von Datenbanksystemen, insbesondere das fundamentale Konzept der Transaktion (ACID), einschließlich der Mechanismen zu seiner Realisierung.",,,,
Wirtschaftsinformatik (B.Sc.),Hochschule Fulda,AI1244,Datenbanken,6,Die Studierenden verstehen die prinzipielle Vorgehensweise von relationalen Datenbanksystemen bei der Optimierung des mengenorientierten Zugriffs auf Daten und die Bedeutung von Speicherungsstrukturen für die Beschleunigung von Zugriffen.,,,,
Wirtschaftsinformatik (B.Sc.),Hochschule Fulda,AI1122,Logistik,1,"Die Studierenden kennen die wesentlichen Grundlagen einer modernen Logistikkonzeption und sind in der Lage, in der betrieblichen Praxis konkrete logistische Fragstellungen in Projekten zu bearbeiten.",,,,
Wirtschaftsinformatik (B.Sc.),Hochschule Fulda,AI1122,Logistik,2,"Besonderer Wert wird hierbei auch auf den interdisziplinären Charakter vieler Logistik-Projekte durch das Zusammenspiel von Logistikmitarbeitern, IT-Mitarbeitern, Ingenieuren, Controllern und auch externen Beteiligten wie Lieferanten, Kunden und Consultants gelegt.",,,,
Wirtschaftsinformatik (B.Sc.),Hochschule Fulda,AI1041,Optimierung,1,"Die Studierenden benennen Probleme, Modelle, Methoden, Verfahren und Anwendungen der Optimierung.",,,,
Wirtschaftsinformatik (B.Sc.),Hochschule Fulda,AI1041,Optimierung,2,Die Studierenden beschreiben Modelle und Verfahren der linearen und nichtlinearen Optimierung.,,,,
Wirtschaftsinformatik (B.Sc.),Hochschule Fulda,AI1041,Optimierung,3,Die Studierenden formulieren geeignete Probleme aus den verschiedenen Anwendungsbereichen als ein Optimierungsproblem und,,,,
Wirtschaftsinformatik (B.Sc.),Hochschule Fulda,AI1041,Optimierung,4,Lösen diese mittels passender Verfahren und Algorithmen.,,,,
Wirtschaftsinformatik (B.Sc.),Hochschule Fulda,AI1124,Projektmanagement,1,"Die Studierenden definieren Projektmanagement und unterscheiden das Steuerungsmodell (Projektmanagement) von dem Durchführungsmodell (Projektphasen, Vorgehensmodelle).",,,,
Wirtschaftsinformatik (B.Sc.),Hochschule Fulda,AI1124,Projektmanagement,2,"Die Studierenden beschreiben die Phasen des Projektmanagements von der Initiierung eines Projektes bis zum Projektabschluss entlang der verschiedenen Projektmanagementelemente, sowie die Einordnung in den Strategiekreislauf von Unternehmen.",,,,
Wirtschaftsinformatik (B.Sc.),Hochschule Fulda,AI1124,Projektmanagement,3,"Die Studierenden lösen Aufgabenstellungen unter Anwendung von Methoden des Projektmanagements wie zum Beispiel des Netzplans, verschiedener Aufwandsschätzverfahren, Verfahren zur Leistungsfortschrittskontrolle (Earned Value Analyse).",,,,
Wirtschaftsinformatik (B.Sc.),Hochschule Fulda,AI1124,Projektmanagement,4,Die Studierenden wenden insbesondere im Praktikum die verschiedenen Methoden und Techniken der Projektplanung am konkreten Anwendungsfall selbst an und präsentieren die Ergebnisse.,,,,
Wirtschaftsinformatik (B.Sc.),Hochschule Fulda,AI1042,Data-Warehousing,1,Die Studierenden erkennen die Bedeutung eines Data-Warehouse im Kontext der betrieblichen Anwendungssoftware.,,,,
Wirtschaftsinformatik (B.Sc.),Hochschule Fulda,AI1042,Data-Warehousing,2,Die Studierenden definieren die Architektur eines Data-Warehouse und,,,,
Wirtschaftsinformatik (B.Sc.),Hochschule Fulda,AI1042,Data-Warehousing,3,Die Studierenden bauen ein einfaches Data-Warehouse auf Basis eines vorgegebenen Data-Warehouse-Systems aus und nutzen es zur Beantwortung betriebswirtschaftlicher Fragestellungen,,,,
Wirtschaftsinformatik (B.Sc.),Hochschule Fulda,AI1042,Data-Warehousing,4,"Die Studierenden verstehen das Konzept multidimensionaler Modellierung, modellieren und implementieren einen OLAP-Würfel und analysieren die darin vorhandenen Daten.",,,,
Wirtschaftsinformatik (B.Sc.),Hochschule Fulda,AI1042,Data-Warehousing,5,"Die Studierenden verstehen die Integration eines Data-Warehouse zum betrieblichen Reporting sowie zur Weiterverarbeitung in anderen Komponenten der betrieblichen Anwendungssoftware, insbesondere dem Data-Mining.",,,,
Wirtschaftsinformatik (B.Sc.),Hochschule Fulda,AI1028,ERP-Systeme,1,Die Studierenden bilden ausgewählte betriebliche Geschäftsprozesse in einer integrierten ERP-Standardsoftware ab.,,,,
Wirtschaftsinformatik (B.Sc.),Hochschule Fulda,AI1028,ERP-Systeme,2,Die Studierenden benennen die Eigenschaften einer Prozessintegration für die betroffenen Prozesse.,,,,
Wirtschaftsinformatik (B.Sc.),Hochschule Fulda,AI1028,ERP-Systeme,3,Die Studierenden beschreiben hierbei auch die Abbildung der Unternehmensstruktur auf das ERP-System sowie die Möglichkeiten der Anpassung eines ERP-Systems an individuelle Geschäftsprozesse.,,,,
Wirtschaftsinformatik (B.Sc.),Hochschule Fulda,AI1028,ERP-Systeme,4,Die Studierenden beschreiben den Zusammenhang zwischen Material- und Werteflüssen in einem solchen System und können diese einander gegenüberstellen.,,,,
Wirtschaftsinformatik (B.Sc.),Hochschule Fulda,AI1028,ERP-Systeme,5,"Die Studierenden sind in der Lage, ihre bisherigen Fachkenntnisse auf dem Gebiet der Wirtschaftsinformatik und Betriebswirtschaft mit der angebotenen Funktionalität im ERP-System zu vertiefen und zu beurteilen, wie diese im ERP-System abgebildet werden.",,,,
Wirtschaftsinformatik (B.Sc.),Hochschule Fulda,AI1028,ERP-Systeme,6,"Die Studierenden beschreiben die Ziele, den Aufbau und die Arbeitsweise heutiger ERP-Systeme.",,,,
Wirtschaftsinformatik (B.Sc.),Hochschule Fulda,AI1274,Management und Marketing,1,Management: Die Studierenden verfügen über Kompetenzen im Bereich Unternehmens- und Personalführung sowie Organisation.,,,,
Wirtschaftsinformatik (B.Sc.),Hochschule Fulda,AI1274,Management und Marketing,2,Hierbei wird auf spezielle Probleme von IT-Unternehmen und IT-Funktionen in Unternehmen eingegangen.,,,,
Wirtschaftsinformatik (B.Sc.),Hochschule Fulda,AI1274,Management und Marketing,3,"Marketing: Die Studierenden verfügen über detaillierte Kenntnisse der Prozesse im Marketing, um Informatik-Leistungen auch an externe oder interne Kunden vermarkten zu können und sind mit den Instrumenten des Marketings vertraut.",,,,
Wirtschaftsinformatik (B.Sc.),Hochschule Fulda,AI1274,Management und Marketing,4,"Die Studierenden sind in die Lage, eine Marketing-Konzeption zu entwickeln.",,,,
Wirtschaftsinformatik (B.Sc.),Hochschule Fulda,AI1009,Web-Applikationen,1,Die Studierenden beschreiben die grundlegenden Konzepte und Techniken des Webs.,,,,
Wirtschaftsinformatik (B.Sc.),Hochschule Fulda,AI1009,Web-Applikationen,2,Die Studierenden benennen die aktuell geltenden Web-Standards.,,,,
Wirtschaftsinformatik (B.Sc.),Hochschule Fulda,AI1009,Web-Applikationen,3,"Die Studierenden wenden grundlegende Methoden, Techniken und Werkzeuge der Webgestaltung zur Webseitenerstellung an Beispielaufgaben an.",,,,
Wirtschaftsinformatik (B.Sc.),Hochschule Fulda,AI1009,Web-Applikationen,4,Die Studierenden erklären das wesentliche Grundprinzip der Trennung von inhaltlicher Struktur und visueller Gestaltung.,,,,
Wirtschaftsinformatik (B.Sc.),Hochschule Fulda,AI1009,Web-Applikationen,5,"Die Studierenden erstellen fachgerecht interaktive, dynamische Webanwendungen und multimediale Webseiten.",,,,
Wirtschaftsinformatik (B.Sc.),Hochschule Fulda,AI1009,Web-Applikationen,6,Die Studierenden setzen Web-Frameworks und -Bibliotheken zur Realisierung interaktiver Web-Anwendungen passend ein.,,,,
Wirtschaftsinformatik (B.Sc.),Hochschule Fulda,AI1009,Web-Applikationen,7,Die Studierenden erklären und implementieren wesentliche Techniken der client- und serverseitigen Programmierung für synchrone als auch asynchrone Client-Server-Kommunikation.,,,,
Wirtschaftsinformatik (B.Sc.),Hochschule Fulda,AI1009,Web-Applikationen,8,Die Studierenden beschreiben wichtige Klassen von Web-Anwendungssystemen.,,,,
Wirtschaftsinformatik (B.Sc.),Hochschule Fulda,AI1009,Web-Applikationen,9,Die Studierenden kommunizieren und koordinieren in kleinen Lerngruppen die Anwendung praxisrelevanter Werkzeuge anhand von Beispielaufgaben.,,,,
Wirtschaftsinformatik (B.Sc.),Hochschule Fulda,AI1126,Bachelor-Projekt Wirtschaftsinformatik,1,"Die Studierenden können eine umfangreiche Aufgabe aus dem Gebiet „kommerzielle Anwendungen“ im Team bearbeiten und sind in der Lage, das Arbeiten in der Form eines Projektes selbstständig zu organisieren.",,,,
Wirtschaftsinformatik (B.Sc.),Hochschule Fulda,AI1126,Bachelor-Projekt Wirtschaftsinformatik,2,"Die Studierenden besitzen Kenntnisse der Projektarbeit und des Projektmanagements und sind in der Lage, ihre bisherigen fachspezifischen Kenntnisse in einem Anwendungsprojekt umzusetzen.",,,,
Wirtschaftsinformatik (B.Sc.),Hochschule Fulda,AI1275,Controlling und IT Controlling,1,Viele Informatiker*innen werden im Verlauf ihres Berufslebens Linien- oder Projektverantwortung tragen.,,,,
Wirtschaftsinformatik (B.Sc.),Hochschule Fulda,AI1275,Controlling und IT Controlling,2,Hierbei sind sie u.a. für die Budgetplanung– und -überwachung und die Beantragung von IT-Investitionen verantwortlich.,,,,
Wirtschaftsinformatik (B.Sc.),Hochschule Fulda,AI1275,Controlling und IT Controlling,3,Die LVA Controlling und IT Controlling vermittelt ihnen die hierfür notwendigen Kenntnisse und Fähigkeiten.,,,,
Wirtschaftsinformatik (B.Sc.),Hochschule Fulda,AI1275,Controlling und IT Controlling,4,Die Studierenden kennen die Aufgaben und Instrumente des Controllings und können diese an konkreten Fragestellungen anwenden.,,,,
Wirtschaftsinformatik (B.Sc.),Hochschule Fulda,AI1275,Controlling und IT Controlling,5,Dabei wird die Thematik zunächst immer aus der Sicht des allgemeinen Controllings eingeführt und dann die jeweiligen speziellen Aspekte des IT-Controllings ergänzt.,,,,
Wirtschaftsinformatik (B.Sc.),Hochschule Fulda,AI1275,Controlling und IT Controlling,6,"Besonderer Wert wird darauf gelegt, Probleme immer aus unterschiedlichen Sichtweisen zu betrachten und nicht voreingenommen und eindimensional an Lösungskonzepte heranzugehen.",,,,
Wirtschaftsinformatik (B.Sc.),Hochschule Fulda,AI1043,Data Mining,1,"Data Mining ist die Gewinnung impliziter, unbekannter und potenziell nützlicher Informationen aus Daten mittels (mathematischer) Methoden.",,,,
Wirtschaftsinformatik (B.Sc.),Hochschule Fulda,AI1043,Data Mining,2,"Die Studierenden erläutern Grundbegriffe, Konzepte, Modelle, Probleme und Methoden der Angewandten Statistik und des Data Mining. formulieren Informationsgewinnung aus den verschiedenen Datenbeständen als Probleme der Angewandten Statistik und Data Mining und bieten dazu geeignete Verfahren zu ihrer Lösung an.",,,,
Wirtschaftsinformatik (B.Sc.),Hochschule Fulda,AI1043,Data Mining,3,"Die Studierenden wenden ihr Wissen und Verstehen auf ihre Tätigkeit oder ihren Beruf an,",,,,
Wirtschaftsinformatik (B.Sc.),Hochschule Fulda,AI1043,Data Mining,4,"Die Studierenden formulieren und verteidigen fachbezogene Positionen und Problemlösungen ,",,,,
Wirtschaftsinformatik (B.Sc.),Hochschule Fulda,AI1043,Data Mining,5,"Die Studierenden tauschen sich mit Fachvertreten und mit Laien über Ideen, Probleme und Lösungen aus.",,,,
Wirtschaftsinformatik (B.Sc.),Hochschule Fulda,AI1017,IT-Sicherheit,1,Die Studierenden benennen Angriffstechniken und Herausforderungen bei der Absicherung von IT-Systemen.,,,,
Wirtschaftsinformatik (B.Sc.),Hochschule Fulda,AI1017,IT-Sicherheit,2,Die Studierenden definieren und unterscheiden Fachbegriffe der IT-Sicherheit.,,,,
Wirtschaftsinformatik (B.Sc.),Hochschule Fulda,AI1017,IT-Sicherheit,3,"Die Studierenden analysieren gegebene Problemstellungen auf Anfälligkeit gegenüber Angriffen, bewerten die Relevanz der Absicherung gegenüber den Angriffen und können passende Sicherheitsmechanismen benennen.",,,,
Wirtschaftsinformatik (B.Sc.),Hochschule Fulda,AI1017,IT-Sicherheit,4,"Die Studierenden benennen Verfahren im Bereich der Kryptographie, erklären die Sicherheitseigenschaften der Verfahren und können passende Verfahren zu gegebenen Problemstellungen auswählen.",,,,
Wirtschaftsinformatik (B.Sc.),Hochschule Fulda,AI1017,IT-Sicherheit,5,"Die Studierenden benennen Protokolle im Bereich der IT-Sicherheit, erklären, wieso die Sicherheitsziele der Protokolle erreicht werden und können passende Protokolle zu gegebenen Problemstellungen auswählen.",,,,
Wirtschaftsinformatik (B.Sc.),Hochschule Fulda,AI1017,IT-Sicherheit,6,"Die Studierenden benennen Angriffe und Gegenmaßnahmen im Bereich der Netzwerksicherheit, Betriebssystemsicherheit und Softwaresicherheit und können die Gegenmaßnahmen passend zu einer Problemstellung anwenden.",,,,
Wirtschaftsinformatik (B.Sc.),Hochschule Fulda,AI1418,Abschlussmodul Bachelor Wirtschaftsinformatik,1,"Die Studierenden sind in der Lage, innerhalb einer vorgegebenen Frist von drei Monaten ein Problem aus dem Fachgebiet der Wirtschaftsinformatik selbständig und nach wissenschaftlichen Methoden zu bearbeiten und die gewonnenen Ergebnisse verständlich und folgerichtig darzustellen.",,,,
Wirtschaftsinformatik (B.Sc.),Hochschule Fulda,AI1023,Praxisprojekt,1,Die Studierenden fassen die Arbeitsaufgaben eines typischen Berufsbildes der Informatik zusammen.,,,,
Wirtschaftsinformatik (B.Sc.),Hochschule Fulda,AI1023,Praxisprojekt,2,Die Studierenden berücksichtigen die Anforderungen des Bewerbungsprozesses im Personalauswahlverfahren bei ihrer Bewerbung.,,,,
Wirtschaftsinformatik (B.Sc.),Hochschule Fulda,AI1023,Praxisprojekt,3,Die Studierenden wenden das erlernte Fach- und Methodenwissen aus dem Studium in einer Unternehmensumgebung an.,,,,
Wirtschaftsinformatik (B.Sc.),Hochschule Fulda,AI1023,Praxisprojekt,4,Die Studierenden setzen ihre erworbenen persönlichen und sozialen Kompetenzen in konkreten Projekten ein und passen sich an betriebliche Gegebenheiten an.,,,,
Wirtschaftsinformatik (B.Sc.),Hochschule Fulda,AI4035,Aktuelles Thema der Wirtschaftsinformatik,1,Die Studierenden haben ein vertieftes Verständnis für ein aktuelles Problem der Wirtschaftsinformatik und können diese Erkenntnisse in der Praxis anwenden.,,,,
Wirtschaftsinformatik (B.Sc.),Hochschule Fulda,AI1406,Big Data Grundlagen,1,Die Studierenden haben einen Überblick über die verschiedenen Ansätze und Probleme von Architekturansätzen im Kontext Big Data.,,,,
Wirtschaftsinformatik (B.Sc.),Hochschule Fulda,AI1406,Big Data Grundlagen,2,"Sie sind in der Lage, architektonische Unterschiede zu erläutern und können Entscheidungen, für oder gegen eine Variante treffen.",,,,
Wirtschaftsinformatik (B.Sc.),Hochschule Fulda,AI1406,Big Data Grundlagen,3,Ebenfalls sind die Studierenden in der Lage verschiedene Technologien aus dem Kontext Big Data zu nennen und diese für verschiedene Problemstellungen zu empfehlen.,,,,
Wirtschaftsinformatik (B.Sc.),Hochschule Fulda,AI1406,Big Data Grundlagen,4,Des Weiteren können die Datenverarbeitung im Kontext Big Data erläutert und Schwierigkeiten aufgezählt werden.,,,,
Wirtschaftsinformatik (B.Sc.),Hochschule Fulda,AI1406,Big Data Grundlagen,1,"Studierende können in englischer Sprache argumentieren, diskutieren, beschreiben, Meinungen ausdrücken, sich schriftlich und mündlich über Wirtschaftsthemen äußern (Niveau B2.1)",,,,
Wirtschaftsinformatik (B.Sc.),Hochschule Fulda,AI1045,CRM-Systeme,1,Die Studierenden benennen die wesentlichen Funktionen eines CRM-Systems und seine Komponenten.,,,,
Wirtschaftsinformatik (B.Sc.),Hochschule Fulda,AI1045,CRM-Systeme,2,"Die Studierenden erkennen die Möglichkeiten, die ein CRM-System bietet, um kundenzentrierte Geschäftsprozesse zu implementieren.",,,,
Wirtschaftsinformatik (B.Sc.),Hochschule Fulda,AI1045,CRM-Systeme,3,Die Studierenden implementieren entsprechende Prozesse in dem für die Veranstaltung ausgewählten CRM-System.,,,,
Wirtschaftsinformatik (B.Sc.),Hochschule Fulda,AI1045,CRM-Systeme,4,"Die Studierenden vertiefen das bisher in grundlegenden Veranstaltungen zur Betriebswirtschaft, zu ERP-Systemen und zum Data-Warehouse Gelernte unter dem Aspekt des Kundenbeziehungsmanagements und können die verschiedenen Themengebiete unter dem CRM-Aspekt unterscheiden und den entsprechenden Komponenten zuordnen.",,,,
Wirtschaftsinformatik (B.Sc.),Hochschule Fulda,AI1045,CRM-Systeme,5,Die Studierenden können die implementierten Prozesse oder Prozessfragmente kritisch analysieren und vergleichen.,,,,
Wirtschaftsinformatik (B.Sc.),Hochschule Fulda,AI1045,CRM-Systeme,6,"Die Studierenden grenzen den Bezug der Prozesse untereinander und zu den übrigen Systemen (z.B. ERP, DataWarehouse) ab.",,,,
Wirtschaftsinformatik (B.Sc.),Hochschule Fulda,AI1045,CRM-Systeme,7,Die Studierenden implementieren und beurteilen verschiedene Methoden zur Entscheidungsunterstützung.,,,,
Wirtschaftsinformatik (B.Sc.),Hochschule Fulda,AI1454,Digitalisierung von Geschäftsprozessen mit Low Code,1,"In diesem Modul wird bevorzugt mit Low-Code Plattformen gearbeitet, deren Ausgangspunkt in dem Geschäftsprozessmodell liegt, so dass die Qualifikationsziele stark durch diese Form der Low-Code Programmierung gegeben sind – die Studierenden kennen den Zusammenhang zwischen dem Geschäftsprozessmodell und der Ausführung dieses Modells.",,,,
Wirtschaftsinformatik (B.Sc.),Hochschule Fulda,AI1454,Digitalisierung von Geschäftsprozessen mit Low Code,2,Die Studierenden können die prinzipiellen konzeptionellen Unterschiede verschiedener Low-Code Programmierformen und deren Bezug zum komponentenbasierten Softwareengineering sowie der agilen Softwareentwicklung darstellen.,,,,
Wirtschaftsinformatik (B.Sc.),Hochschule Fulda,AI1454,Digitalisierung von Geschäftsprozessen mit Low Code,3,Die Studierenden beschreiben den Unterschied zwischen Geschäftsprozess und Workflow.,,,,
Wirtschaftsinformatik (B.Sc.),Hochschule Fulda,AI1454,Digitalisierung von Geschäftsprozessen mit Low Code,4,Die Studierenden erlangen vertiefte Kenntnisse in der Modellierung von Geschäftsprozessen und können so die beim Übergang vom fachlichen Modell zum automatisierten Prozess auftretenden Probleme beschreiben.,,,,
Wirtschaftsinformatik (B.Sc.),Hochschule Fulda,AI1454,Digitalisierung von Geschäftsprozessen mit Low Code,5,Die Studierenden sind mit den Vor- und Nachteilen einer solchen Automatisierung vertraut und können diese nennen und mit Hilfe von Modellen darstellen & implementieren.,,,,
Wirtschaftsinformatik (B.Sc.),Hochschule Fulda,AI1454,Digitalisierung von Geschäftsprozessen mit Low Code,6,"Die Studierenden implementieren typische, kleine komplette Anwendungsfälle – etwa im Prozessmodell, Datenmodell, User-Interface und den Geschäftslogiken und können diese verschiedenen Sichten klar voneinander abgrenzen.",,,,
Wirtschaftsinformatik (B.Sc.),Hochschule Fulda,AI1454,Digitalisierung von Geschäftsprozessen mit Low Code,7,Die Studierenden kennen ein Vorgehensmodell zur Durchführung von Low-Code-Projekten und können ihre in diesem Modul erworbenen technischen Kompetenzen dort einordnen und bei Bedarf auf Plattformen mit einem nicht-prozessorientierten Ansatz übertragen.,,,,
Wirtschaftsinformatik (B.Sc.),Hochschule Fulda,AI1454,Digitalisierung von Geschäftsprozessen mit Low Code,8,Die Studierenden sind in der Lage die Möglichkeiten der Steuerung von externen Anwendungen/ Auslagerungen von Funktionen in externen Anwendungen – speziell via Webtechnologien - einschätzen und für einfache Fälle auch implementieren.,,,,
Wirtschaftsinformatik (B.Sc.),Hochschule Fulda,AI1030,Entwicklung von betrieblicher Anwendungssoftware,1,"Die Studierenden erkennen die speziellen Fragestellungen, die sich bei der Entwicklung/ Erweiterung von betrieblicher Anwendungssoftware/ Standardsoftware ergeben.",,,,
Wirtschaftsinformatik (B.Sc.),Hochschule Fulda,AI1030,Entwicklung von betrieblicher Anwendungssoftware,2,Beispielhaft kann dies anhand von SAP SAP-Anwendungen geschehen – etwa durch eine Programmierung in ABAP-OO oder auch anderen Systemen (abhängig vom Dozenten).,,,,
Wirtschaftsinformatik (B.Sc.),Hochschule Fulda,AI1030,Entwicklung von betrieblicher Anwendungssoftware,3,Die Studierenden beherrschen dem Umgang mit der jeweiligen Programmierumgebung (IDE).,,,,
Wirtschaftsinformatik (B.Sc.),Hochschule Fulda,AI1030,Entwicklung von betrieblicher Anwendungssoftware,4,AI1030 Entwicklung von betrieblicher Anwendungssoftware SPO B.Sc.,,,,
Wirtschaftsinformatik (B.Sc.),Hochschule Fulda,AI1030,Entwicklung von betrieblicher Anwendungssoftware,5,"Wirtschaftsinformatik vom 22.01.2020, zuletzt geändert am 17.01.2024 Hochschule Fulda, Fachbereich Angewandte Informatik Seite 57",,,,
Wirtschaftsinformatik (B.Sc.),Hochschule Fulda,AI1030,Entwicklung von betrieblicher Anwendungssoftware,6,Die Studierenden beschreiben das Programmiermodell des Anwendungssystems je Anwendungstyp.,,,,
Wirtschaftsinformatik (B.Sc.),Hochschule Fulda,AI1030,Entwicklung von betrieblicher Anwendungssoftware,7,"Die Studierenden implementieren die verschiedenen Anwendungstypen (Reports, Transaktionen).",,,,
Wirtschaftsinformatik (B.Sc.),Hochschule Fulda,AI1030,Entwicklung von betrieblicher Anwendungssoftware,8,Die Studierenden beschreiben die Beziehung/ wesentlichen Unterschiede zu den bisher bekannten Sprachen (etwa Java/ C).,,,,
Wirtschaftsinformatik (B.Sc.),Hochschule Fulda,AI1030,Entwicklung von betrieblicher Anwendungssoftware,9,Die Studierenden verstehen die spezielle Rolle der Datenbank für die Anwendung und die Datenbankschnittstelle kann integriert in die Anwendungslogik implementiert werden.,,,,
Wirtschaftsinformatik (B.Sc.),Hochschule Fulda,AI1030,Entwicklung von betrieblicher Anwendungssoftware,10,"Die Studierenden grenzen weiterführende Konzepte der Anwendungsprogrammierung, speziell in Form von Web-Anwendungen, wie Verwendung des MVC-Patterns, weitere Patterns (Separation of Concerns, MVP) voneinander ab.",,,,
Wirtschaftsinformatik (B.Sc.),Hochschule Fulda,AI1030,Entwicklung von betrieblicher Anwendungssoftware,11,Die Studierenden verstehen das Konzept der kundenspezifischen Erweiterung von Anwendungen und können solche implementieren.,,,,
Wirtschaftsinformatik (B.Sc.),Hochschule Fulda,AI1030,Entwicklung von betrieblicher Anwendungssoftware,12,Die Studierenden verstehen das Konzept der Verteilung von Anwendungen und können die wesentlichen Punkte benennen sowie kleine Beispiele implementieren.,,,,
Wirtschaftsinformatik (B.Sc.),Hochschule Fulda,AI1030,Entwicklung von betrieblicher Anwendungssoftware,13,"Die Studierenden verstehen das Konzept der transaktionalen Verarbeitung und können diese auf das verwendete System anwenden (Locking, Verbuchung, konsistente Datenhaltung).",,,,
Wirtschaftsinformatik (B.Sc.),Hochschule Fulda,AI1030,Entwicklung von betrieblicher Anwendungssoftware,14,Die Studierenden beschreiben die Vor- und Nachteile einer horizontalen vs. einer vertikalen Speicherung von Daten.,,,,
Wirtschaftsinformatik (B.Sc.),Hochschule Fulda,AI1273,Grundlagen der Wirtschaftspolitik,1,"Die Studierenden definieren die Grundlagenbegriffe von Politik und Wirtschaft, VWL und BWL.",,,,
Wirtschaftsinformatik (B.Sc.),Hochschule Fulda,AI1273,Grundlagen der Wirtschaftspolitik,2,"Die Studierenden erklären das Wirtschaftssystem anhand von Markt und Hierarchie, Plan- und Marktwirtschaft sowie soziale Marktwirtschaft.",,,,
Wirtschaftsinformatik (B.Sc.),Hochschule Fulda,AI1273,Grundlagen der Wirtschaftspolitik,3,Die Studierenden beantworten ausgewählte Fragestellung aus der Wirtschaftspolitik.,,,,
Wirtschaftsinformatik (B.Sc.),Hochschule Fulda,AI1273,Grundlagen der Wirtschaftspolitik,4,Beteiligen sich aktiv an aktuellen wirtschaftspolitischen Debatten.,,,,
Wirtschaftsinformatik (B.Sc.),Hochschule Fulda,AI1273,Grundlagen der Wirtschaftspolitik,5,Die Studierenden ordnen die vorgebrachten Argumente theoretisch ein und bewerten diese.,,,,
Wirtschaftsinformatik (B.Sc.),Hochschule Fulda,AI1130,Kostenrechnung,1,Die Studierenden verstehen den Aufbau einer modernen Kostenrechnung und können bei einer Kostenplanung mitwirken.,,,,
Wirtschaftsinformatik (B.Sc.),Hochschule Fulda,AI1130,Kostenrechnung,2,"Ferner sind sie in der Lage, Kostenabweichungen zu interpretieren.",,,,
Wirtschaftsinformatik (B.Sc.),Hochschule Fulda,AI1130,Kostenrechnung,3,"Sie sind in der Lage, Diskussionen mit Controllern in Bezug auf Kostenbudgets/ Kostenabweichungen zu führen und ihre Anliegen in der Diskussion erfolgreich vorzubringen.",,,,
Wirtschaftsinformatik (B.Sc.),Hochschule Fulda,AI1130,Kostenrechnung,4,"Als Mitarbeitende in der IT sind sie in der Lage, die Anforderungen der Abteilung Kostenrechnung im Rahmen von IT-Projekten aufzunehmen und im Customizing umzusetzen.",,,,
Wirtschaftsinformatik (B.Sc.),Hochschule Fulda,AI1052,Personalmanagement,1,Die Studierenden beschreiben den Umgang mit der „Ressource Mensch“ im Unternehmen.,,,,
Wirtschaftsinformatik (B.Sc.),Hochschule Fulda,AI1052,Personalmanagement,2,Die Studierenden erklären die Grundfunktionen der Personalbedarfsplanung und -beschaffung.,,,,
Wirtschaftsinformatik (B.Sc.),Hochschule Fulda,AI1052,Personalmanagement,3,"Die Studierenden erläutern den Personaleinsatz, die Personalentwicklung und -freisetzung.",,,,
Wirtschaftsinformatik (B.Sc.),Hochschule Fulda,AI1052,Personalmanagement,4,Die Studierenden erklären die Personalentlohnung und Personalverwaltung.,,,,
Wirtschaftsinformatik (B.Sc.),Hochschule Fulda,AI1052,Personalmanagement,5,Die Studierenden nennen die gängigen Personalauswahlverfahren.,,,,
Wirtschaftsinformatik (B.Sc.),Hochschule Fulda,AI1052,Personalmanagement,6,"Die Studierenden bereiten sich kompetent auf Bewerbungsprozesse vor, indem Sie das Verhalten in Bewerbungssituationen trainieren.",,,,
Wirtschaftsinformatik (B.Sc.),Hochschule Fulda,AI1052,Personalmanagement,7,"Die Studierenden beschreiben die wesentlichen Faktoren des Berufseinstiegs (Einarbeitung, Gehalt, Einsatz, Kündigungsverfahren).",,,,
Wirtschaftsinformatik (B.Sc.),Hochschule Fulda,AI1052,Personalmanagement,8,Die Studierenden trainieren das Verhalten in Bewerbungssituationen.,,,,
Wirtschaftsinformatik (B.Sc.),Hochschule Fulda,AI1052,Personalmanagement,9,Die Studierenden simulieren die gängigen Auswahlverfahren der Personalauswahl für den Berufseinstieg.,,,,
Wirtschaftsinformatik (B.Sc.),Hochschule Fulda,AI1452,Simulation,1,Die Studierenden haben einen Überblick über Probleme und Ansätze der Anwendung von Computersimulationen in der sozialwissenschaftlichen Wissenschaft und Praxis.,,,,
Wirtschaftsinformatik (B.Sc.),Hochschule Fulda,AI1452,Simulation,2,"Sie kennen verschiedene Anwendungen der Computersimulation, können Beispiele nennen und sind in der Lage, Vor- und Nachteile verschiedener Ansätze einzuordnen.",,,,
Wirtschaftsinformatik (B.Sc.),Hochschule Fulda,AI1452,Simulation,3,"Darüber hinaus können Sie Probleme modellieren, softwarebasierte Simulationsexperimente durchführen, Simulationsergebnisse auswerten und präsentieren.",,,,
Wirtschaftsinformatik (B.Sc.),Hochschule Fulda,AI1053,Unternehmensplanspiel,1,"Die Studierenden sind in der Lage, selbstständig (bzw. in Teamarbeit) betriebswirtschaftliche Entscheidungen unter Berücksichtigung von deren Konsequenzen (z.B. auf Cash Flow oder Gewinn) zu treffen.",,,,
Wirtschaftsinformatik (B.Sc.),Hochschule Fulda,AI1053,Unternehmensplanspiel,1,Die Studierenden verstehen den Aufbau wissenschaftlicher Arbeiten und wenden verschiedene Lesetechniken zum Auseinandersetzen mit den Inhalten ausgewählter wissenschaftlicher Arbeiten an,,,,
Wirtschaftsinformatik (B.Sc.),Hochschule Fulda,AI1053,Unternehmensplanspiel,2,Die Studierenden kennen wissenschaftliche Evaluationsmethodiken und führen eine Evaluationsmethodik anhand einer selbstgewählten Problemstellung durch,,,,
Wirtschaftsinformatik (B.Sc.),Hochschule Fulda,AI1053,Unternehmensplanspiel,3,Die Studierenden erklären die Gütekriterien wissenschaftlicher Arbeit und wenden sie beim Verfassen einer wissenschaftlichen Ausarbeitung an,,,,
Wirtschaftsinformatik (B.Sc.),Hochschule Fulda,AI1053,Unternehmensplanspiel,4,Die Studierenden beurteilen die Einhaltung der Gütekritieren wissenschaftlicher Arbeiten anderer Studierenden in Form eines Peer-Reviews,,,,
Wirtschaftsinformatik (B.Sc.),Hochschule Fulda,AI1053,Unternehmensplanspiel,5,Die Studierenden präsentieren ihre gewonnen Erkenntnisse,,,,
Wirtschaftsingenieurwesen (B.Sc.),Hochschule Fulda,ET1000,Mathematik 1,1,"die wichtigen Begriffe der Mathematik (z.B. Zahlenmengen, Funktionen, Folgen) und der analytischen Geometrie und linearen Algebra (z.B. Vektoren, Matrizen) zu verstehen",,,,
Wirtschaftsingenieurwesen (B.Sc.),Hochschule Fulda,ET1000,Mathematik 1,2,die grundlegenden Techniken und Methoden zur Lösung von Gleichungen und zur Untersuchung von Funktionen zu beherrschen,,,,
Wirtschaftsingenieurwesen (B.Sc.),Hochschule Fulda,ET1000,Mathematik 1,3,die Funktionen zu analysieren und ihre Eigenschaften zur Lösung verschiedener Probleme anzuwenden,,,,
Wirtschaftsingenieurwesen (B.Sc.),Hochschule Fulda,ET1002,Grundlagen der Elektrotechnik 1 – Gleichstromnetzwerke,1,die wichtigsten passiven elektrotechnischen Bauelemente zu benennen und zu erklären,,,,
Wirtschaftsingenieurwesen (B.Sc.),Hochschule Fulda,ET1002,Grundlagen der Elektrotechnik 1 – Gleichstromnetzwerke,2,Verfahren zur Berechnung linearer elektrischer Netzwerke anzuwenden,,,,
Wirtschaftsingenieurwesen (B.Sc.),Hochschule Fulda,ET1002,Grundlagen der Elektrotechnik 1 – Gleichstromnetzwerke,3,nichtlineare Netzwerke grundlegend zu beschreiben und zu berechnen,,,,
Wirtschaftsingenieurwesen (B.Sc.),Hochschule Fulda,ET1599,Physik,1,mit der Dynamik eines Massepunktes umzugehen und einfache Probleme der Newtonschen Mechanik (eines Massepunktes) zu berechnen,,,,
Wirtschaftsingenieurwesen (B.Sc.),Hochschule Fulda,ET1599,Physik,2,Trägheitsmomente und Drehbewegungen einfacher starrer Körper zu berechnen,,,,
Wirtschaftsingenieurwesen (B.Sc.),Hochschule Fulda,ET1599,Physik,3,die Theorie der Schwingungs- und Wellenvorgänge bei der Lösung einfacher Probleme anzuwenden,,,,
Wirtschaftsingenieurwesen (B.Sc.),Hochschule Fulda,ET1599,Physik,4,Begriffe und Gesetze der technischen Thermodynamik wiederzugeben und anzuwenden,,,,
Wirtschaftsingenieurwesen (B.Sc.),Hochschule Fulda,ET1599,Physik,5,die Grundlagen der spez.,,,,
Wirtschaftsingenieurwesen (B.Sc.),Hochschule Fulda,ET1599,Physik,6,Relativitätstheorie zu beschreiben und den rechnerischen Umgang mit deren technischen Konsequenzen zu nennen,,,,
Wirtschaftsingenieurwesen (B.Sc.),Hochschule Fulda,ET1599,Physik,7,"qualitativ die Physik der Halbleiter, deren Dotierung und den Aufbau eines pn-Übergangs zu erklären und einfache Probleme in diesem Zusammenhang zu lösen",,,,
Wirtschaftsingenieurwesen (B.Sc.),Hochschule Fulda,ET1599,Physik,8,qualitativ die chem.,,,,
Wirtschaftsingenieurwesen (B.Sc.),Hochschule Fulda,ET1599,Physik,9,"Bindungen, die Kristallstrukturen, die Kristallfehler und den Aufbau von Polymeren zu beschreiben",,,,
Wirtschaftsingenieurwesen (B.Sc.),Hochschule Fulda,ET1003,Digitaltechnik und sprachliche Grundlagen,1,einfache Digitalschaltungen zu konstruieren,,,,
Wirtschaftsingenieurwesen (B.Sc.),Hochschule Fulda,ET1003,Digitaltechnik und sprachliche Grundlagen,2,die grundlegenden Konzepte des Aufbaus und der Programmierung von Rechnern wiederzugeben,,,,
Wirtschaftsingenieurwesen (B.Sc.),Hochschule Fulda,ET1010,Grundlagen der Programmierung,1,"Die Teilnehmenden sind in der Lage, in einer imperativen Programmiersprache unter Anwendung der Programmiermethodik kleinere Aufgaben und Probleme programmtechnisch zu lösen.",,,,
Wirtschaftsingenieurwesen (B.Sc.),Hochschule Fulda,ET1006,Mathematik 2,1,die Grundlagen der Differential- und Integralrechnung zu beherrschen und die grundlegenden Techniken anzuwenden,,,,
Wirtschaftsingenieurwesen (B.Sc.),Hochschule Fulda,ET1006,Mathematik 2,2,verschiedene Typen von Differentialgleichungen zu lösen und ihre Bedeutung für Anwendungen zu verstehen,,,,
Wirtschaftsingenieurwesen (B.Sc.),Hochschule Fulda,ET1009,Grundlagen der Elektrotechnik 2 – Wechselstromnetzwerke,1,das Frequenzverhalten einfacher Wechselstromschaltungen zu berechnen,,,,
Wirtschaftsingenieurwesen (B.Sc.),Hochschule Fulda,ET1009,Grundlagen der Elektrotechnik 2 – Wechselstromnetzwerke,2,"Ströme, Spannungen und Leistungen in Mehrphasensystemen zu berechnen",,,,
Wirtschaftsingenieurwesen (B.Sc.),Hochschule Fulda,ET1009,Grundlagen der Elektrotechnik 2 – Wechselstromnetzwerke,3,transiente Vorgänge zu berechnen,,,,
Wirtschaftsingenieurwesen (B.Sc.),Hochschule Fulda,ET1588,Xperience Lab 1,1,"Versuchsanordnungen zu ausgewählten Themen der Vorlesungen Grundlagen der Elektrotechnik 1 und 2, Messtechnik und Physik unter Einsatz unterschiedlicher Messmittel und Bauelemente aufzubauen",,,,
Wirtschaftsingenieurwesen (B.Sc.),Hochschule Fulda,ET1588,Xperience Lab 1,2,das Vorlesungswissen aus Grundlagen der Elektrotechnik 1 und 2 und Physik in praktischen Versuchen anzuwenden,,,,
Wirtschaftsingenieurwesen (B.Sc.),Hochschule Fulda,ET1588,Xperience Lab 1,3,Messergebnisse zu dokumentieren und zu bewerten,,,,
Wirtschaftsingenieurwesen (B.Sc.),Hochschule Fulda,ET1588,Xperience Lab 1,4,Fehlerschranken zu ermitteln,,,,
Wirtschaftsingenieurwesen (B.Sc.),Hochschule Fulda,ET1588,Xperience Lab 1,5,Im Team zu arbeiten,,,,
Wirtschaftsingenieurwesen (B.Sc.),Hochschule Fulda,ET1600,Technikprojekt,1,die typischen Aufgaben von Ingenieur*innen wiederzugeben,,,,
Wirtschaftsingenieurwesen (B.Sc.),Hochschule Fulda,ET1600,Technikprojekt,2,die Bedeutung der Technik für Gesellschaft und Wirtschaft zu erklären,,,,
Wirtschaftsingenieurwesen (B.Sc.),Hochschule Fulda,ET1600,Technikprojekt,3,selbstständig und in Teams zu arbeiten,,,,
Wirtschaftsingenieurwesen (B.Sc.),Hochschule Fulda,ET1600,Technikprojekt,4,"eine vorgebebene Aufgabenstellung im Team zu analysieren, zu lösen und zu präsentieren",,,,
Wirtschaftsingenieurwesen (B.Sc.),Hochschule Fulda,ET1600,Technikprojekt,5,naturwissenschaftlich zu denken und methodisch zu arbeiten Die Teilnehmenden beherrschen:,,,,
Wirtschaftsingenieurwesen (B.Sc.),Hochschule Fulda,ET1600,Technikprojekt,6,Grundverständnis für technische und physikalische Zusammenhänge,,,,
Wirtschaftsingenieurwesen (B.Sc.),Hochschule Fulda,ET1600,Technikprojekt,7,Verständnis einfacher elektrischer Schaltungen,,,,
Wirtschaftsingenieurwesen (B.Sc.),Hochschule Fulda,ET1600,Technikprojekt,8,die Erstellung einfacher mechanische Konstruktionen,,,,
Wirtschaftsingenieurwesen (B.Sc.),Hochschule Fulda,ET1600,Technikprojekt,9,die Bedienung von einfachen Messgeräten,,,,
Wirtschaftsingenieurwesen (B.Sc.),Hochschule Fulda,ET1600,Technikprojekt,10,Messungen an einfachen Schaltungen durchzuführen und zu bewerten,,,,
Wirtschaftsingenieurwesen (B.Sc.),Hochschule Fulda,ET1600,Technikprojekt,11,einfache Programmieraufgaben mit einem eingebetteten System zu lösen,,,,
Wirtschaftsingenieurwesen (B.Sc.),Hochschule Fulda,ET1600,Technikprojekt,12,Literatur und Internetrecherche wissenschaftlich fundiert zu nutzen,,,,
Wirtschaftsingenieurwesen (B.Sc.),Hochschule Fulda,ET1600,Technikprojekt,13,methodisches Arbeiten,,,,
Wirtschaftsingenieurwesen (B.Sc.),Hochschule Fulda,ET1601,Wissenschaftliches Arbeiten und Technisches Englisch,1,"die Methodik für das Anfertigen von wissenschaftlichen Arbeiten aus dem Bereich der Elektrotechnik und Informationstechnik, der Erneuerbaren Energien oder der Mechatronik (je nach Studiengang) anzuwenden.",,,,
Wirtschaftsingenieurwesen (B.Sc.),Hochschule Fulda,ET1601,Wissenschaftliches Arbeiten und Technisches Englisch,2,wissenschaftlicher Frage- und Problemstellungen zu formulieren,,,,
Wirtschaftsingenieurwesen (B.Sc.),Hochschule Fulda,ET1601,Wissenschaftliches Arbeiten und Technisches Englisch,3,mit wissenschaftlichen Quellen zu arbeiten,,,,
Wirtschaftsingenieurwesen (B.Sc.),Hochschule Fulda,ET1601,Wissenschaftliches Arbeiten und Technisches Englisch,4,selbstständig wissenschaftliche Arbeiten nach anerkannten Standards anzufertigen,,,,
Wirtschaftsingenieurwesen (B.Sc.),Hochschule Fulda,ET1601,Wissenschaftliches Arbeiten und Technisches Englisch,5,Arbeitsergebnisse auf Englisch zu präsentieren,,,,
Wirtschaftsingenieurwesen (B.Sc.),Hochschule Fulda,ET1601,Wissenschaftliches Arbeiten und Technisches Englisch,1,die Buchführungstechnik der wichtigsten Geschäftsvorfälle in der Praxis zu beherrschen und die Bilanzierung grundlegender Bilanzposten vorzunehmen,,,,
Wirtschaftsingenieurwesen (B.Sc.),Hochschule Fulda,ET1601,Wissenschaftliches Arbeiten und Technisches Englisch,2,"die Gewinnauswirkung, Eigenkapitalauswirkung und Cash-Auswirkung eines Geschäftsvorfalles zu",,,,
Wirtschaftsingenieurwesen (B.Sc.),Hochschule Fulda,ET1601,Wissenschaftliches Arbeiten und Technisches Englisch,3,die Zusammenhänge zu anderen betriebswirtschaftlichen Teilbereichen auf Basis der Buchführung zu erkennen,,,,
Wirtschaftsingenieurwesen (B.Sc.),Hochschule Fulda,ET1601,Wissenschaftliches Arbeiten und Technisches Englisch,4,die Zielsetzungen von Handels- und Steuerbilanz und deren Verknüpfung bzw. Trennung sowie grundlegende Bilanzposten in der Handelsbilanz zu unterscheiden,,,,
Wirtschaftsingenieurwesen (B.Sc.),Hochschule Fulda,ET1047,Wahrscheinlichkeitsrechnung und Statistik,1,Die Teilnehmenden,,,,
Wirtschaftsingenieurwesen (B.Sc.),Hochschule Fulda,ET1047,Wahrscheinlichkeitsrechnung und Statistik,2,lernen das Denken in Wahrscheinlichkeiten und sind sich der zugrundeliegenden Annahmen und der Gefahr von Irrtümern bewusst,,,,
Wirtschaftsingenieurwesen (B.Sc.),Hochschule Fulda,ET1047,Wahrscheinlichkeitsrechnung und Statistik,3,lernen die wichtigsten Begriffe der elementaren Wahrscheinlichkeitsrechnung und Statistik kennen,,,,
Wirtschaftsingenieurwesen (B.Sc.),Hochschule Fulda,ET1047,Wahrscheinlichkeitsrechnung und Statistik,4,können Aufgaben zu den erlernten Methoden selbständig bearbeiten,,,,
Wirtschaftsingenieurwesen (B.Sc.),Hochschule Fulda,ET1047,Wahrscheinlichkeitsrechnung und Statistik,5,"lernen, zu einem gegebenen Problem ein zutreffendes wahrscheinlichkeitstheoretisches Modell zu finden",,,,
Wirtschaftsingenieurwesen (B.Sc.),Hochschule Fulda,ET1047,Wahrscheinlichkeitsrechnung und Statistik,6,"lernen, statistisch begründete Aussagen kritisch zu werten",,,,
Wirtschaftsingenieurwesen (B.Sc.),Hochschule Fulda,ET1015,Elektronik,1,die wichtigsten aktiven Bauelemente und deren Modelle zu erklären,,,,
Wirtschaftsingenieurwesen (B.Sc.),Hochschule Fulda,ET1015,Elektronik,2,"mit realen, d.h. frequenzabhängigen, nichtlinearen, temperaturabhängigen und alternden Bauelementen stabile Schaltungen mit vorgegebenen Eigenschaften zu entwerfen",,,,
Wirtschaftsingenieurwesen (B.Sc.),Hochschule Fulda,ET1015,Elektronik,3,die Problematik der Anwendung vereinfachter Modelle auf reale Sachverhalte darzulegen,,,,
Wirtschaftsingenieurwesen (B.Sc.),Hochschule Fulda,ET1016,Einführung in die Messtechnik und Systemtheorie,1,"die theoretischen sowie praktischen Grundlagen des Messens wiederzugeben, zu erläutern und anzuwenden",,,,
Wirtschaftsingenieurwesen (B.Sc.),Hochschule Fulda,ET1016,Einführung in die Messtechnik und Systemtheorie,2,"die wesentlichen Grundlagen auf dem Gebiet des Messens physikalischer Größen zu wiederholen und Probleme bei der Vorbereitung, Durchführung und Auswertung von Messungen selbständig zu lösen",,,,
Wirtschaftsingenieurwesen (B.Sc.),Hochschule Fulda,ET1016,Einführung in die Messtechnik und Systemtheorie,3,in den begleitenden Übungen das erlernte theoretische Wissen auf realitätsnahe Beispiele anzuwenden,,,,
Wirtschaftsingenieurwesen (B.Sc.),Hochschule Fulda,ET1016,Einführung in die Messtechnik und Systemtheorie,1,"Bedeutung, Aufgaben und Abhängigkeiten der finanzwirtschaftlichen Tätigkeiten Investition und Finanzierung gegenüberzustellen",,,,
Wirtschaftsingenieurwesen (B.Sc.),Hochschule Fulda,ET1016,Einführung in die Messtechnik und Systemtheorie,2,"die wesentlichen Investitionsrechenverfahren auf einfache Fallbeispiele anzuwenden, die Vor- und Nachteile der Verfahren zu beschreiben und ihre Aussagen zu beurteilen",,,,
Wirtschaftsingenieurwesen (B.Sc.),Hochschule Fulda,ET1016,Einführung in die Messtechnik und Systemtheorie,3,die wichtigsten Formen der Innen- und der Außenfinanzierung und ihre Bedeutung für Unternehmen in Abhängigkeit der Rechtsform zu erläutern und,,,,
Wirtschaftsingenieurwesen (B.Sc.),Hochschule Fulda,ET1016,Einführung in die Messtechnik und Systemtheorie,4,die Relevanz von Kapitalstruktur und Kapitalkosten zu illustrieren,,,,
Wirtschaftsingenieurwesen (B.Sc.),Hochschule Fulda,ET1596,Xperience Lab 2,1,"Versuchsanordnungen zu ausgewählten Themen der Vorlesungen Grundlagen der Elektrotechnik 3, Elektronik, Messtechnik und Regelungstechnik unter Einsatz unterschiedlicher Messmittel und Bauelemente aufzubauen",,,,
Wirtschaftsingenieurwesen (B.Sc.),Hochschule Fulda,ET1596,Xperience Lab 2,2,Messergebnisse zu bewerten und zu dokumentieren.,,,,
Wirtschaftsingenieurwesen (B.Sc.),Hochschule Fulda,ET1596,Xperience Lab 2,3,im Team zu arbeiten,,,,
Wirtschaftsingenieurwesen (B.Sc.),Hochschule Fulda,ET1022,Regelungstechnik 1,1,das Naturprinzip des Regelns wiederzugeben und die Einsatzpotentiale der industriellen Regelungstechnik zu beurteilen,,,,
Wirtschaftsingenieurwesen (B.Sc.),Hochschule Fulda,ET1022,Regelungstechnik 1,2,"anhand der vermittelten theoretischen Kenntnisse und anhand der gängigen Verfahren im Zeit- und Frequenzbereich einfache lineare, zeitkontinuierliche Regekreise selbständig zu analysieren und zu entwerfen",,,,
Wirtschaftsingenieurwesen (B.Sc.),Hochschule Fulda,ET1603,Projektmanagement,1,"Das Modul vermittelt grundlegende Kenntnisse, Fertigkeiten und Kompetenzen für die Durchführung komplexer Projekte.",,,,
Wirtschaftsingenieurwesen (B.Sc.),Hochschule Fulda,ET1603,Projektmanagement,2,"Die Studierenden lernen verschiedene Methoden des traditionellen und agilen Projektmanagements kennen, definieren Projektziele, strukturieren Projekte und führen sie durch.",,,,
Wirtschaftsingenieurwesen (B.Sc.),Hochschule Fulda,ET1603,Projektmanagement,3,"Sie entwickeln die Fähigkeit, Projektrisiken zu erkennen, Projekte zu dokumentieren und adäquat zu präsentieren.",,,,
Wirtschaftsingenieurwesen (B.Sc.),Hochschule Fulda,ET1603,Projektmanagement,4,"Das Modul fördert außerdem Fach-, Sozial- und Selbstkompetenzen, die für die effektive Zusammenarbeit und persönliche Entwicklung entscheidend sind.",,,,
Wirtschaftsingenieurwesen (B.Sc.),Hochschule Fulda,ET1141,Planung und Organisation von Produktionen,1,"Die Studierenden kennen Konzepte und Methoden, nach denen Produktionen und Dienstleistungen geplant und später umgesetzt werden.",,,,
Wirtschaftsingenieurwesen (B.Sc.),Hochschule Fulda,ET1141,Planung und Organisation von Produktionen,2,Darüber hinaus kennen die Studierenden die Besonderheiten und den Entwicklungsprozess von datenbasierten Dienstleistungen.,,,,
Wirtschaftsingenieurwesen (B.Sc.),Hochschule Fulda,ET1141,Planung und Organisation von Produktionen,3,Sie können dabei Methoden des LeanManagements bzw. des Toyota Produktionssystems und des Qualitätsmanagements (Six Sigma) anwenden.,,,,
Wirtschaftsingenieurwesen (B.Sc.),Hochschule Fulda,ET1141,Planung und Organisation von Produktionen,1,den Begriff und die Aufgabenfelder der modernen Controlling-Konzeption zu diskutieren und eine zweckmäßige organisatorische Einordnung des Controlling auszuwählen,,,,
Wirtschaftsingenieurwesen (B.Sc.),Hochschule Fulda,ET1141,Planung und Organisation von Produktionen,2,die einschlägigen Planungs- und Kontrollinstrumente des strategischen und des operativen Controlling zu erläutern und diese zur Lösung der Entscheidungs- und Steuerungsaufgaben der Unternehmensführung anzuwenden,,,,
Wirtschaftsingenieurwesen (B.Sc.),Hochschule Fulda,ET1141,Planung und Organisation von Produktionen,3,die spezifischen Anforderungen internationaler Unternehmen an die Controlling-Funktion zu differenzieren,,,,
Wirtschaftsingenieurwesen (B.Sc.),Hochschule Fulda,ET1604,Fallstudie & Präsentation 1,1,eigenständig in Gruppen von zwei bis drei Teilnehmer*innen ein vorgegebenes Projekt mit einem technischen bzw. ingenieurtechnischen Schwerpunkt durchzuführen,,,,
Wirtschaftsingenieurwesen (B.Sc.),Hochschule Fulda,ET1604,Fallstudie & Präsentation 1,2,die bisher im Studium erworbenen mathematischen bzw. technischen Kompetenzen anzuwenden und zu vertiefen,,,,
Wirtschaftsingenieurwesen (B.Sc.),Hochschule Fulda,ET1604,Fallstudie & Präsentation 1,3,"ein Projekt zu planen, zu organisieren und zu präsentieren",,,,
Wirtschaftsingenieurwesen (B.Sc.),Hochschule Fulda,ET1604,Fallstudie & Präsentation 1,4,ein Lasten- und Pflichtenheft zu erstellen,,,,
Wirtschaftsingenieurwesen (B.Sc.),Hochschule Fulda,ET1604,Fallstudie & Präsentation 1,5,effektiv zu kommunizieren und kooperativ in Teams zu arbeiten,,,,
Wirtschaftsingenieurwesen (B.Sc.),Hochschule Fulda,ET1604,Fallstudie & Präsentation 1,6,Verantwortung für ihre Aufgaben zu übernehmen und sich selbstständig zu motivieren,,,,
Wirtschaftsingenieurwesen (B.Sc.),Hochschule Fulda,ET1115,Technologien der digitalen Fabrik,1,die wesentlichen Bausteine der digitalen Fabrik zu benennen,,,,
Wirtschaftsingenieurwesen (B.Sc.),Hochschule Fulda,ET1115,Technologien der digitalen Fabrik,2,"Technologien, die zur Digitalisierung von Produktionsabläufen, Produktionsplanungen und den Betrieb geeignet sind, auszuwählen und zu beurteilen",,,,
Wirtschaftsingenieurwesen (B.Sc.),Hochschule Fulda,ET1115,Technologien der digitalen Fabrik,3,die Dynamik der Technologieentwicklung vor dem Hintergrund produktionstechnischer Anforderungen zu analysieren und deren Einsatz dafür zu spezifizieren,,,,
Wirtschaftsingenieurwesen (B.Sc.),Hochschule Fulda,ET1115,Technologien der digitalen Fabrik,4,mit modernen Softwarewerkzeugen kleine digitale Fabriken zu projektieren und zu betreiben,,,,
Wirtschaftsingenieurwesen (B.Sc.),Hochschule Fulda,ET1115,Technologien der digitalen Fabrik,1,grundlegende Probleme einer Ökonomie vorzustellen und das methodische Rüstzeug der Analyse anzuwenden,,,,
Wirtschaftsingenieurwesen (B.Sc.),Hochschule Fulda,ET1115,Technologien der digitalen Fabrik,2,das Wettbewerbsprinzip und seine Bedeutung für die Funktionsweise von Märkten zu beschreiben,,,,
Wirtschaftsingenieurwesen (B.Sc.),Hochschule Fulda,ET1115,Technologien der digitalen Fabrik,3,die fundamentalen Theorien gesamtwirtschaftlichen Geschehens zu beschreiben,,,,
Wirtschaftsingenieurwesen (B.Sc.),Hochschule Fulda,ET1115,Technologien der digitalen Fabrik,4,aktuelle wirtschaftspolitische Probleme und ihre Bedeutung für betriebliche Entscheidungen einzuordnen,,,,
Wirtschaftsingenieurwesen (B.Sc.),Hochschule Fulda,ET1605,Fallstudie & Präsentation 2,1,eigenständig in Gruppen von zwei bis drei Teilnehmer*innen ein vorgegebenes Projekt mit einem technischen bzw. ingenieurtechnischen Schwerpunkt durchzuführen,,,,
Wirtschaftsingenieurwesen (B.Sc.),Hochschule Fulda,ET1605,Fallstudie & Präsentation 2,2,die bisher im Studium erworbenen mathematischen bzw. technischen Kompetenzen anzuwenden und zu vertiefen,,,,
Wirtschaftsingenieurwesen (B.Sc.),Hochschule Fulda,ET1605,Fallstudie & Präsentation 2,3,"ein Projekt zu planen, zu organisieren und zu präsentieren",,,,
Wirtschaftsingenieurwesen (B.Sc.),Hochschule Fulda,ET1605,Fallstudie & Präsentation 2,4,ein Lasten- und Pflichtenheft zu erstellen,,,,
Wirtschaftsingenieurwesen (B.Sc.),Hochschule Fulda,ET1605,Fallstudie & Präsentation 2,5,effektiv zu kommunizieren und kooperativ in Teams zu arbeiten,,,,
Wirtschaftsingenieurwesen (B.Sc.),Hochschule Fulda,ET1605,Fallstudie & Präsentation 2,6,Verantwortung für ihre Aufgaben zu übernehmen und sich selbstständig zu motivieren,,,,
Wirtschaftsingenieurwesen (B.Sc.),Hochschule Fulda,ET1605,Fallstudie & Präsentation 2,1,die Bedeutung und den Beitrag des Personalmanagements zum unternehmerischen Erfolg darzustellen und zu erklären,,,,
Wirtschaftsingenieurwesen (B.Sc.),Hochschule Fulda,ET1605,Fallstudie & Präsentation 2,2,die jeweiligen Funktionen des Personalmanagements in ihren Grundzügen zu beschreiben und zu erläutern,,,,
Wirtschaftsingenieurwesen (B.Sc.),Hochschule Fulda,ET1605,Fallstudie & Präsentation 2,3,zentrale Instrumente des Personalmanagements im betriebswirtschaftlichen Umfeld anzuwenden,,,,
Wirtschaftsingenieurwesen (B.Sc.),Hochschule Fulda,ET1605,Fallstudie & Präsentation 2,4,ausgewählte personalwirtschaftliche Fragestellungen zu analysieren und kritisch zu erörtern,,,,
Wirtschaftsingenieurwesen (B.Sc.),Hochschule Fulda,ET1144,Praktikum: Wirtschaftsingenieurwesen,1,"Die Teilnehmenden sind in der Lage einfache Fertigungsprozesse sowie die dazugehörende Logistik mit Hilfe einer geeigneten Software (z.B. Plant Simulation) zu planen, modellieren und in ihrem Ablauf zu simulieren.",,,,
Wirtschaftsingenieurwesen (B.Sc.),Hochschule Fulda,ET1144,Praktikum: Wirtschaftsingenieurwesen,2,"Auf der Grundlage des Lean Managements werden Prozesse erfasst, Schwachstellen ermittelt und Optimierungen erarbeitet.",,,,
Wirtschaftsingenieurwesen (B.Sc.),Hochschule Fulda,ET1508,Berufspraktikum,1,sich im Berufsfeld oder verwandten Gebieten des Wirtschaftsingenieurwesens zu orientieren,,,,
Wirtschaftsingenieurwesen (B.Sc.),Hochschule Fulda,ET1508,Berufspraktikum,2,Studieninhalte in die betriebliche Praxis zu übertragen und dort anzuwenden,,,,
Wirtschaftsingenieurwesen (B.Sc.),Hochschule Fulda,ET1508,Berufspraktikum,3,"die eigene, individuelle Qualifikation zu analysieren und zu bewerten",,,,
Wirtschaftsingenieurwesen (B.Sc.),Hochschule Fulda,ET1508,Berufspraktikum,4,"Perspektiven für das weitere Studium, die Abschlussarbeit (Bachelor-Thesis) und den weiteren Berufsweg abzuschätzen",,,,
Wirtschaftsingenieurwesen (B.Sc.),Hochschule Fulda,ET1508,Berufspraktikum,5,praktische Kenntnisse zu vertiefen und berufstypische Arbeitsweisen anzuwenden,,,,
Wirtschaftsingenieurwesen (B.Sc.),Hochschule Fulda,ET1508,Berufspraktikum,6,"technische, soziale und organisatorische Zusammenhänge der Arbeitswelt wiederzugeben und auf routinemäßige Arbeitsvorgänge anzuwenden",,,,
Wirtschaftsingenieurwesen (B.Sc.),Hochschule Fulda,ET1508,Berufspraktikum,7,Vorschläge für die Bearbeitung berufsrelevanter Arbeitsschritte zu erarbeiten und durchzuführen,,,,
Wirtschaftsingenieurwesen (B.Sc.),Hochschule Fulda,ET1508,Berufspraktikum,8,über die gemachten Praxiserfahrungen zu berichten und diese zu reflektieren,,,,
Wirtschaftsingenieurwesen (B.Sc.),Hochschule Fulda,ET1143,Abschlussmodul,1,"Die Teilnehmenden sollen durch die erworbenen Fähigkeiten und Methoden im Studium zeigen, dass sie innerhalb einer vorgegebenen Frist",,,,
Wirtschaftsingenieurwesen (B.Sc.),Hochschule Fulda,ET1143,Abschlussmodul,2,unter Anleitung einer oder mehrerer Betreuungspersonen qualifizierte Problemstellungen aus dem Bereich Wirtschaftsingenieurwesen oder verwandten Gebieten selbständig bearbeiten können,,,,
Wirtschaftsingenieurwesen (B.Sc.),Hochschule Fulda,ET1143,Abschlussmodul,3,Lösungswege und Ergebnisse sowohl schriftlich als auch mündlich darstellen und vertreten können,,,,
Wirtschaftsingenieurwesen (B.Sc.),Hochschule Fulda,ET1020,Digital- und Mikroprozessortechnik,1,einen Überblick über die verschiedenen Realisierungsmöglichkeiten einer Schaltung zu geben,,,,
Wirtschaftsingenieurwesen (B.Sc.),Hochschule Fulda,ET1020,Digital- und Mikroprozessortechnik,2,Moore- und Mealy-Automaten zu entwerfen,,,,
Wirtschaftsingenieurwesen (B.Sc.),Hochschule Fulda,ET1020,Digital- und Mikroprozessortechnik,3,den grundsätzlichen Aufbau eines Mikroprozessor-Systems zu erläutern und einfache Mikroprozessorsysteme zu konzipieren,,,,
Wirtschaftsingenieurwesen (B.Sc.),Hochschule Fulda,ET1020,Digital- und Mikroprozessortechnik,4,Assembler-Programme für Mikroprozessoren zu schreiben,,,,
Wirtschaftsingenieurwesen (B.Sc.),Hochschule Fulda,ET1631,Einführung in Frameworks autonomer mobiler Robotik,1,einfache ROS-Anwendungen basierend auf den zur Verfügung stehenden ROS-Komponenten zu entwickeln.,,,,
Wirtschaftsingenieurwesen (B.Sc.),Hochschule Fulda,ET1631,Einführung in Frameworks autonomer mobiler Robotik,2,Daten von Entfernungs- und Bildsensoren auszulesen,,,,
Wirtschaftsingenieurwesen (B.Sc.),Hochschule Fulda,ET1631,Einführung in Frameworks autonomer mobiler Robotik,3,Austauschformate anhand von Datenblättern in ROS-Nachrichten zu implementieren,,,,
Wirtschaftsingenieurwesen (B.Sc.),Hochschule Fulda,ET1631,Einführung in Frameworks autonomer mobiler Robotik,4,einfache Algorithmen zur Steuerung autonomer mobiler Roboter in ROS zu implementieren,,,,
Wirtschaftsingenieurwesen (B.Sc.),Hochschule Fulda,ET1631,Einführung in Frameworks autonomer mobiler Robotik,5,die Implementierungen in realistischen Szenarien zu testen,,,,
Wirtschaftsingenieurwesen (B.Sc.),Hochschule Fulda,ET1631,Einführung in Frameworks autonomer mobiler Robotik,6,die Performance der Algorithmen anhand aussagekräftiger Experimente und Metriken zu bewerten,,,,
Wirtschaftsingenieurwesen (B.Sc.),Hochschule Fulda,ET1041,Feldbusse,1,"Die Teilnehmenden sind in der Lage, technische Grundlagen, den Einsatz, die Struktur, den Aufbau und die Funktion moderner industrieller Kommunikationstechnologie wieder zu geben.",,,,
Wirtschaftsingenieurwesen (B.Sc.),Hochschule Fulda,ET1041,Feldbusse,2,"Sie kennen Komponenten und Geräte, mit denen mobile und stationäre Systeme vernetzt werden können sowie eine Auswahl an Kommunikationsprotokollen und deren applikationsspezifische Anwendung.",,,,
Wirtschaftsingenieurwesen (B.Sc.),Hochschule Fulda,ET1041,Feldbusse,3,"Sie haben die Fähigkeit, Kommunikationsnetzwerke auf Basis von Feldbussen und Feldbusprotokollen zu beurteilen, zu entwerfen, aufzubauen, zu programmieren, zu testen, zu diagnostizieren und einzusetzen.",,,,
Wirtschaftsingenieurwesen (B.Sc.),Hochschule Fulda,ET1041,Feldbusse,4,Das Modul integriert Fachkompetenzen der Digitaltechnik und der Informatik.,,,,
Wirtschaftsingenieurwesen (B.Sc.),Hochschule Fulda,ET1041,Feldbusse,5,"Die Modulsprache ist teilweise Deutsch und Englisch, da Spezifikationen von Feldbussystemen häufig in Englischer Sprache verfasst werden.",,,,
Wirtschaftsingenieurwesen (B.Sc.),Hochschule Fulda,ET1040,Numerische Feldberechnung mit der Finite-Elemente-Methode,1,Einsatzbereiche und theoretische Grundlagen von Finite-Elemente-Analysen (FEA) widerzugeben,,,,
Wirtschaftsingenieurwesen (B.Sc.),Hochschule Fulda,ET1040,Numerische Feldberechnung mit der Finite-Elemente-Methode,2,FE-Modelle zu erstellen,,,,
Wirtschaftsingenieurwesen (B.Sc.),Hochschule Fulda,ET1040,Numerische Feldberechnung mit der Finite-Elemente-Methode,3,numerische Simulationen mittels FEA durchzuführen und die erhaltenen Resultate kritisch zu beurteilen,,,,
Wirtschaftsingenieurwesen (B.Sc.),Hochschule Fulda,ET1040,Numerische Feldberechnung mit der Finite-Elemente-Methode,1,Produktions- und Logistiksysteme zu planen und zu optimieren,,,,
Wirtschaftsingenieurwesen (B.Sc.),Hochschule Fulda,ET1040,Numerische Feldberechnung mit der Finite-Elemente-Methode,2,Ziele des Operations Management zu definieren und zu unterscheiden,,,,
Wirtschaftsingenieurwesen (B.Sc.),Hochschule Fulda,ET1040,Numerische Feldberechnung mit der Finite-Elemente-Methode,3,grundlegende Methoden des Operations Management anzuwenden,,,,
Wirtschaftsingenieurwesen (B.Sc.),Hochschule Fulda,ET1643,Operations Research,1,Die Teilnehmenden…,,,,
Wirtschaftsingenieurwesen (B.Sc.),Hochschule Fulda,ET1643,Operations Research,2,"erkennen geeignete Problemstellungen aus den Anwendungsbereichen wie z.B. der Planung von Produktions- und Warenflussprozessen, Logistik, Finanzmanagement oder der Telekommunikation wieder",,,,
Wirtschaftsingenieurwesen (B.Sc.),Hochschule Fulda,ET1643,Operations Research,3,wenden quantitative Verfahren aus Informatik und Mathematik zur Planungs- und Unterscheidungsunterstützung an,,,,
Wirtschaftsingenieurwesen (B.Sc.),Hochschule Fulda,ET1643,Operations Research,4,modellieren lineare bzw. ganzahlige Optimierungsprobleme mit Nebenbedingungen,,,,
Wirtschaftsingenieurwesen (B.Sc.),Hochschule Fulda,ET1643,Operations Research,5,können die Eignung von analytischen und heuristischen Verfahren beurteilen,,,,
Wirtschaftsingenieurwesen (B.Sc.),Hochschule Fulda,ET1643,Operations Research,6,lösen die gestellten Probleme mit analytischen und heuristischen Verfahren,,,,
Wirtschaftsingenieurwesen (B.Sc.),Hochschule Fulda,ET1643,Operations Research,7,wenden die Lösungsverfahren händisch als auch rechnergestützt an,,,,
Wirtschaftsingenieurwesen (B.Sc.),Hochschule Fulda,ET1643,Operations Research,8,beurteilen die Grenzen und Aussagekraft der aufgestellten Modelle,,,,
Wirtschaftsingenieurwesen (B.Sc.),Hochschule Fulda,ET1643,Operations Research,1,"die wesentlichen Konzepte, Methoden und Ziele der Unternehmensführung zu erklären",,,,
Wirtschaftsingenieurwesen (B.Sc.),Hochschule Fulda,ET1643,Operations Research,2,Management aus institutioneller und funktionaler Perspektive zu interpretieren,,,,
Wirtschaftsingenieurwesen (B.Sc.),Hochschule Fulda,ET1643,Operations Research,3,im Rahmen des modernen Management-Prozesses das Unternehmen als flexibles System im Spannungsfeld zwischen Umwelterfordernissen und Unternehmensaktionen bzw. -strategien des allgemeinen und strategischen Managements zu diskutieren,,,,
Wirtschaftsingenieurwesen (B.Sc.),Hochschule Fulda,ET1643,Operations Research,4,"Ansätze zu einer nachhaltig tragfähigen Unternehmensphilosophie, -ethik und -politik im internationalen Kontext zu debattieren",,,,
Wirtschaftsingenieurwesen (B.Sc.),Hochschule Fulda,ET1643,Operations Research,5,die Konzeption der strategischen und operativen Unternehmensplanung und Kontrolle zu beurteilen,,,,
Wirtschaftsingenieurwesen (B.Sc.),Hochschule Fulda,ET1643,Operations Research,6,"die zentralen Probleme und Instrumente der Organisation, Führung, Personalbeurteilung und Personalentwicklung zu illustrieren",,,,
Wirtschaftsingenieurwesen (B.Sc.),Hochschule Fulda,ET1643,Operations Research,7,"dabei ihre Fähigkeit zu analytischem, logischem Denken zu demonstrieren",,,,
Wirtschaftsingenieurwesen (B.Sc.),Hochschule Fulda,ET1037,Vektoranalysis und zusätzliche Kapitel der mehrdimensionalen,1,Kurven- und Oberflächenintegrale zu berechnen,,,,
Wirtschaftsingenieurwesen (B.Sc.),Hochschule Fulda,ET1037,Vektoranalysis und zusätzliche Kapitel der mehrdimensionalen,2,den Zusammenhang zwischen konkreten Kurven- und Oberflächenintegralen und dem Formalismus der Differentialformen zu verstehen,,,,
Wirtschaftsingenieurwesen (B.Sc.),Hochschule Fulda,ET1037,Vektoranalysis und zusätzliche Kapitel der mehrdimensionalen,3,"den Zusammenhang zwischen den Begriffen Gradient, Divergenz, Rotation und dem Formalismus der Differentialformen zu verstehen",,,,
Wirtschaftsingenieurwesen Life Sciences (B.Sc.),Hochschule Fulda,LT1186,Mathematik I,1,Die Studierenden werden in das mathematische Denken eingeführt.,,,,
Wirtschaftsingenieurwesen Life Sciences (B.Sc.),Hochschule Fulda,LT1186,Mathematik I,2,"Die Studierenden kennen die mathematischen Grundlagen, die für das weitere Studium notwendig sind.",,,,
Wirtschaftsingenieurwesen Life Sciences (B.Sc.),Hochschule Fulda,LT1186,Mathematik I,1,Die Studierenden werden in das mathematische Denken eingeführt.,,,,
Wirtschaftsingenieurwesen Life Sciences (B.Sc.),Hochschule Fulda,LT1186,Mathematik I,2,"Die Studierenden kennen die mathematischen Grundlagen, die für das weitere Studium notwendig sind.",,,,
Wirtschaftsingenieurwesen Life Sciences (B.Sc.),Hochschule Fulda,LT1187,Allgemeine Chemie,1,Die Studierenden erreichen ein Grundwissen der allgemeinen und anorganischen Chemie.,,,,
Wirtschaftsingenieurwesen Life Sciences (B.Sc.),Hochschule Fulda,LT1187,Allgemeine Chemie,2,Die Studierenden können grundlegende chemische Reaktionen formulieren bzw. nachvollziehen.,,,,
Wirtschaftsingenieurwesen Life Sciences (B.Sc.),Hochschule Fulda,LT1187,Allgemeine Chemie,3,Die Studierenden sind aufgrund der Kenntnisse des stöchiometrischen Rechnens für die praktische Laborarbeit gut vorbereitet.,,,,
Wirtschaftsingenieurwesen Life Sciences (B.Sc.),Hochschule Fulda,LT1187,Allgemeine Chemie,4,Die Studierenden beherrschen durch die Beschäftigung mit der Chemie strukturiertes Arbeiten und logisches Denken.,,,,
Wirtschaftsingenieurwesen Life Sciences (B.Sc.),Hochschule Fulda,LT1225,General Chemistry,1,Die Studierenden erreichen ein Grundwissen der allgemeinen und anorganischen Chemie.,,,,
Wirtschaftsingenieurwesen Life Sciences (B.Sc.),Hochschule Fulda,LT1225,General Chemistry,2,Die Studierenden können grundlegende chemische Reaktionen formulieren bzw. nachvollziehen.,,,,
Wirtschaftsingenieurwesen Life Sciences (B.Sc.),Hochschule Fulda,LT1225,General Chemistry,3,Die Studierenden sind aufgrund der Kenntnisse des stöchiometrischen Rechnens für die praktische Laborarbeit gut vorbereitet.,,,,
Wirtschaftsingenieurwesen Life Sciences (B.Sc.),Hochschule Fulda,LT1225,General Chemistry,4,Die Studierenden beherrschen durch die Beschäftigung mit der Chemie strukturiertes Arbeiten und logisches Denken.,,,,
Wirtschaftsingenieurwesen Life Sciences (B.Sc.),Hochschule Fulda,LT1225,General Chemistry,1,Die Studierenden kennen die grundlegenden Begriffe und Konzepte der klassischen Mechanik.,,,,
Wirtschaftsingenieurwesen Life Sciences (B.Sc.),Hochschule Fulda,LT1225,General Chemistry,2,Die Studierenden kennen die grundlegenden Begriffe und Konzepte der geometrischen Optik.,,,,
Wirtschaftsingenieurwesen Life Sciences (B.Sc.),Hochschule Fulda,LT1225,General Chemistry,3,"Die Studierenden sind in der Lage, Aufgaben aus diesen Bereichen selbstständig zu lösen.",,,,
Wirtschaftsingenieurwesen Life Sciences (B.Sc.),Hochschule Fulda,LT1189,Grundlagen Ingenieurwesen,1,Die Studierenden erlangen ein Verständnis für die Bio- und Lebensmitteltechnologie als interdisziplinäre Fächer an der Schnittstelle von Natur- und Ingenieurwissenschaften.,,,,
Wirtschaftsingenieurwesen Life Sciences (B.Sc.),Hochschule Fulda,LT1189,Grundlagen Ingenieurwesen,2,Die Studierenden erkennen die ingenieurwissenschaftlichen Zusammenhänge bei der Produktion von biotechnologischen Produkten und Lebensmitteln.,,,,
Wirtschaftsingenieurwesen Life Sciences (B.Sc.),Hochschule Fulda,LT1189,Grundlagen Ingenieurwesen,3,"Die Studierenden sind in der Lage, technische Problemstellungen in der industriellen Herstellung von biotechnologischen Produkten und von Lebensmitteln zu erfassen, zu skizzieren und zu lösen.",,,,
Wirtschaftsingenieurwesen Life Sciences (B.Sc.),Hochschule Fulda,LT1189,Grundlagen Ingenieurwesen,4,Die Studierenden können grundlegende Berechnungen durchführen und diese an Beispielen praktisch anwenden.,,,,
Wirtschaftsingenieurwesen Life Sciences (B.Sc.),Hochschule Fulda,LT1189,Grundlagen Ingenieurwesen,5,"Die Studierenden sind in der Lage, technische Zeichnungen zu lesen.",,,,
Wirtschaftsingenieurwesen Life Sciences (B.Sc.),Hochschule Fulda,LT1227,Basic Principles of Engineering,1,Die Studierenden erlangen ein Verständnis für die Bio- und Lebensmitteltechnologie als interdisziplinäre Fächer an der Schnittstelle von Natur- und Ingenieurwissenschaften.,,,,
Wirtschaftsingenieurwesen Life Sciences (B.Sc.),Hochschule Fulda,LT1227,Basic Principles of Engineering,2,Die Studierenden erkennen die ingenieurwissenschaftlichen Zusammenhänge bei der Produktion von biotechnologischen Produkten und Lebensmitteln.,,,,
Wirtschaftsingenieurwesen Life Sciences (B.Sc.),Hochschule Fulda,LT1227,Basic Principles of Engineering,3,"Die Studierenden sind in der Lage, technische Problemstellungen in der industriellen Herstellung von biotechnologischen Produkten und von Lebensmitteln zu erfassen, zu skizzieren und zu lösen.",,,,
Wirtschaftsingenieurwesen Life Sciences (B.Sc.),Hochschule Fulda,LT1227,Basic Principles of Engineering,4,Die Studierenden können grundlegende Berechnungen durchführen und diese an Beispielen praktisch anwenden.,,,,
Wirtschaftsingenieurwesen Life Sciences (B.Sc.),Hochschule Fulda,LT1227,Basic Principles of Engineering,5,"Die Studierenden sind in der Lage, technische Zeichnungen zu lesen.",,,,
Wirtschaftsingenieurwesen Life Sciences (B.Sc.),Hochschule Fulda,LT1123,Grundlagen des wissenschaftlichen Arbeitens,1,Die Studierenden können ihre eigenen fachlichen und sozialen Ressourcen einschätzen.,,,,
Wirtschaftsingenieurwesen Life Sciences (B.Sc.),Hochschule Fulda,LT1123,Grundlagen des wissenschaftlichen Arbeitens,2,Die Studierenden kennen die Methoden des wissenschaftlichen Arbeitens und können diese anwenden.,,,,
Wirtschaftsingenieurwesen Life Sciences (B.Sc.),Hochschule Fulda,LT1123,Grundlagen des wissenschaftlichen Arbeitens,3,"Die Studierenden kennen die fachrelevanten Literaturdatenbanken und sind in der Lage, Literaturrecherchen selbständig zu bewältigen und zu präsentieren.",,,,
Wirtschaftsingenieurwesen Life Sciences (B.Sc.),Hochschule Fulda,LT1123,Grundlagen des wissenschaftlichen Arbeitens,4,Die Studierenden verfügen über Handlungs- und Problemlösungskompetenz.,,,,
Wirtschaftsingenieurwesen Life Sciences (B.Sc.),Hochschule Fulda,LT1123,Grundlagen des wissenschaftlichen Arbeitens,5,Die Studierenden können Fachtexte in englischer Sprache verstehen und präsentieren.,,,,
Wirtschaftsingenieurwesen Life Sciences (B.Sc.),Hochschule Fulda,LT1123,Grundlagen des wissenschaftlichen Arbeitens,6,Die Studierenden erwerben Kenntnisse über die Grundlagen des sicheren Arbeitens insbesondere in Laboratorien.,,,,
Wirtschaftsingenieurwesen Life Sciences (B.Sc.),Hochschule Fulda,LT1228,Principles of Scientific Research,1,Die Studierenden können ihre eigenen fachlichen und sozialen Ressourcen einschätzen.,,,,
Wirtschaftsingenieurwesen Life Sciences (B.Sc.),Hochschule Fulda,LT1228,Principles of Scientific Research,2,Die Studierenden kennen die Methoden des wissenschaftlichen Arbeitens und können diese anwenden.,,,,
Wirtschaftsingenieurwesen Life Sciences (B.Sc.),Hochschule Fulda,LT1228,Principles of Scientific Research,3,"Die Studierenden kennen die fachrelevanten Literaturdatenbanken und sind in der Lage, Literaturrecherchen selbständig zu bewältigen und zu präsentieren.",,,,
Wirtschaftsingenieurwesen Life Sciences (B.Sc.),Hochschule Fulda,LT1228,Principles of Scientific Research,4,Die Studierenden verfügen über Handlungs- und Problemlösungskompetenz.,,,,
Wirtschaftsingenieurwesen Life Sciences (B.Sc.),Hochschule Fulda,LT1228,Principles of Scientific Research,5,Die Studierenden können Fachtexte in englischer Sprache verstehen und präsentieren.,,,,
Wirtschaftsingenieurwesen Life Sciences (B.Sc.),Hochschule Fulda,LT1228,Principles of Scientific Research,6,Die Studierenden erwerben Kenntnisse über die Grundlagen des sicheren Arbeitens insbesondere in Laboratorien.,,,,
Wirtschaftsingenieurwesen Life Sciences (B.Sc.),Hochschule Fulda,LT1190,Grundlagen des Managements,1,Die Studierenden beherrschen zentrale Grundlagen des Managementhandelns in Unternehmen und kennen das unternehmerische Zielsystem.,,,,
Wirtschaftsingenieurwesen Life Sciences (B.Sc.),Hochschule Fulda,LT1190,Grundlagen des Managements,2,Die Studierenden verstehen verschiedene Aufgaben des operativen und strategischen Managements und können diese zueinander in Beziehung setzen.,,,,
Wirtschaftsingenieurwesen Life Sciences (B.Sc.),Hochschule Fulda,LT1190,Grundlagen des Managements,3,Die Studierenden können wichtige Instrumente zur Bewältigung von Management-Entscheidungen anwenden.,,,,
Wirtschaftsingenieurwesen Life Sciences (B.Sc.),Hochschule Fulda,LT1190,Grundlagen des Managements,4,Die Studierenden analysieren den Einfluss des Umfelds auf die Entwicklungen in Unternehmen und können in diesem Zusammenhang die Bedeutung volkswirtschaftlicher Aspekte einordnen.,,,,
Wirtschaftsingenieurwesen Life Sciences (B.Sc.),Hochschule Fulda,LT1190,Grundlagen des Managements,5,Die Studierenden können verschiedene Instrumente des Rechnungswesens zielgerichtet zur Abbildung finanzieller Ströme in Unternehmen nutzen.,,,,
Wirtschaftsingenieurwesen Life Sciences (B.Sc.),Hochschule Fulda,LT1190,Grundlagen des Managements,6,Die Studierenden lernen unternehmerische Handlungsweisen kennen und können betriebswirtschaftliche Entscheidungssituationen analysieren und zielgerichtet gestalten.,,,,
Wirtschaftsingenieurwesen Life Sciences (B.Sc.),Hochschule Fulda,LT1229,Management Basics,1,Die Studierenden beherrschen zentrale Grundlagen des Managementhandelns in Unternehmen und kennen das unternehmerische Zielsystem.,,,,
Wirtschaftsingenieurwesen Life Sciences (B.Sc.),Hochschule Fulda,LT1229,Management Basics,2,Die Studierenden verstehen verschiedene Aufgaben des operativen und strategischen Managements und können diese zueinander in Beziehung setzen.,,,,
Wirtschaftsingenieurwesen Life Sciences (B.Sc.),Hochschule Fulda,LT1229,Management Basics,3,Die Studierenden können wichtige Instrumente zur Bewältigung von Management-Entscheidungen anwenden.,,,,
Wirtschaftsingenieurwesen Life Sciences (B.Sc.),Hochschule Fulda,LT1229,Management Basics,4,Die Studierenden analysieren den Einfluss des Umfelds auf die Entwicklungen in Unternehmen und können in diesem Zusammenhang die Bedeutung volkswirtschaftlicher Aspekte einordnen.,,,,
Wirtschaftsingenieurwesen Life Sciences (B.Sc.),Hochschule Fulda,LT1229,Management Basics,5,Die Studierenden können verschiedene Instrumente des Rechnungswesens zielgerichtet zur Abbildung finanzieller Ströme in Unternehmen nutzen.,,,,
Wirtschaftsingenieurwesen Life Sciences (B.Sc.),Hochschule Fulda,LT1229,Management Basics,6,Die Studierenden lernen unternehmerische Handlungsweisen kennen und können betriebswirtschaftliche Entscheidungssituationen analysieren und zielgerichtet gestalten.,,,,
Wirtschaftsingenieurwesen Life Sciences (B.Sc.),Hochschule Fulda,LT1191,Mathematik II,1,Die Studierenden werden in das mathematische Denken eingeführt.,,,,
Wirtschaftsingenieurwesen Life Sciences (B.Sc.),Hochschule Fulda,LT1191,Mathematik II,2,"Die Studierenden kennen die mathematischen Grundlagen, die für das weitere Studium notwendig sind.",,,,
Wirtschaftsingenieurwesen Life Sciences (B.Sc.),Hochschule Fulda,LT1230,Mathematics II,1,Die Studierenden werden in das mathematische Denken eingeführt.,,,,
Wirtschaftsingenieurwesen Life Sciences (B.Sc.),Hochschule Fulda,LT1230,Mathematics II,2,"Die Studierenden kennen die mathematischen Grundlagen, die für das weitere Studium notwendig sind.",,,,
Wirtschaftsingenieurwesen Life Sciences (B.Sc.),Hochschule Fulda,LT1192,Organische Chemie,1,Die Studierenden erreichen ein Grundwissen der organischen Chemie.,,,,
Wirtschaftsingenieurwesen Life Sciences (B.Sc.),Hochschule Fulda,LT1192,Organische Chemie,2,"Die Studierenden sind in der Lage, aus der chemischen Struktur von Stoffen deren physikalische und technologische Eigenschaften abzuleiten.",,,,
Wirtschaftsingenieurwesen Life Sciences (B.Sc.),Hochschule Fulda,LT1192,Organische Chemie,3,Die Studierenden können grundlegende organisch-chemische Reaktionen formulieren bzw. nachvollziehen und sind somit imstande auch biochemische bzw. lebensmittelchemische Prozesse zu verstehen.,,,,
Wirtschaftsingenieurwesen Life Sciences (B.Sc.),Hochschule Fulda,LT1231,Organic Chemistry,1,Die Studierenden erreichen ein Grundwissen der organischen Chemie.,,,,
Wirtschaftsingenieurwesen Life Sciences (B.Sc.),Hochschule Fulda,LT1231,Organic Chemistry,2,"Die Studierenden sind in der Lage, aus der chemischen Struktur von Stoffen deren physikalische und technologische Eigenschaften abzuleiten.",,,,
Wirtschaftsingenieurwesen Life Sciences (B.Sc.),Hochschule Fulda,LT1231,Organic Chemistry,3,Die Studierenden können grundlegende organisch-chemische Reaktionen formulieren bzw. nachvollziehen und sind somit imstande auch biochemische bzw. lebensmittelchemische Prozesse zu verstehen.,,,,
Wirtschaftsingenieurwesen Life Sciences (B.Sc.),Hochschule Fulda,LT1193,Physikalische Chemie,1,Die Studierenden kennen die grundlegenden Begriffe und Konzepte der Wärmelehre.,,,,
Wirtschaftsingenieurwesen Life Sciences (B.Sc.),Hochschule Fulda,LT1193,Physikalische Chemie,2,Die Studierenden verstehen thermodynamische Prozesse.,,,,
Wirtschaftsingenieurwesen Life Sciences (B.Sc.),Hochschule Fulda,LT1193,Physikalische Chemie,3,"Die Studierenden sind in der Lage, die in der Physikalischen Chemie behandelten Phänomene auf techno- logische Verfahren und biologische Prozesse zu übertragen.",,,,
Wirtschaftsingenieurwesen Life Sciences (B.Sc.),Hochschule Fulda,LT1193,Physikalische Chemie,4,Die Studierenden kennen die grundlegenden Begriffe und Konzepte der Elektrizitätslehre.,,,,
Wirtschaftsingenieurwesen Life Sciences (B.Sc.),Hochschule Fulda,LT1193,Physikalische Chemie,5,Die Studierenden können grundlegende Berechnungen selber durchführen und umfangreichere nachvollziehen.,,,,
Wirtschaftsingenieurwesen Life Sciences (B.Sc.),Hochschule Fulda,LT1193,Physikalische Chemie,6,Die Studierenden können das Erlernte auf praktische Problemstellungen anwenden.,,,,
Wirtschaftsingenieurwesen Life Sciences (B.Sc.),Hochschule Fulda,LT1232,Physical Chemistry,1,Die Studierenden kennen die grundlegenden Begriffe und Konzepte der Wärmelehre.,,,,
Wirtschaftsingenieurwesen Life Sciences (B.Sc.),Hochschule Fulda,LT1232,Physical Chemistry,2,Die Studierenden verstehen thermodynamische Prozesse.,,,,
Wirtschaftsingenieurwesen Life Sciences (B.Sc.),Hochschule Fulda,LT1232,Physical Chemistry,3,"Die Studierenden sind in der Lage, die in der Physikalischen Chemie behandelten Phänomene auf techno- logische Verfahren und biologische Prozesse zu übertragen.",,,,
Wirtschaftsingenieurwesen Life Sciences (B.Sc.),Hochschule Fulda,LT1232,Physical Chemistry,4,Die Studierenden kennen die grundlegenden Begriffe und Konzepte der Elektrizitätslehre.,,,,
Wirtschaftsingenieurwesen Life Sciences (B.Sc.),Hochschule Fulda,LT1232,Physical Chemistry,5,Die Studierenden können grundlegende Berechnungen selber durchführen und umfangreichere nachvollziehen.,,,,
Wirtschaftsingenieurwesen Life Sciences (B.Sc.),Hochschule Fulda,LT1232,Physical Chemistry,6,Die Studierenden können das Erlernte auf praktische Problemstellungen anwenden.,,,,
Wirtschaftsingenieurwesen Life Sciences (B.Sc.),Hochschule Fulda,LT1020,Grundlagen der Biologie und Rohstoffkunde (LT),1,Die Studierenden sind vertraut mit den grundlegenden Strukturen und Funktionen pflanzlicher und tierischer Zellen.,,,,
Wirtschaftsingenieurwesen Life Sciences (B.Sc.),Hochschule Fulda,LT1020,Grundlagen der Biologie und Rohstoffkunde (LT),2,Die Studierenden kennen wichtige biochemische und physiologische Prozesse in pflanzlichen und tierischen Geweben.,,,,
Wirtschaftsingenieurwesen Life Sciences (B.Sc.),Hochschule Fulda,LT1020,Grundlagen der Biologie und Rohstoffkunde (LT),3,Die Studierenden haben Kenntnisse über Entwicklung und Bau von Pflanzen (insbesondere von Angiospermen).,,,,
Wirtschaftsingenieurwesen Life Sciences (B.Sc.),Hochschule Fulda,LT1020,Grundlagen der Biologie und Rohstoffkunde (LT),4,Die Studierenden wissen über Zusammensetzung und Qualität ausgewählter pflanzlicher und tierischer Rohstoffe Bescheid.,,,,
Wirtschaftsingenieurwesen Life Sciences (B.Sc.),Hochschule Fulda,LT1020,Grundlagen der Biologie und Rohstoffkunde (LT),5,"Die Studierenden sind fähig, wesentliche Eigenschaften und technologische Eignung von Rohstoffen auf der Basis ihrer Zusammensetzung abzuschätzen.",,,,
Wirtschaftsingenieurwesen Life Sciences (B.Sc.),Hochschule Fulda,LT1020,Grundlagen der Biologie und Rohstoffkunde (LT),6,Die Studierenden haben Grundkenntnisse zu Methoden der Qualitätsbestimmung und der Bewertung der Eignung von Rohstoffen sowie deren Anwendung in der industriellen Praxis.,,,,
Wirtschaftsingenieurwesen Life Sciences (B.Sc.),Hochschule Fulda,LT1233,Fundamentals of Biology and Raw Materials (FT),1,Die Studierenden sind vertraut mit den grundlegenden Strukturen und Funktionen pflanzlicher und tierischer Zellen.,,,,
Wirtschaftsingenieurwesen Life Sciences (B.Sc.),Hochschule Fulda,LT1233,Fundamentals of Biology and Raw Materials (FT),2,Die Studierenden kennen wichtige biochemische und physiologische Prozesse in pflanzlichen und tierischen Geweben.,,,,
Wirtschaftsingenieurwesen Life Sciences (B.Sc.),Hochschule Fulda,LT1233,Fundamentals of Biology and Raw Materials (FT),3,Die Studierenden haben Kenntnisse über Entwicklung und Bau von Pflanzen (insbesondere von Angiospermen).,,,,
Wirtschaftsingenieurwesen Life Sciences (B.Sc.),Hochschule Fulda,LT1233,Fundamentals of Biology and Raw Materials (FT),4,Die Studierenden wissen über Zusammensetzung und Qualität ausgewählter pflanzlicher und tierischer Rohstoffe Bescheid.,,,,
Wirtschaftsingenieurwesen Life Sciences (B.Sc.),Hochschule Fulda,LT1233,Fundamentals of Biology and Raw Materials (FT),5,"Die Studierenden sind fähig, wesentliche Eigenschaften und technologische Eignung von Rohstoffen auf der Basis ihrer Zusammensetzung abzuschätzen.",,,,
Wirtschaftsingenieurwesen Life Sciences (B.Sc.),Hochschule Fulda,LT1233,Fundamentals of Biology and Raw Materials (FT),6,Die Studierenden haben Grundkenntnisse zu Methoden der Qualitätsbestimmung und der Bewertung der Eignung von Rohstoffen sowie deren Anwendung in der industriellen Praxis.,,,,
Wirtschaftsingenieurwesen Life Sciences (B.Sc.),Hochschule Fulda,LT1375,Allgemeine Mikrobiologie,1,Die Studierenden beherrschen das Grundlagenwissen der allgemeinen Mikrobiologie und mikrobieller Arbeitstechniken,,,,
Wirtschaftsingenieurwesen Life Sciences (B.Sc.),Hochschule Fulda,LT1375,Allgemeine Mikrobiologie,2,"Die Studierenden kennen wichtige Gruppen an Mikroorganismen mit Relevanz für verschiedene Industriezweige (Kontaminanten, Pathogene und Produktionsorganismen)",,,,
Wirtschaftsingenieurwesen Life Sciences (B.Sc.),Hochschule Fulda,LT1375,Allgemeine Mikrobiologie,3,Die Studierenden können Standardverfahren der mikrobiologischen Analytik durchführen und bewerten.,,,,
Wirtschaftsingenieurwesen Life Sciences (B.Sc.),Hochschule Fulda,LT1375,Allgemeine Mikrobiologie,4,Die Studierenden kennen die spezifischen Wachstumsbedingungen der relevanten Organismen-Hauptgruppen und können grundlegende Kultivierungstechniken von Mikroorganismen durchführen,,,,
Wirtschaftsingenieurwesen Life Sciences (B.Sc.),Hochschule Fulda,LT1376,General Microbiology,1,Die Studierenden beherrschen das Grundlagenwissen der allgemeinen Mikrobiologie und mikrobieller Arbeitstechniken,,,,
Wirtschaftsingenieurwesen Life Sciences (B.Sc.),Hochschule Fulda,LT1376,General Microbiology,2,"Die Studierenden kennen wichtige Gruppen an Mikroorganismen mit Relevanz für verschiedene Industriezweige (Kontaminanten, Pathogene und Produktionsorganismen)",,,,
Wirtschaftsingenieurwesen Life Sciences (B.Sc.),Hochschule Fulda,LT1376,General Microbiology,3,Die Studierenden können Standardverfahren der mikrobiologischen Analytik durchführen und bewerten.,,,,
Wirtschaftsingenieurwesen Life Sciences (B.Sc.),Hochschule Fulda,LT1376,General Microbiology,4,Die Studierenden kennen die spezifischen Wachstumsbedingungen der relevanten Organismen-Hauptgruppen und können grundlegende Kultivierungstechniken von Mikroorganismen durchführen,,,,
Wirtschaftsingenieurwesen Life Sciences (B.Sc.),Hochschule Fulda,LT1096,Projektmanagement und Prozessgestaltung,1,"Die Studierenden sind in der Lage, Projekte im Rahmen der Entwicklung, Herstellung und Vermarktung von industriell hergestellten Produkten der Prozessindustrien vorzubereiten, umzusetzen und zu kontrollieren.",,,,
Wirtschaftsingenieurwesen Life Sciences (B.Sc.),Hochschule Fulda,LT1096,Projektmanagement und Prozessgestaltung,2,"Die Studierenden erlangen ein hinreichendes Verständnis von Entwicklungs-, Produktions- und Serviceprozessen in Grundlagen des Projektmanagements.",,,,
Wirtschaftsingenieurwesen Life Sciences (B.Sc.),Hochschule Fulda,LT1282,Project Management and Process Design,1,"Die Studierenden sind in der Lage, Projekte im Rahmen der Entwicklung, Herstellung und Vermarktung von industriell hergestellten Produkten der Prozessindustrien vorzubereiten, umzusetzen und zu kontrollieren.",,,,
Wirtschaftsingenieurwesen Life Sciences (B.Sc.),Hochschule Fulda,LT1282,Project Management and Process Design,2,"Die Studierenden erlangen ein hinreichendes Verständnis von Entwicklungs-, Produktions- und Serviceprozessen in Grundlagen des Projektmanagements.",,,,
Wirtschaftsingenieurwesen Life Sciences (B.Sc.),Hochschule Fulda,LT1282,Project Management and Process Design,1,"Bedeutung, Aufgaben und Abhängigkeiten der finanzwirtschaftlichen Tätigkeiten Investition und Finanzierung gegenüberzustellen",,,,
Wirtschaftsingenieurwesen Life Sciences (B.Sc.),Hochschule Fulda,LT1282,Project Management and Process Design,2,"die wesentlichen Investitionsrechenverfahren auf einfache Fallbeispiele anzuwenden, die Vor- und Nachteile der Verfahren zu beschreiben und ihre Aussagen zu beurteilen",,,,
Wirtschaftsingenieurwesen Life Sciences (B.Sc.),Hochschule Fulda,LT1282,Project Management and Process Design,3,die wichtigsten Formen der Innen- und der Außenfinanzierung und ihre Bedeutung für Unternehmen in Abhängigkeit der Rechtsform zu erläutern und,,,,
Wirtschaftsingenieurwesen Life Sciences (B.Sc.),Hochschule Fulda,LT1282,Project Management and Process Design,4,die Relevanz von Kapitalstruktur und Kapitalkosten zu illustrieren,,,,
Wirtschaftsingenieurwesen Life Sciences (B.Sc.),Hochschule Fulda,LT1032,Thermische Verfahrenstechnik,1,Die Studierenden verfügen über ein Grundverständnis von Stoff- und Wärmeübergängen.,,,,
Wirtschaftsingenieurwesen Life Sciences (B.Sc.),Hochschule Fulda,LT1032,Thermische Verfahrenstechnik,2,Die Studierenden kennen die verfahrenstechnischen Grundoperationen auf Basis der Grundlagen von Wärme- und Stoffübergang und können diese anwenden.,,,,
Wirtschaftsingenieurwesen Life Sciences (B.Sc.),Hochschule Fulda,LT1032,Thermische Verfahrenstechnik,3,Die Studierenden beherrschen die Bilanzierungen bzgl.,,,,
Wirtschaftsingenieurwesen Life Sciences (B.Sc.),Hochschule Fulda,LT1032,Thermische Verfahrenstechnik,4,Masse und Energie.,,,,
Wirtschaftsingenieurwesen Life Sciences (B.Sc.),Hochschule Fulda,LT1032,Thermische Verfahrenstechnik,5,"Die Studierenden sind in der Lage, einfache Apparate wie Destillations- und Rektifikationskolonnen, Sorptionsapparate, Trockner und Kristallisatoren zu berechnen und auszulegen.",,,,
Wirtschaftsingenieurwesen Life Sciences (B.Sc.),Hochschule Fulda,LT1032,Thermische Verfahrenstechnik,6,Die Studierenden verstehen prinzipielle Zusammenhänge der Betriebsparameter bei thermischen Verfahren.,,,,
Wirtschaftsingenieurwesen Life Sciences (B.Sc.),Hochschule Fulda,LT1242,Thermal Process Engineering,1,Die Studierenden verfügen über ein Grundverständnis von Stoff- und Wärmeübergängen.,,,,
Wirtschaftsingenieurwesen Life Sciences (B.Sc.),Hochschule Fulda,LT1242,Thermal Process Engineering,2,Die Studierenden kennen die verfahrenstechnischen Grundoperationen auf Basis der Grundlagen von Wärme- und Stoffübergang und können diese anwenden.,,,,
Wirtschaftsingenieurwesen Life Sciences (B.Sc.),Hochschule Fulda,LT1242,Thermal Process Engineering,3,Die Studierenden beherrschen die Bilanzierungen bzgl.,,,,
Wirtschaftsingenieurwesen Life Sciences (B.Sc.),Hochschule Fulda,LT1242,Thermal Process Engineering,4,Masse und Energie.,,,,
Wirtschaftsingenieurwesen Life Sciences (B.Sc.),Hochschule Fulda,LT1242,Thermal Process Engineering,5,"Die Studierenden sind in der Lage, einfache Apparate wie Destillations- und Rektifikationskolonnen, Sorptionsapparate, Trockner und Kristallisatoren zu berechnen und auszulegen.",,,,
Wirtschaftsingenieurwesen Life Sciences (B.Sc.),Hochschule Fulda,LT1242,Thermal Process Engineering,6,Die Studierenden verstehen prinzipielle Zusammenhänge der Betriebsparameter bei thermischen Verfahren.,,,,
Wirtschaftsingenieurwesen Life Sciences (B.Sc.),Hochschule Fulda,LT1105,Produkt- und Innovationsmanagement,1,"Die Studierenden werden in die Planung, Steuerung und Kontrolle der Entwicklung und Vermarktung von Produkten eingeführt.",,,,
Wirtschaftsingenieurwesen Life Sciences (B.Sc.),Hochschule Fulda,LT1105,Produkt- und Innovationsmanagement,2,Die Studierenden begreifen das Produktmanagement als wesentliche Schnittstelle zwischen den Bereichen F&E und Marketing.,,,,
Wirtschaftsingenieurwesen Life Sciences (B.Sc.),Hochschule Fulda,LT1105,Produkt- und Innovationsmanagement,3,"Die Studierenden sind in der Lage, das Wissen aus Produktentwicklung, Vertrieb und Marketing sowie Markt- und Verbraucherforschung an praktischen Beispielen anzuwenden, zu verknüpfen und zu vertiefen.",,,,
Wirtschaftsingenieurwesen Life Sciences (B.Sc.),Hochschule Fulda,LT1105,Produkt- und Innovationsmanagement,4,"Die Studierenden verfügen über das Know-How und Instrumentarium, um ein effizientes Innovationsmanagement in und für Unternehmen zu entwickeln.",,,,
Wirtschaftsingenieurwesen Life Sciences (B.Sc.),Hochschule Fulda,LT1285,Product and Innovation Management,1,"Die Studierenden werden in die Planung, Steuerung und Kontrolle der Entwicklung und Vermarktung von Produkten eingeführt.",,,,
Wirtschaftsingenieurwesen Life Sciences (B.Sc.),Hochschule Fulda,LT1285,Product and Innovation Management,2,Die Studierenden begreifen das Produktmanagement als wesentliche Schnittstelle zwischen den Bereichen F&E und Marketing.,,,,
Wirtschaftsingenieurwesen Life Sciences (B.Sc.),Hochschule Fulda,LT1285,Product and Innovation Management,3,"Die Studierenden sind in der Lage, das Wissen aus Produktentwicklung, Vertrieb und Marketing sowie Markt- und Verbraucherforschung an praktischen Beispielen anzuwenden, zu verknüpfen und zu vertiefen.",,,,
Wirtschaftsingenieurwesen Life Sciences (B.Sc.),Hochschule Fulda,LT1285,Product and Innovation Management,4,"Die Studierenden verfügen über das Know-How und Instrumentarium, um ein effizientes Innovationsmanagement in und für Unternehmen zu entwickeln.",,,,
Wirtschaftsingenieurwesen Life Sciences (B.Sc.),Hochschule Fulda,LT1074,Mechanische Verfahrenstechnik,1,Die Studierenden verstehen grundsätzlich die Denk- und Vorgehensweise bei Aufgaben und Problemstellungen in der mechanischen Verfahrenstechnik.,,,,
Wirtschaftsingenieurwesen Life Sciences (B.Sc.),Hochschule Fulda,LT1074,Mechanische Verfahrenstechnik,2,"Die Studierenden sind in der Lage, einfache Problemstellungen zu analysieren und notwendige Berechnungen selbst durchzuführen.",,,,
Wirtschaftsingenieurwesen Life Sciences (B.Sc.),Hochschule Fulda,LT1074,Mechanische Verfahrenstechnik,3,Die Studierenden können ihr Wissen bei praktischen Fragestellungen anwenden.,,,,
Wirtschaftsingenieurwesen Life Sciences (B.Sc.),Hochschule Fulda,LT1074,Mechanische Verfahrenstechnik,4,"Die Studierenden verstehen es, Arbeitsaufgaben selbstständig im Team zu organisieren, zu erarbeiten und durchzuführen.",,,,
Wirtschaftsingenieurwesen Life Sciences (B.Sc.),Hochschule Fulda,LT1246,Particle Technology and Fluid Mechanics,1,Die Studierenden verstehen grundsätzlich die Denk- und Vorgehensweise bei Aufgaben und Problemstellungen in der mechanischen Verfahrenstechnik.,,,,
Wirtschaftsingenieurwesen Life Sciences (B.Sc.),Hochschule Fulda,LT1246,Particle Technology and Fluid Mechanics,2,"Die Studierenden sind in der Lage, einfache Problemstellungen zu analysieren und notwendige Berechnungen selbst durchzuführen.",,,,
Wirtschaftsingenieurwesen Life Sciences (B.Sc.),Hochschule Fulda,LT1246,Particle Technology and Fluid Mechanics,3,Die Studierenden können ihr Wissen bei praktischen Fragestellungen anwenden.,,,,
Wirtschaftsingenieurwesen Life Sciences (B.Sc.),Hochschule Fulda,LT1246,Particle Technology and Fluid Mechanics,4,"Die Studierenden verstehen es, Arbeitsaufgaben selbstständig im Team zu organisieren, zu erarbeiten und durchzuführen.",,,,
Wirtschaftsingenieurwesen Life Sciences (B.Sc.),Hochschule Fulda,LT1200,Kostenmanagement/Controlling,1,Die Studierenden verstehen die Aufgabe und Funktionsweise des Controllings und können dies in Beziehung zum Rechnungswesen setzen,,,,
Wirtschaftsingenieurwesen Life Sciences (B.Sc.),Hochschule Fulda,LT1200,Kostenmanagement/Controlling,2,Die Studierenden können situationsbezogen Controllinginstrumente zur Entscheidungsunterstützung in Unternehmen auswählen und einsetzen,,,,
Wirtschaftsingenieurwesen Life Sciences (B.Sc.),Hochschule Fulda,LT1200,Kostenmanagement/Controlling,3,"Die Studierenden verstehen den Aufbau der Kosten- und Erlösrechnung, insbesondere die verschiedenen Teilrechnungen",,,,
Wirtschaftsingenieurwesen Life Sciences (B.Sc.),Hochschule Fulda,LT1200,Kostenmanagement/Controlling,4,Die Studierenden können kostenbasierte Entscheidungen in praxisbezogenen Anwendungssituationen treffen.,,,,
Wirtschaftsingenieurwesen Life Sciences (B.Sc.),Hochschule Fulda,LT1200,Kostenmanagement/Controlling,5,Die Studierenden analysieren Kosten- und Erlösstrukturen anhand praxisbezogener Fallbeispiele,,,,
Wirtschaftsingenieurwesen Life Sciences (B.Sc.),Hochschule Fulda,LT1200,Kostenmanagement/Controlling,6,Die Studierenden kennen aktuelle Weiterentwicklungen des Kostenmanagements und des Controllings,,,,
Wirtschaftsingenieurwesen Life Sciences (B.Sc.),Hochschule Fulda,LT1267,Cost Accounting/Managerial Accounting,1,Die Studierenden verstehen die Aufgabe und Funktionsweise des Controllings und können dies in Beziehung zum Rechnungswesen setzen,,,,
Wirtschaftsingenieurwesen Life Sciences (B.Sc.),Hochschule Fulda,LT1267,Cost Accounting/Managerial Accounting,2,Die Studierenden können situationsbezogen Controllinginstrumente zur Entscheidungsunterstützung in Unternehmen auswählen und einsetzen,,,,
Wirtschaftsingenieurwesen Life Sciences (B.Sc.),Hochschule Fulda,LT1267,Cost Accounting/Managerial Accounting,3,"Die Studierenden verstehen den Aufbau der Kosten- und Erlösrechnung, insbesondere die verschiedenen Teilrechnungen",,,,
Wirtschaftsingenieurwesen Life Sciences (B.Sc.),Hochschule Fulda,LT1267,Cost Accounting/Managerial Accounting,4,Die Studierenden können kostenbasierte Entscheidungen in praxisbezogenen Anwendungssituationen treffen.,,,,
Wirtschaftsingenieurwesen Life Sciences (B.Sc.),Hochschule Fulda,LT1267,Cost Accounting/Managerial Accounting,5,Die Studierenden analysieren Kosten- und Erlösstrukturen anhand praxisbezogener Fallbeispiele,,,,
Wirtschaftsingenieurwesen Life Sciences (B.Sc.),Hochschule Fulda,LT1267,Cost Accounting/Managerial Accounting,6,Die Studierenden kennen aktuelle Weiterentwicklungen des Kostenmanagements und des Controllings,,,,
Wirtschaftsingenieurwesen Life Sciences (B.Sc.),Hochschule Fulda,LT1099,Statistik für Wirtschaftsingenieur*innen,1,Die Studierenden werden in die Denkweise und die Methoden der Statistik eingeführt.,,,,
Wirtschaftsingenieurwesen Life Sciences (B.Sc.),Hochschule Fulda,LT1099,Statistik für Wirtschaftsingenieur*innen,2,Die Studierenden lernen die Grundlagen und wichtige Begriffe der Statistik kennen.,,,,
Wirtschaftsingenieurwesen Life Sciences (B.Sc.),Hochschule Fulda,LT1099,Statistik für Wirtschaftsingenieur*innen,3,Die Studierenden können verbal dargestellte Sachverhalte interpretieren und durch geeignete mathematische Modelle beschreiben.,,,,
Wirtschaftsingenieurwesen Life Sciences (B.Sc.),Hochschule Fulda,LT1099,Statistik für Wirtschaftsingenieur*innen,4,"Die Studierenden sind in der Lage, Experimente nach statistischen Aspekten zu planen lernen, kritisch mit Datenmaterial umzugehen sowie einfache Abschätzungen und statistische Entscheidungsverfahren durchzuführen.",,,,
Wirtschaftsingenieurwesen Life Sciences (B.Sc.),Hochschule Fulda,LT1099,Statistik für Wirtschaftsingenieur*innen,5,"Die Studierenden lernen, anwendungsbezogene Beispiele selbstständig zu bearbeiten.",,,,
Wirtschaftsingenieurwesen Life Sciences (B.Sc.),Hochschule Fulda,LT1099,Statistik für Wirtschaftsingenieur*innen,6,Die Studierenden können statistische Software einsetzen.,,,,
Wirtschaftsingenieurwesen Life Sciences (B.Sc.),Hochschule Fulda,LT1284,Statistics for Business Engineers,1,Die Studierenden werden in die Denkweise und die Methoden der Statistik eingeführt.,,,,
Wirtschaftsingenieurwesen Life Sciences (B.Sc.),Hochschule Fulda,LT1284,Statistics for Business Engineers,2,Die Studierenden lernen die Grundlagen und wichtige Begriffe der Statistik kennen.,,,,
Wirtschaftsingenieurwesen Life Sciences (B.Sc.),Hochschule Fulda,LT1284,Statistics for Business Engineers,3,Die Studierenden können verbal dargestellte Sachverhalte interpretieren und durch geeignete mathematische Modelle beschreiben.,,,,
Wirtschaftsingenieurwesen Life Sciences (B.Sc.),Hochschule Fulda,LT1284,Statistics for Business Engineers,4,"Die Studierenden sind in der Lage, Experimente nach statistischen Aspekten zu planen lernen, kritisch mit Datenmaterial umzugehen sowie einfache Abschätzungen und statistische Entscheidungsverfahren durchzuführen.",,,,
Wirtschaftsingenieurwesen Life Sciences (B.Sc.),Hochschule Fulda,LT1284,Statistics for Business Engineers,5,"Die Studierenden lernen, anwendungsbezogene Beispiele selbstständig zu bearbeiten.",,,,
Wirtschaftsingenieurwesen Life Sciences (B.Sc.),Hochschule Fulda,LT1284,Statistics for Business Engineers,6,Die Studierenden können statistische Software einsetzen.,,,,
Wirtschaftsingenieurwesen Life Sciences (B.Sc.),Hochschule Fulda,LT1284,Statistics for Business Engineers,1,"Die Studierenden kennen die Funktionen, Leistungen und Prozesse des Marketings und der Marketingplanung",,,,
Wirtschaftsingenieurwesen Life Sciences (B.Sc.),Hochschule Fulda,LT1284,Statistics for Business Engineers,2,Die Studierenden sind vertraut mit den Grundlagen des Marketings.,,,,
Wirtschaftsingenieurwesen Life Sciences (B.Sc.),Hochschule Fulda,LT1284,Statistics for Business Engineers,3,Sie verfügen über ein Verständnis entsprechender Grundbegriffe und können Marketingfragestellungen bearbeiten.,,,,
Wirtschaftsingenieurwesen Life Sciences (B.Sc.),Hochschule Fulda,LT1284,Statistics for Business Engineers,4,"Die Studierenden erwerben einen Überblick über die Aufgaben, die Methoden und die Prozesse des Vertriebs.",,,,
Wirtschaftsingenieurwesen Life Sciences (B.Sc.),Hochschule Fulda,LT1284,Statistics for Business Engineers,5,Hierbei wird unterschieden zwischen den B2B-Vertriebsstrukturen sowie den Vertriebsschienen zum Handel (B2C).,,,,
Wirtschaftsingenieurwesen Life Sciences (B.Sc.),Hochschule Fulda,LT1284,Statistics for Business Engineers,6,"Die Studierenden lernen die typischen Aufgaben des Vertriebsinnen- und -außendienstes kennen, um im späteren Berufskontext mit den entsprechenden Abteilungen und Verantwortlichen fundiert und effektiv zu kommunizieren.",,,,
Wirtschaftsingenieurwesen Life Sciences (B.Sc.),Hochschule Fulda,LT1284,Statistics for Business Engineers,7,Die Studierenden erwerben durch vergleichende Studien von Marketing-Practices ein Verständnis für die Umsetzung in unterschiedlichen Märkten.,,,,
Wirtschaftsingenieurwesen Life Sciences (B.Sc.),Hochschule Fulda,LT1037,Haltbarmachung und Verpackung,1,Die Studierenden beherrschen die Mechanismen der Verderbsreaktionen.,,,,
Wirtschaftsingenieurwesen Life Sciences (B.Sc.),Hochschule Fulda,LT1037,Haltbarmachung und Verpackung,2,Die Studierenden können Verfahren zur Haltbarmachung nach Produkterfordernis auswählen.,,,,
Wirtschaftsingenieurwesen Life Sciences (B.Sc.),Hochschule Fulda,LT1037,Haltbarmachung und Verpackung,3,"Die Studierenden sind in der Lage, Haltbarkeitszeiten für verschiedene Lebensmittel beim Einsatz unterschiedlicher Verfahren zur Erhöhung der Haltbarkeit rechnerisch abzuschätzen.",,,,
Wirtschaftsingenieurwesen Life Sciences (B.Sc.),Hochschule Fulda,LT1037,Haltbarmachung und Verpackung,4,"Die Studierenden sind in der Lage, Verpackungen allgemein und insbesondere Verpackungen für Lebensmittelindustrie, pharmazeutische Industrie und kosmetische Industrie zu verstehen und in groben rechtlichen und technologischen Grundzügen zu bewerten.",,,,
Wirtschaftsingenieurwesen Life Sciences (B.Sc.),Hochschule Fulda,LT1037,Haltbarmachung und Verpackung,5,"Auf Grund der Kenntnisse können sie die Eignung von Verpackungen für spezifische Produkte abschätzen und Verpackungslösungen verstehen, beurteilen und in engerem Rahmen selbst entwickeln.",,,,
Wirtschaftsingenieurwesen Life Sciences (B.Sc.),Hochschule Fulda,LT1248,Preservation and Packaging,1,Die Studierenden beherrschen die Mechanismen der Verderbsreaktionen.,,,,
Wirtschaftsingenieurwesen Life Sciences (B.Sc.),Hochschule Fulda,LT1248,Preservation and Packaging,2,Die Studierenden können Verfahren zur Haltbarmachung nach Produkterfordernis auswählen.,,,,
Wirtschaftsingenieurwesen Life Sciences (B.Sc.),Hochschule Fulda,LT1248,Preservation and Packaging,3,"Die Studierenden sind in der Lage, Haltbarkeitszeiten für verschiedene Lebensmittel beim Einsatz unterschiedlicher Verfahren zur Erhöhung der Haltbarkeit rechnerisch abzuschätzen.",,,,
Wirtschaftsingenieurwesen Life Sciences (B.Sc.),Hochschule Fulda,LT1248,Preservation and Packaging,4,"Die Studierenden sind in der Lage, Verpackungen allgemein und insbesondere Verpackungen für Lebensmittelindustrie, pharmazeutische Industrie und kosmetische Industrie zu verstehen und in groben rechtlichen und technologischen Grundzügen zu bewerten.",,,,
Wirtschaftsingenieurwesen Life Sciences (B.Sc.),Hochschule Fulda,LT1248,Preservation and Packaging,5,"Auf Grund der Kenntnisse können sie die Eignung von Verpackungen für spezifische Produkte abschätzen und Verpackungslösungen verstehen, beurteilen und in engerem Rahmen selbst entwickeln.",,,,
Wirtschaftsingenieurwesen Life Sciences (B.Sc.),Hochschule Fulda,LT1102,Verbraucher- und Marktforschung,1,Die Studierenden lernen die Methoden der Markt- und Trendforschung kennen.,,,,
Wirtschaftsingenieurwesen Life Sciences (B.Sc.),Hochschule Fulda,LT1102,Verbraucher- und Marktforschung,2,"Die Studierenden erwerben detaillierte und fundierte Kenntnisse des Marktes, des Konkurrenzumfeldes und der Verbrauchermeinung, die essentiell sind, um ein Unternehmen erfolgreich am Markt zu positionieren und durch gezielte Marketingstrategien auf Wachstumskurs zu halten.",,,,
Wirtschaftsingenieurwesen Life Sciences (B.Sc.),Hochschule Fulda,LT1102,Verbraucher- und Marktforschung,3,"Die Studierenden sind in der Lage, Marktzahlen und Trendforschungsergebnisse auszuwerten, zu interpretieren und zielgerichtete Marketingstrategien abzuleiten.",,,,
Wirtschaftsingenieurwesen Life Sciences (B.Sc.),Hochschule Fulda,LT1102,Verbraucher- und Marktforschung,4,"Die Studierenden verstehen es, eigene Verbraucherstudien durchzuführen, auszuwerten und zu interpretieren.",,,,
Wirtschaftsingenieurwesen Life Sciences (B.Sc.),Hochschule Fulda,LT1249,Food Law,1,Die Studierenden kennen Struktur und Prinzipien des europäischen und nationalen Lebensmittelrechtes.,,,,
Wirtschaftsingenieurwesen Life Sciences (B.Sc.),Hochschule Fulda,LT1249,Food Law,2,Die Studierenden können ihre Kenntnisse auf konkrete Fallbeispiele aus der beruflichen Praxis anwenden.,,,,
Wirtschaftsingenieurwesen Life Sciences (B.Sc.),Hochschule Fulda,LT1249,Food Law,3,"Die Studierenden erreichen ein Verständnis für Dynamik und Veränderungsprinzipien der gesetzlichen Normen und sind dadurch in der Lage, zukünftige Änderungen der Gesetzgebung zu antizipieren und in den beruflichen Alltag zu integrieren.",,,,
Wirtschaftsingenieurwesen Life Sciences (B.Sc.),Hochschule Fulda,LT1249,Food Law,4,Die Studierenden erreichen ein allgemeines Grundverständnis für juristische Fragestellungen.,,,,
Wirtschaftsingenieurwesen Life Sciences (B.Sc.),Hochschule Fulda,LT1249,Food Law,5,Die Studierenden lernen durch die vielfältigen Themenstellungen im Lebensmittelrecht fachübergreifend zu argumentieren.,,,,
Wirtschaftsingenieurwesen Life Sciences (B.Sc.),Hochschule Fulda,LT1249,Food Law,1,"Die Studierenden wenden betriebswirtschaftliche Methoden und Modelle an, um Entscheidungen unter Unsicherheit fundiert zu treffen.",,,,
Wirtschaftsingenieurwesen Life Sciences (B.Sc.),Hochschule Fulda,LT1249,Food Law,2,Die Studierenden schätzen die eigene betriebliche Situation und die Wettbewerbssituation korrekt ein.,,,,
Wirtschaftsingenieurwesen Life Sciences (B.Sc.),Hochschule Fulda,LT1249,Food Law,3,Die Studierenden erlangen Kompetenzen in den Entscheidungsfeldern nationaler und internationaler Geschäftstätigkeit.,,,,
Wirtschaftsingenieurwesen Life Sciences (B.Sc.),Hochschule Fulda,LT1249,Food Law,4,Die Studierenden organisieren sich in Teams und verstehen gruppendynamische Prozesse.,,,,
Wirtschaftsingenieurwesen Life Sciences (B.Sc.),Hochschule Fulda,LT1038,Praxisphase,1,Die Studierenden orientieren sich in den verschiedenen Berufsfeldern.,,,,
Wirtschaftsingenieurwesen Life Sciences (B.Sc.),Hochschule Fulda,LT1038,Praxisphase,2,Die Studierenden können die im Studium erworbenen Fach- und Methodenkenntnisse in der Praxisinstitution anwenden und festigen.,,,,
Wirtschaftsingenieurwesen Life Sciences (B.Sc.),Hochschule Fulda,LT1038,Praxisphase,3,Die Studierenden verstehen den Aufbau und Ablauf der Praxisinstitution.,,,,
Wirtschaftsingenieurwesen Life Sciences (B.Sc.),Hochschule Fulda,LT1038,Praxisphase,4,Die Studierenden können sich innerhalb kurzer Zeit in komplexe Aufgaben und Unternehmenskulturen einarbeiten.,,,,
Wirtschaftsingenieurwesen Life Sciences (B.Sc.),Hochschule Fulda,LT1252,Internship,1,Die Studierenden orientieren sich in den verschiedenen Berufsfeldern.,,,,
Wirtschaftsingenieurwesen Life Sciences (B.Sc.),Hochschule Fulda,LT1252,Internship,2,Die Studierenden können die im Studium erworbenen Fach- und Methodenkenntnisse in der Praxisinstitution anwenden und festigen.,,,,
Wirtschaftsingenieurwesen Life Sciences (B.Sc.),Hochschule Fulda,LT1252,Internship,3,Die Studierenden verstehen den Aufbau und Ablauf der Praxisinstitution.,,,,
Wirtschaftsingenieurwesen Life Sciences (B.Sc.),Hochschule Fulda,LT1252,Internship,4,Die Studierenden können sich innerhalb kurzer Zeit in komplexe Aufgaben und Unternehmenskulturen einarbeiten.,,,,
Wirtschaftsingenieurwesen Life Sciences (B.Sc.),Hochschule Fulda,LT1106,Abschlussmodul (Bachelor-Thesis),1,"Die Studierenden sind in der Lage, innerhalb einer vorgegebenen Frist ein bestimmtes, abgegrenztes Problem aus dem Kontext ihres Studiums nach wissenschaftlichen Prinzipien weitgehend selbstständig zu untersuchen.",,,,
Wirtschaftsingenieurwesen Life Sciences (B.Sc.),Hochschule Fulda,LT1106,Abschlussmodul (Bachelor-Thesis),2,Die Studierenden können die Ergebnisse logisch und übersichtlich geordnet in Form einer wissenschaftlichen Arbeit schriftlich dokumentieren (Bachelor Thesis) und mit geeigneten multimedialen Hilfsmitteln mündlich darstellen und vertreten (Kolloquium).,,,,
Wirtschaftsingenieurwesen Life Sciences (B.Sc.),Hochschule Fulda,LT1253,Thesis Module,1,"Die Studierenden sind in der Lage, innerhalb einer vorgegebenen Frist ein bestimmtes, abgegrenztes Problem aus dem Kontext ihres Studiums nach wissenschaftlichen Prinzipien weitgehend selbstständig zu untersuchen.",,,,
Wirtschaftsingenieurwesen Life Sciences (B.Sc.),Hochschule Fulda,LT1253,Thesis Module,2,Die Studierenden können die Ergebnisse logisch und übersichtlich geordnet in Form einer wissenschaftlichen Arbeit schriftlich dokumentieren (Bachelor Thesis) und mit geeigneten multimedialen Hilfsmitteln mündlich darstellen und vertreten (Kolloquium).,,,,
Wirtschaftsingenieurwesen Life Sciences (B.Sc.),Hochschule Fulda,LT1194,Lebensmitteltechnologie I,1,Die Studierenden sind vertraut mit den gegenwärtigen Rohstoffen und Herstellungsverfahren von Grundsubstanzen für bearbeitete Lebensmittel.,,,,
Wirtschaftsingenieurwesen Life Sciences (B.Sc.),Hochschule Fulda,LT1194,Lebensmitteltechnologie I,2,"Die Studierenden verstehen die dahinterliegenden physikalischen, chemischen und biologischen Prinzipien und können dadurch innovative Änderungen in den Rezepturen vornehmen.",,,,
Wirtschaftsingenieurwesen Life Sciences (B.Sc.),Hochschule Fulda,LT1194,Lebensmitteltechnologie I,3,Die Studierenden verfügen über einen Überblick über moderne und sich in der Entwicklung befindliche Alternativen zu den bestehenden Techniken und Technologieschritten sowie deren Kombinationsmöglichkeiten.,,,,
Wirtschaftsingenieurwesen Life Sciences (B.Sc.),Hochschule Fulda,LT1194,Lebensmitteltechnologie I,4,Dadurch können sie aufkommende Innovationen verstehen.,,,,
Wirtschaftsingenieurwesen Life Sciences (B.Sc.),Hochschule Fulda,LT1194,Lebensmitteltechnologie I,5,Die Studierenden erlangen die Grundlagen für die Beurteilung bestehender und alternativer Technologien und können sich zukünftig im Felde der Herstellungstechnologien kreativ und innovativ betätigen.,,,,
Wirtschaftsingenieurwesen Life Sciences (B.Sc.),Hochschule Fulda,LT1235,Food Technology I,1,Die Studierenden sind vertraut mit den gegenwärtigen Rohstoffen und Herstellungsverfahren von Grundsubstanzen für bearbeitete Lebensmittel.,,,,
Wirtschaftsingenieurwesen Life Sciences (B.Sc.),Hochschule Fulda,LT1235,Food Technology I,2,"Die Studierenden verstehen die dahinterliegenden physikalischen, chemischen und biologischen Prinzipien und können dadurch innovative Änderungen in den Rezepturen vornehmen.",,,,
Wirtschaftsingenieurwesen Life Sciences (B.Sc.),Hochschule Fulda,LT1235,Food Technology I,3,Die Studierenden verfügen über einen Überblick über moderne und sich in der Entwicklung befindliche Alternativen zu den bestehenden Techniken und Technologieschritten sowie deren Kombinationsmöglichkeiten.,,,,
Wirtschaftsingenieurwesen Life Sciences (B.Sc.),Hochschule Fulda,LT1235,Food Technology I,4,Dadurch können sie aufkommende Innovationen verstehen.,,,,
Wirtschaftsingenieurwesen Life Sciences (B.Sc.),Hochschule Fulda,LT1235,Food Technology I,5,Die Studierenden erlangen die Grundlagen für die Beurteilung bestehender und alternativer Technologien und können sich zukünftig im Felde der Herstellungstechnologien kreativ und innovativ betätigen.,,,,
Wirtschaftsingenieurwesen Life Sciences (B.Sc.),Hochschule Fulda,LT1031,Sensorik,1,Die Studierenden kennen Aufbau und Funktion der menschlichen Sinnesorgane sowie die physiologischen Vorgänge der Sinneswahrnehmung.,,,,
Wirtschaftsingenieurwesen Life Sciences (B.Sc.),Hochschule Fulda,LT1031,Sensorik,2,"Die Studierenden kennen ausgewählte sensorische Prüfverfahren und sind in der Lage, diese anzuwenden und deren Ergebnisse zu beurteilen.",,,,
Wirtschaftsingenieurwesen Life Sciences (B.Sc.),Hochschule Fulda,LT1031,Sensorik,3,"Die Studierenden wissen über grundlegende statistische Auswertungsmethoden für sensorische Prüfungen Bescheid, können diese durchführen und interpretieren.",,,,
Wirtschaftsingenieurwesen Life Sciences (B.Sc.),Hochschule Fulda,LT1031,Sensorik,4,Die Studierenden kennen die zugrundeliegenden DIN- und ISO-Normen.,,,,
Wirtschaftsingenieurwesen Life Sciences (B.Sc.),Hochschule Fulda,LT1031,Sensorik,5,"Die Studierenden sind in der Lage, in einem sensorischen Panel mitzuarbeiten und – nach entsprechender Einarbeitung bzw. unter Anleitung – sensorische Untersuchungen selbst vorzubereiten, durchzuführen und auszuwerten.",,,,
Wirtschaftsingenieurwesen Life Sciences (B.Sc.),Hochschule Fulda,LT1031,Sensorik,6,"Die Studierenden sind in der Lage, Innovations- und Produktentwicklungsprozesse durch Ergebnisse humansensorischer Prüfungen zu begleiten und zu steuern.",,,,
Wirtschaftsingenieurwesen Life Sciences (B.Sc.),Hochschule Fulda,LT1237,Sensory Analysis,1,Die Studierenden kennen Aufbau und Funktion der menschlichen Sinnesorgane sowie die physiologischen Vorgänge der Sinneswahrnehmung.,,,,
Wirtschaftsingenieurwesen Life Sciences (B.Sc.),Hochschule Fulda,LT1237,Sensory Analysis,2,"Die Studierenden kennen ausgewählte sensorische Prüfverfahren und sind in der Lage, diese anzuwenden und deren Ergebnisse zu beurteilen.",,,,
Wirtschaftsingenieurwesen Life Sciences (B.Sc.),Hochschule Fulda,LT1237,Sensory Analysis,3,"Die Studierenden wissen über grundlegende statistische Auswertungsmethoden für sensorische Prüfungen Bescheid, können diese durchführen und interpretieren.",,,,
Wirtschaftsingenieurwesen Life Sciences (B.Sc.),Hochschule Fulda,LT1237,Sensory Analysis,4,Die Studierenden kennen die zugrundeliegenden DIN- und ISO-Normen.,,,,
Wirtschaftsingenieurwesen Life Sciences (B.Sc.),Hochschule Fulda,LT1237,Sensory Analysis,5,"Die Studierenden sind in der Lage, in einem sensorischen Panel mitzuarbeiten und – nach entsprechender Einarbeitung bzw. unter Anleitung – sensorische Untersuchungen selbst vorzubereiten, durchzuführen und auszuwerten.",,,,
Wirtschaftsingenieurwesen Life Sciences (B.Sc.),Hochschule Fulda,LT1237,Sensory Analysis,6,"Die Studierenden sind in der Lage, Innovations- und Produktentwicklungsprozesse durch Ergebnisse humansensorischer Prüfungen zu begleiten und zu steuern.",,,,
Wirtschaftsingenieurwesen Life Sciences (B.Sc.),Hochschule Fulda,LT1197,Lebensmitteltechnologie II,1,"Die Studierenden verstehen einschlägige Verfahren und Technologien, können diese anwenden sowie deren Einfluss auf die Qualität des Endproduktes nachvollziehen.",,,,
Wirtschaftsingenieurwesen Life Sciences (B.Sc.),Hochschule Fulda,LT1197,Lebensmitteltechnologie II,2,Die Studierenden werden zu einer ganzheitlichen Betrachtungsweise komplexer Vorgänge befähigt.,,,,
Wirtschaftsingenieurwesen Life Sciences (B.Sc.),Hochschule Fulda,LT1197,Lebensmitteltechnologie II,1,"Die Studierenden verstehen einschlägige Verfahren und Technologien, können diese anwenden sowie deren Einfluss auf die Qualität des Endproduktes nachvollziehen.",,,,
Wirtschaftsingenieurwesen Life Sciences (B.Sc.),Hochschule Fulda,LT1197,Lebensmitteltechnologie II,2,Die Studierenden werden zu einer ganzheitlichen Betrachtungsweise komplexer Vorgänge befähigt.,,,,
Wirtschaftsingenieurwesen Life Sciences (B.Sc.),Hochschule Fulda,LT1195,Lebensmittelhygiene,1,Die Studierenden:,,,,
Wirtschaftsingenieurwesen Life Sciences (B.Sc.),Hochschule Fulda,LT1195,Lebensmittelhygiene,2,können Desinfektions- und Sterilisationstechniken beurteilen und anwenden.,,,,
Wirtschaftsingenieurwesen Life Sciences (B.Sc.),Hochschule Fulda,LT1195,Lebensmittelhygiene,3,können Hygienepläne und HACCP-Konzepte (Hazard Analysis and Critical Control Points) selbstständig erstellen und bewerten.,,,,
Wirtschaftsingenieurwesen Life Sciences (B.Sc.),Hochschule Fulda,LT1195,Lebensmittelhygiene,4,"kennen molekulare und immunologische Nachweismethoden für mikrobielle Lebensmittelkontaminanten und assoziierte Stoffkontaminanten (LPS, Toxine).",,,,
Wirtschaftsingenieurwesen Life Sciences (B.Sc.),Hochschule Fulda,LT1195,Lebensmittelhygiene,5,"sind imstande, die Grundsätze der wissenschaftlichen Literaturarbeit anzuwenden.",,,,
Wirtschaftsingenieurwesen Life Sciences (B.Sc.),Hochschule Fulda,LT1195,Lebensmittelhygiene,6,erreichen durch die Arbeit im Labor ein Verständnis für die mikrobiologische Lebensmittelanalytik sowie praktische Kompetenz für den späteren Berufsalltag.,,,,
Wirtschaftsingenieurwesen Life Sciences (B.Sc.),Hochschule Fulda,LT1239,Food Hygiene,1,Die Studierenden:,,,,
Wirtschaftsingenieurwesen Life Sciences (B.Sc.),Hochschule Fulda,LT1239,Food Hygiene,2,können Desinfektions- und Sterilisationstechniken beurteilen und anwenden.,,,,
Wirtschaftsingenieurwesen Life Sciences (B.Sc.),Hochschule Fulda,LT1239,Food Hygiene,3,können Hygienepläne und HACCP-Konzepte (Hazard Analysis and Critical Control Points) selbstständig erstellen und bewerten.,,,,
Wirtschaftsingenieurwesen Life Sciences (B.Sc.),Hochschule Fulda,LT1239,Food Hygiene,4,"kennen molekulare und immunologische Nachweismethoden für mikrobielle Lebensmittelkontaminanten und assoziierte Stoffkontaminanten (LPS, Toxine).",,,,
Wirtschaftsingenieurwesen Life Sciences (B.Sc.),Hochschule Fulda,LT1239,Food Hygiene,5,"sind imstande, die Grundsätze der wissenschaftlichen Literaturarbeit anzuwenden.",,,,
Wirtschaftsingenieurwesen Life Sciences (B.Sc.),Hochschule Fulda,LT1239,Food Hygiene,6,erreichen durch die Arbeit im Labor ein Verständnis für die mikrobiologische Lebensmittelanalytik sowie praktische Kompetenz für den späteren Berufsalltag.,,,,
Wirtschaftsingenieurwesen Life Sciences (B.Sc.),Hochschule Fulda,LT1239,Food Hygiene,1,Die Studierenden experimentieren in Gruppen und analysieren ihre Fähigkeit zur unternehmerischen Selbständigkeit.,,,,
Wirtschaftsingenieurwesen Life Sciences (B.Sc.),Hochschule Fulda,LT1239,Food Hygiene,2,"Sie kombinieren strategische, finanzielle und technische Aspekte zum Aufbau neuer Unternehmen in der Lebensmittelbranche.",,,,
Wirtschaftsingenieurwesen Life Sciences (B.Sc.),Hochschule Fulda,LT1239,Food Hygiene,3,"Hierbei strukturieren sie Kooperationen in Forschung und Entwicklung, evaluieren Marktstrategien, entwickeln Business- sowie Finanzpläne und beziehen eventuelle Länderspezifika ein.",,,,
Wirtschaftsingenieurwesen Life Sciences (B.Sc.),Hochschule Fulda,LT1239,Food Hygiene,4,"Ferner bewerten die Studierenden Geschäftskonzepte, vergleichen Entwicklungsstrategien und empfehlen Managementstrategien.",,,,
Wirtschaftsingenieurwesen Life Sciences (B.Sc.),Hochschule Fulda,LT1239,Food Hygiene,5,In Gruppendiskussionen und -arbeiten praktizieren die Studierenden ihre Fähigkeit zu respektvollem Umgang miteinander.,,,,
Wirtschaftsingenieurwesen Life Sciences (B.Sc.),Hochschule Fulda,LT1239,Food Hygiene,6,"Sie sind in der Lage, sich in eine Gruppe einzugliedern, eigene Meinungen einzubringen und zu vertreten.",,,,
Wirtschaftsingenieurwesen Life Sciences (B.Sc.),Hochschule Fulda,LT1239,Food Hygiene,7,"Sie üben, ihr gemeinsames Handeln zu koordinieren und organisieren, und werden sich alternativer Beitragsmöglichkeiten zu tragfähigen Lösungen bewusst.",,,,
Wirtschaftsingenieurwesen Life Sciences (B.Sc.),Hochschule Fulda,LT1052,Produktentwicklung,1,Die Studierenden sollen die theoretischen Grundlagen im Prozess der Produktentwicklung von Lebensmitteln sowie die wichtigsten Aspekte der Produktentwicklung kennen.,,,,
Wirtschaftsingenieurwesen Life Sciences (B.Sc.),Hochschule Fulda,LT1052,Produktentwicklung,2,"Die Studierenden erlangen Kenntnisse zur Ideenfindung, Planung und Durchführung einer Produktentwicklung am Beispiel eines Lebensmittels.",,,,
Wirtschaftsingenieurwesen Life Sciences (B.Sc.),Hochschule Fulda,LT1052,Produktentwicklung,3,"Die Studierenden sind in der Lage, diese Kenntnisse in Teamarbeit in die Praxis umzusetzen.",,,,
Wirtschaftsingenieurwesen Life Sciences (B.Sc.),Hochschule Fulda,LT1052,Produktentwicklung,4,Die Studierenden können die entsprechenden Prozesse und Aufgaben in den Rahmen des Innovationsmanagements einordnen.,,,,
Wirtschaftsingenieurwesen Life Sciences (B.Sc.),Hochschule Fulda,LT1259,Product Development,1,Die Studierenden sollen die theoretischen Grundlagen im Prozess der Produktentwicklung von Lebensmitteln sowie die wichtigsten Aspekte der Produktentwicklung kennen.,,,,
Wirtschaftsingenieurwesen Life Sciences (B.Sc.),Hochschule Fulda,LT1259,Product Development,2,"Die Studierenden erlangen Kenntnisse zur Ideenfindung, Planung und Durchführung einer Produktentwicklung am Beispiel eines Lebensmittels.",,,,
Wirtschaftsingenieurwesen Life Sciences (B.Sc.),Hochschule Fulda,LT1259,Product Development,3,"Die Studierenden sind in der Lage, diese Kenntnisse in Teamarbeit in die Praxis umzusetzen.",,,,
Wirtschaftsingenieurwesen Life Sciences (B.Sc.),Hochschule Fulda,LT1259,Product Development,4,Die Studierenden können die entsprechenden Prozesse und Aufgaben in den Rahmen des Innovationsmanagements einordnen.,,,,
Wirtschaftsingenieurwesen Life Sciences (B.Sc.),Hochschule Fulda,LT1023,Lebensmittelrecht,1,Die Studierenden kennen Struktur und Prinzipien des europäischen und nationalen Lebensmittelrechtes.,,,,
Wirtschaftsingenieurwesen Life Sciences (B.Sc.),Hochschule Fulda,LT1023,Lebensmittelrecht,2,Die Studierenden können ihre Kenntnisse auf konkrete Fallbeispiele aus der beruflichen Praxis anwenden.,,,,
Wirtschaftsingenieurwesen Life Sciences (B.Sc.),Hochschule Fulda,LT1023,Lebensmittelrecht,3,"Die Studierenden erreichen ein Verständnis für Dynamik und Veränderungsprinzipien der gesetzlichen Normen und sind dadurch in der Lage, zukünftige Änderungen der Gesetzgebung zu antizipieren und in den beruflichen Alltag zu integrieren.",,,,
Wirtschaftsingenieurwesen Life Sciences (B.Sc.),Hochschule Fulda,LT1023,Lebensmittelrecht,4,Die Studierenden erreichen ein allgemeines Grundverständnis für juristische Fragestellungen.,,,,
Wirtschaftsingenieurwesen Life Sciences (B.Sc.),Hochschule Fulda,LT1023,Lebensmittelrecht,5,Die Studierenden lernen durch die vielfältigen Themenstellungen im Lebensmittelrecht fachübergreifend zu argumentieren.,,,,
Wirtschaftsingenieurwesen Life Sciences (B.Sc.),Hochschule Fulda,LT1249,Food Law,1,Die Studierenden kennen Struktur und Prinzipien des europäischen und nationalen Lebensmittelrechtes.,,,,
Wirtschaftsingenieurwesen Life Sciences (B.Sc.),Hochschule Fulda,LT1249,Food Law,2,Die Studierenden können ihre Kenntnisse auf konkrete Fallbeispiele aus der beruflichen Praxis anwenden.,,,,
Wirtschaftsingenieurwesen Life Sciences (B.Sc.),Hochschule Fulda,LT1249,Food Law,3,"Die Studierenden erreichen ein Verständnis für Dynamik und Veränderungsprinzipien der gesetzlichen Normen und sind dadurch in der Lage, zukünftige Änderungen der Gesetzgebung zu antizipieren und in den beruflichen Alltag zu integrieren.",,,,
Wirtschaftsingenieurwesen Life Sciences (B.Sc.),Hochschule Fulda,LT1249,Food Law,4,Die Studierenden erreichen ein allgemeines Grundverständnis für juristische Fragestellungen.,,,,
Wirtschaftsingenieurwesen Life Sciences (B.Sc.),Hochschule Fulda,LT1249,Food Law,5,Die Studierenden lernen durch die vielfältigen Themenstellungen im Lebensmittelrecht fachübergreifend zu argumentieren.,,,,
Wirtschaftsingenieurwesen Life Sciences (B.Sc.),Hochschule Fulda,LT1034,Qualitätsmanagement (LT),1,Die Studierenden kennen die Grundlagen des Qualitätsmanagements in Unternehmen allgemein und insbesondere in der Lebensmittelindustrie,,,,
Wirtschaftsingenieurwesen Life Sciences (B.Sc.),Hochschule Fulda,LT1034,Qualitätsmanagement (LT),2,Die Studierenden kennen die verschiedenen rechtlichen Normen sowie (über-)regionale Verantwortungsträger/institutionen im Kontext von Lebensmittelsicherheit und -qualität,,,,
Wirtschaftsingenieurwesen Life Sciences (B.Sc.),Hochschule Fulda,LT1034,Qualitätsmanagement (LT),3,Die Studierenden können verschiedene Vorgehensweisen und Instrumente zur Sicherung der Lebensmittelqualität in lebensmittelbezogenen Fallsituationen zielgerichtet anwenden,,,,
Wirtschaftsingenieurwesen Life Sciences (B.Sc.),Hochschule Fulda,LT1034,Qualitätsmanagement (LT),4,Die Studierenden können Einsatzmöglichkeiten und Reichweite von Eigenkontrollsystemen und Q-Zertifikaten beurteilen und umsetzen,,,,
Wirtschaftsingenieurwesen Life Sciences (B.Sc.),Hochschule Fulda,LT1034,Qualitätsmanagement (LT),5,Die Studierenden können Maßnahmen zur Sicherung der Lebensmittelintegrität (insb. zur Vermeidung von Food Fraud und Food Defense) ergreifen •,,,,
Wirtschaftsingenieurwesen Life Sciences (B.Sc.),Hochschule Fulda,LT1251,Quality Management (FT),1,Die Studierenden kennen die Grundlagen des Qualitätsmanagements in Unternehmen allgemein und insbesondere in der Lebensmittelindustrie,,,,
Wirtschaftsingenieurwesen Life Sciences (B.Sc.),Hochschule Fulda,LT1251,Quality Management (FT),2,Die Studierenden kennen die verschiedenen rechtlichen Normen sowie (über-)regionale Verantwortungsträger/institutionen im Kontext von Lebensmittelsicherheit und -qualität,,,,
Wirtschaftsingenieurwesen Life Sciences (B.Sc.),Hochschule Fulda,LT1251,Quality Management (FT),3,Die Studierenden können verschiedene Vorgehensweisen und Instrumente zur Sicherung der Lebensmittelqualität in lebensmittelbezogenen Fallsituationen zielgerichtet anwenden,,,,
Wirtschaftsingenieurwesen Life Sciences (B.Sc.),Hochschule Fulda,LT1251,Quality Management (FT),4,Die Studierenden können Einsatzmöglichkeiten und Reichweite von Eigenkontrollsystemen und Q-Zertifikaten beurteilen und umsetzen,,,,
Wirtschaftsingenieurwesen Life Sciences (B.Sc.),Hochschule Fulda,LT1251,Quality Management (FT),5,Die Studierenden können Maßnahmen zur Sicherung der Lebensmittelintegrität (insb. zur Vermeidung von Food Fraud und Food Defense) ergreifen •,,,,
Wirtschaftsingenieurwesen Life Sciences (B.Sc.),Hochschule Fulda,LT1306,Angewandte Biotechnologie,1,"Die Studierenden kennen die Grundlagen und verschiedenen Anwendungsgebiete der Biotechnologie, sowie die Besonderheiten und Probleme bei biotechnologischen Prozessen",,,,
Wirtschaftsingenieurwesen Life Sciences (B.Sc.),Hochschule Fulda,LT1306,Angewandte Biotechnologie,2,Die Studierenden erwerben grundlegende Kenntnisse über biotechnische Produktionsverfahren und Anwendungsgebiete technischer Enzyme.,,,,
Wirtschaftsingenieurwesen Life Sciences (B.Sc.),Hochschule Fulda,LT1306,Angewandte Biotechnologie,3,"Die Studierenden kennen und verstehen die Prinzipien der Fermentation, deren Regelung und der Produktaufarbeitung bei biotechnologischen Prozessen sowie deren praktische Anwendung",,,,
Wirtschaftsingenieurwesen Life Sciences (B.Sc.),Hochschule Fulda,LT1307,Applied Biotechnology,1,"Die Studierenden kennen die Grundlagen und verschiedenen Anwendungsgebiete der Biotechnologie, sowie die Besonderheiten und Probleme bei biotechnologischen Prozessen",,,,
Wirtschaftsingenieurwesen Life Sciences (B.Sc.),Hochschule Fulda,LT1307,Applied Biotechnology,2,Die Studierenden erwerben grundlegende Kenntnisse über biotechnische Produktionsverfahren und Anwendungsgebiete technischer Enzyme.,,,,
Wirtschaftsingenieurwesen Life Sciences (B.Sc.),Hochschule Fulda,LT1307,Applied Biotechnology,3,"Die Studierenden kennen und verstehen die Prinzipien der Fermentation, deren Regelung und der Produktaufarbeitung bei biotechnologischen Prozessen sowie deren praktische Anwendung",,,,
Wirtschaftsingenieurwesen Life Sciences (B.Sc.),Hochschule Fulda,LT1310,Angewandte Mikrobiologie und Betriebshygiene,1,Die Studierenden kennen wichtige mikrobielle Produktionsorganismen,,,,
Wirtschaftsingenieurwesen Life Sciences (B.Sc.),Hochschule Fulda,LT1310,Angewandte Mikrobiologie und Betriebshygiene,2,"Die Studierenden kennen Methoden zum „Bioprospecting“ für neue mikrobiologische Ressourcen (Organismen, Enzyme, bioaktive Moleküle)",,,,
Wirtschaftsingenieurwesen Life Sciences (B.Sc.),Hochschule Fulda,LT1310,Angewandte Mikrobiologie und Betriebshygiene,3,Die Studierenden können Desinfektions- und Sterilisationstechniken beurteilen und anwenden.,,,,
Wirtschaftsingenieurwesen Life Sciences (B.Sc.),Hochschule Fulda,LT1310,Angewandte Mikrobiologie und Betriebshygiene,4,Die Studierenden können Hygienepläne und HACCP-Konzepte (Hazard Analysis and Critical Control Points) selbstständig erstellen und bewerten.,,,,
Wirtschaftsingenieurwesen Life Sciences (B.Sc.),Hochschule Fulda,LT1310,Angewandte Mikrobiologie und Betriebshygiene,5,"Die Studierenden kennen mikrobielle, molekulare und immunologische Nachweismethoden für mikrobielle Kontaminanten und assoziierte Stoffkontaminanten (LPS, Toxine).",,,,
Wirtschaftsingenieurwesen Life Sciences (B.Sc.),Hochschule Fulda,LT1310,Angewandte Mikrobiologie und Betriebshygiene,6,Die Studierenden erreichen durch die Arbeit im Labor ein Verständnis für die mikrobiologische Analytik sowie praktische Kompetenz für den späteren Berufsalltag.,,,,
Wirtschaftsingenieurwesen Life Sciences (B.Sc.),Hochschule Fulda,LT1311,Applied Microbiology and Industrial Hygiene,1,Die Studierenden kennen wichtige mikrobielle Produktionsorganismen,,,,
Wirtschaftsingenieurwesen Life Sciences (B.Sc.),Hochschule Fulda,LT1311,Applied Microbiology and Industrial Hygiene,2,"Die Studierenden kennen Methoden zum „Bioprospecting“ für neue mikrobiologische Ressourcen (Organismen, Enzyme, bioaktive Moleküle)",,,,
Wirtschaftsingenieurwesen Life Sciences (B.Sc.),Hochschule Fulda,LT1311,Applied Microbiology and Industrial Hygiene,3,Die Studierenden können Desinfektions- und Sterilisationstechniken beurteilen und anwenden.,,,,
Wirtschaftsingenieurwesen Life Sciences (B.Sc.),Hochschule Fulda,LT1311,Applied Microbiology and Industrial Hygiene,4,Die Studierenden können Hygienepläne und HACCP-Konzepte (Hazard Analysis and Critical Control Points) selbstständig erstellen und bewerten.,,,,
Wirtschaftsingenieurwesen Life Sciences (B.Sc.),Hochschule Fulda,LT1311,Applied Microbiology and Industrial Hygiene,5,"Die Studierenden kennen mikrobielle, molekulare und immunologische Nachweismethoden für mikrobielle Kontaminanten und assoziierte Stoffkontaminanten (LPS, Toxine).",,,,
Wirtschaftsingenieurwesen Life Sciences (B.Sc.),Hochschule Fulda,LT1311,Applied Microbiology and Industrial Hygiene,6,Die Studierenden erreichen durch die Arbeit im Labor ein Verständnis für die mikrobiologische Analytik sowie praktische Kompetenz für den späteren Berufsalltag.,,,,
Wirtschaftsingenieurwesen Life Sciences (B.Sc.),Hochschule Fulda,LT1308,Zellbiologie/Zellkulturtechnik,1,Die Studierenden können zellbiologische und physiologische Prozesse verstehen und anwenden.,,,,
Wirtschaftsingenieurwesen Life Sciences (B.Sc.),Hochschule Fulda,LT1308,Zellbiologie/Zellkulturtechnik,2,Die Studierenden haben grundlegende Kenntnisse der Zellkulturtechnik erworben,,,,
Wirtschaftsingenieurwesen Life Sciences (B.Sc.),Hochschule Fulda,LT1308,Zellbiologie/Zellkulturtechnik,3,"Die Studierenden haben biochemische, molekularbiologische und zellbiologische Arbeitstechniken erlernt und können diese praktisch anwenden.",,,,
Wirtschaftsingenieurwesen Life Sciences (B.Sc.),Hochschule Fulda,LT1308,Zellbiologie/Zellkulturtechnik,4,Die Studierenden kennen molekulare Ursachen verschiedener Humanerkrankungen,,,,
Wirtschaftsingenieurwesen Life Sciences (B.Sc.),Hochschule Fulda,LT1309,Cell Biology / Cell Culture Technology,1,Die Studierenden können zellbiologische und physiologische Prozesse verstehen und anwenden.,,,,
Wirtschaftsingenieurwesen Life Sciences (B.Sc.),Hochschule Fulda,LT1309,Cell Biology / Cell Culture Technology,2,Die Studierenden haben grundlegende Kenntnisse der Zellkulturtechnik erworben,,,,
Wirtschaftsingenieurwesen Life Sciences (B.Sc.),Hochschule Fulda,LT1309,Cell Biology / Cell Culture Technology,3,"Die Studierenden haben biochemische, molekularbiologische und zellbiologische Arbeitstechniken erlernt und können diese praktisch anwenden.",,,,
Wirtschaftsingenieurwesen Life Sciences (B.Sc.),Hochschule Fulda,LT1309,Cell Biology / Cell Culture Technology,4,Die Studierenden kennen molekulare Ursachen verschiedener Humanerkrankungen,,,,
Wirtschaftsingenieurwesen Life Sciences (B.Sc.),Hochschule Fulda,LT1360,Grundlagen der Informatik,1,Die Studierenden kennen die Grundlagen der Informationsrepräsentation und Informationsverarbeitung.,,,,
Wirtschaftsingenieurwesen Life Sciences (B.Sc.),Hochschule Fulda,LT1360,Grundlagen der Informatik,2,Die Studierenden kennen wichtige Rechnerkomponenten und deren Funktionsprinzipien.,,,,
Wirtschaftsingenieurwesen Life Sciences (B.Sc.),Hochschule Fulda,LT1360,Grundlagen der Informatik,3,Die Studierenden kennen Grundprinzipien der Programmierung und des Softwareentwurfs.,,,,
Wirtschaftsingenieurwesen Life Sciences (B.Sc.),Hochschule Fulda,LT1360,Grundlagen der Informatik,4,Die Studierenden beherrschen grundlegende Programmiertechniken und haben Basiswissen über Datenstrukturen und Algorithmen.,,,,
Wirtschaftsingenieurwesen Life Sciences (B.Sc.),Hochschule Fulda,LT1360,Grundlagen der Informatik,5,Die Studierenden können elementare Algorithmen erklären und für einfache Probleme selbst entwickeln.,,,,
Wirtschaftsingenieurwesen Life Sciences (B.Sc.),Hochschule Fulda,LT1360,Grundlagen der Informatik,6,Die Studierenden verfügen über ein fundiertes Grundwissen über die Konzepte einer höheren Programmiersprache.,,,,
Wirtschaftsingenieurwesen Life Sciences (B.Sc.),Hochschule Fulda,LT1360,Grundlagen der Informatik,7,"Die Studierenden können Programmcode analysieren, Fehler identifizieren und korrigieren.",,,,
Wirtschaftsingenieurwesen Life Sciences (B.Sc.),Hochschule Fulda,LT1360,Grundlagen der Informatik,8,Die Studierenden können Programme in einer höheren Programmiersprache selbstständig entwerfen und implementieren.,,,,
Wirtschaftsingenieurwesen Life Sciences (B.Sc.),Hochschule Fulda,LT1360,Grundlagen der Informatik,9,Die Studierenden können einfache Programmieraufgaben mithilfe der Programmiersprache lösen.,,,,
Wirtschaftsingenieurwesen Life Sciences (B.Sc.),Hochschule Fulda,LT1359,Fundamentals of Computer Science,1,Die Studierenden kennen die Grundlagen der Informationsrepräsentation und Informationsverarbeitung.,,,,
Wirtschaftsingenieurwesen Life Sciences (B.Sc.),Hochschule Fulda,LT1359,Fundamentals of Computer Science,2,Die Studierenden kennen wichtige Rechnerkomponenten und deren Funktionsprinzipien.,,,,
Wirtschaftsingenieurwesen Life Sciences (B.Sc.),Hochschule Fulda,LT1359,Fundamentals of Computer Science,3,Die Studierenden kennen Grundprinzipien der Programmierung und des Softwareentwurfs.,,,,
Wirtschaftsingenieurwesen Life Sciences (B.Sc.),Hochschule Fulda,LT1359,Fundamentals of Computer Science,4,Die Studierenden beherrschen grundlegende Programmiertechniken und haben Basiswissen über Datenstrukturen und Algorithmen.,,,,
Wirtschaftsingenieurwesen Life Sciences (B.Sc.),Hochschule Fulda,LT1359,Fundamentals of Computer Science,5,Die Studierenden können elementare Algorithmen erklären und für einfache Probleme selbst entwickeln.,,,,
Wirtschaftsingenieurwesen Life Sciences (B.Sc.),Hochschule Fulda,LT1359,Fundamentals of Computer Science,6,Die Studierenden verfügen über ein fundiertes Grundwissen über die Konzepte einer höheren Programmiersprache.,,,,
Wirtschaftsingenieurwesen Life Sciences (B.Sc.),Hochschule Fulda,LT1359,Fundamentals of Computer Science,7,"Die Studierenden können Programmcode analysieren, Fehler identifizieren und korrigieren.",,,,
Wirtschaftsingenieurwesen Life Sciences (B.Sc.),Hochschule Fulda,LT1359,Fundamentals of Computer Science,8,Die Studierenden können Programme in einer höheren Programmiersprache selbstständig entwerfen und implementieren.,,,,
Wirtschaftsingenieurwesen Life Sciences (B.Sc.),Hochschule Fulda,LT1359,Fundamentals of Computer Science,9,Die Studierenden können einfache Programmieraufgaben mithilfe der Programmiersprache lösen.,,,,
Wirtschaftsingenieurwesen Life Sciences (B.Sc.),Hochschule Fulda,LT1379,Bioverfahrenstechnik,1,"Die Studierenden sind in der Lage, biotechnologische Reaktoren für verschiedene Anwendungen zu wählen und anhand ihrer Vor- und Nachteile zielgerichtet einzusetzen.",,,,
Wirtschaftsingenieurwesen Life Sciences (B.Sc.),Hochschule Fulda,LT1379,Bioverfahrenstechnik,2,Die Studierenden verstehen das Vorgehen beim Hochskalieren von Bioreaktoren.,,,,
Wirtschaftsingenieurwesen Life Sciences (B.Sc.),Hochschule Fulda,LT1379,Bioverfahrenstechnik,3,Die Studierenden kennen grundlegende Elemente der Steuerung und Apparatetechnik einer biotechnologischen Produktionslinie.,,,,
Wirtschaftsingenieurwesen Life Sciences (B.Sc.),Hochschule Fulda,LT1380,Bioprocess Engineering,1,"Die Studierenden sind in der Lage, biotechnologische Reaktoren für verschiedene Anwendungen zu wählen und anhand ihrer Vor- und Nachteile zielgerichtet einzusetzen.",,,,
Wirtschaftsingenieurwesen Life Sciences (B.Sc.),Hochschule Fulda,LT1380,Bioprocess Engineering,2,Die Studierenden verstehen das Vorgehen beim Hochskalieren von Bioreaktoren.,,,,
Wirtschaftsingenieurwesen Life Sciences (B.Sc.),Hochschule Fulda,LT1380,Bioprocess Engineering,3,Die Studierenden kennen grundlegende Elemente der Steuerung und Apparatetechnik einer biotechnologischen Produktionslinie.,,,,
Wirtschaftsingenieurwesen Life Sciences (B.Sc.),Hochschule Fulda,LT1314,Molekularbiologie und Gentechnik,1,"Die Studierenden kennen die grundlegenden Konzepte der Molekularbiologie und Gentechnik, können sie einordnen und gezielt wiedergeben.",,,,
Wirtschaftsingenieurwesen Life Sciences (B.Sc.),Hochschule Fulda,LT1314,Molekularbiologie und Gentechnik,2,Die Studierenden kennen klassische und moderne Methoden der Gentechnik und können sie praktisch anwenden.,,,,
Wirtschaftsingenieurwesen Life Sciences (B.Sc.),Hochschule Fulda,LT1314,Molekularbiologie und Gentechnik,3,Die Studierenden können Techniken der Molekularbiologie und Gentechnologie erläutern und deren Ergebnisse interpretieren.,,,,
Wirtschaftsingenieurwesen Life Sciences (B.Sc.),Hochschule Fulda,LT1314,Molekularbiologie und Gentechnik,4,Die Studierenden können die Chancen und Gefahren der Gentechnik differenziert beurteilen.,,,,
Wirtschaftsingenieurwesen Life Sciences (B.Sc.),Hochschule Fulda,LT1315,Molecular biology and genetic engineering,1,"Die Studierenden kennen die grundlegenden Konzepte der Molekularbiologie und Gentechnik, können sie einordnen und gezielt wiedergeben.",,,,
Wirtschaftsingenieurwesen Life Sciences (B.Sc.),Hochschule Fulda,LT1315,Molecular biology and genetic engineering,2,Die Studierenden kennen klassische und moderne Methoden der Gentechnik und können sie praktisch anwenden.,,,,
Wirtschaftsingenieurwesen Life Sciences (B.Sc.),Hochschule Fulda,LT1315,Molecular biology and genetic engineering,3,Die Studierenden können Techniken der Molekularbiologie und Gentechnologie erläutern und deren Ergebnisse interpretieren.,,,,
Wirtschaftsingenieurwesen Life Sciences (B.Sc.),Hochschule Fulda,LT1315,Molecular biology and genetic engineering,4,Die Studierenden können die Chancen und Gefahren der Gentechnik differenziert beurteilen.,,,,
Wirtschaftsingenieurwesen Life Sciences (B.Sc.),Hochschule Fulda,LT1316,Recht für Biotechnologie,1,Kennen den rechtlichen Rahmen und wichtigsten Gesetzestexte/Verordnungen für die Biotechnologie,,,,
Wirtschaftsingenieurwesen Life Sciences (B.Sc.),Hochschule Fulda,LT1316,Recht für Biotechnologie,2,"Die Studierenden können biotechnologische Arbeiten anhand der rechtlichen Rahmenbedingungen bewerten, einschätzen und durchführen.",,,,
Wirtschaftsingenieurwesen Life Sciences (B.Sc.),Hochschule Fulda,LT1316,Recht für Biotechnologie,3,Die Studierenden können Gefährdungen für Arbeitnehmer erkennen und durch geeignete Maßnahmen abwenden.,,,,
Wirtschaftsingenieurwesen Life Sciences (B.Sc.),Hochschule Fulda,LT1316,Recht für Biotechnologie,4,Die Studierenden kennen rechtliche Unterschiede bei biotechnologischen Arbeiten mit natürlichen und gentechnisch veränderten Organismen.,,,,
Wirtschaftsingenieurwesen Life Sciences (B.Sc.),Hochschule Fulda,LT1317,Law for Biotechnology,1,Kennen den rechtlichen Rahmen und wichtigsten Gesetzestexte/Verordnungen für die Biotechnologie,,,,
Wirtschaftsingenieurwesen Life Sciences (B.Sc.),Hochschule Fulda,LT1317,Law for Biotechnology,2,"Die Studierenden können biotechnologische Arbeiten anhand der rechtlichen Rahmenbedingungen bewerten, einschätzen und durchführen.",,,,
Wirtschaftsingenieurwesen Life Sciences (B.Sc.),Hochschule Fulda,LT1317,Law for Biotechnology,3,Die Studierenden können Gefährdungen für Arbeitnehmer erkennen und durch geeignete Maßnahmen abwenden.,,,,
Wirtschaftsingenieurwesen Life Sciences (B.Sc.),Hochschule Fulda,LT1317,Law for Biotechnology,4,Die Studierenden kennen rechtliche Unterschiede bei biotechnologischen Arbeiten mit natürlichen und gentechnisch veränderten Organismen.,,,,
Wirtschaftsingenieurwesen Life Sciences (B.Sc.),Hochschule Fulda,LT1322,Qualitätsmanagement (IBT),1,Die Studierenden sollen nach einer Einführung in das Thema Qualitätsmanagement vor allem dessen Umsetzung durch die „Good Manufacturing Practice“ (GMP) vermittelt bekommen.,,,,
Wirtschaftsingenieurwesen Life Sciences (B.Sc.),Hochschule Fulda,LT1322,Qualitätsmanagement (IBT),2,"Ziel ist es, initiale Kenntnisse über GMP von der Produktentwicklung über die Produktion bis zur Marktzulassung zu erlangen",,,,
Wirtschaftsingenieurwesen Life Sciences (B.Sc.),Hochschule Fulda,LT1322,Qualitätsmanagement (IBT),3,"Die Studierenden werden befähigt, eine Thematik aus dem Gebiet der Qualitätssicherung, der Zulassung bzw. der für die Herstellung von Kosmetika und Medizinprodukten maßgeblichen Regelwerke selbständig zu bearbeiten.",,,,
Wirtschaftsingenieurwesen Life Sciences (B.Sc.),Hochschule Fulda,LT1322,Qualitätsmanagement (IBT),4,"Sie werden befähigt, eine strukturierte Quellenrecherche zu betreiben.",,,,
Wirtschaftsingenieurwesen Life Sciences (B.Sc.),Hochschule Fulda,LT1322,Qualitätsmanagement (IBT),5,"Gemäß dem regulatorisch vorgegebenen Anspruch, ein Produkt nach dem Stand von Wissenschaft und Technik herzustellen und nach vorgegebenen Qualitätsstandards zu prüfen, erlernen sie den Stand der Wissenschaft und Technik an Hand von Originalarbeiten zu beschreiben. [Wissen, 6]",,,,
Wirtschaftsingenieurwesen Life Sciences (B.Sc.),Hochschule Fulda,LT1322,Qualitätsmanagement (IBT),6,"Die Studierenden werden befähigt, Problemstellungen klar herauszuarbeiten, die geeignete Vorgehensweise zur Problembearbeitung auszuwählen und die Auswahl zu begründen, die Daten nach strukturierten, qualitätsgesicherten Prinzipien zu sammeln, zu verdichten und zu analysieren sowie zu diskutieren.",,,,
Wirtschaftsingenieurwesen Life Sciences (B.Sc.),Hochschule Fulda,LT1322,Qualitätsmanagement (IBT),7,"Sie erlernen die Erstellung einer Zusammenfassung und die Erarbeitung von Literaturverzeichnissen. [Systemische Fertigkeiten, 6]",,,,
Wirtschaftsingenieurwesen Life Sciences (B.Sc.),Hochschule Fulda,LT1322,Qualitätsmanagement (IBT),8,"Die Thematik wird im Team bearbeitet und das erarbeitete Ergebnis präsentiert und diskutiert. [Team-/Führungsfähigkeit, 6]",,,,
Wirtschaftsingenieurwesen Life Sciences (B.Sc.),Hochschule Fulda,LT1322,Qualitätsmanagement (IBT),9,"Die Studierenden im Bereich QM für Kosmetik und Medizinprodukte planen und organisieren eigene Arbeitsabläufe selbständig und eigenverantwortlich unter fachlichen und zeitökonomischen Gesichtspunkten. [Eigenständigkeit/Verantwortung, 6]",,,,
Wirtschaftsingenieurwesen Life Sciences (B.Sc.),Hochschule Fulda,LT1322,Qualitätsmanagement (IBT),10,Die Studierenden sind in der Lage entsprechende Dokumentationsunterlagen zu beurteilen.,,,,
Wirtschaftsingenieurwesen Life Sciences (B.Sc.),Hochschule Fulda,LT1322,Qualitätsmanagement (IBT),11,sind vertraut mit den theoretischen Grundlagen des Qualitätsmanagements und können die Verbindungen zwischen Qualitätsmanagement und GCP/GMP/GQP/GLP/GVP ziehen.,,,,
Wirtschaftsingenieurwesen Life Sciences (B.Sc.),Hochschule Fulda,LT1322,Qualitätsmanagement (IBT),12,"haben einen Überblick über die Unterschiede der Qualitätsmanagementsysteme in den USA, der EU und können deren Auswirkungen auf eine Produktion in Deutschland einschätzen.",,,,
Wirtschaftsingenieurwesen Life Sciences (B.Sc.),Hochschule Fulda,LT1323,Quality Management (IBT),1,Die Studierenden sollen nach einer Einführung in das Thema Qualitätsmanagement vor allem dessen Umsetzung durch die „Good Manufacturing Practice“ (GMP) vermittelt bekommen.,,,,
Wirtschaftsingenieurwesen Life Sciences (B.Sc.),Hochschule Fulda,LT1323,Quality Management (IBT),2,"Ziel ist es, initiale Kenntnisse über GMP von der Produktentwicklung über die Produktion bis zur Marktzulassung zu erlangen",,,,
Wirtschaftsingenieurwesen Life Sciences (B.Sc.),Hochschule Fulda,LT1323,Quality Management (IBT),3,"Die Studierenden werden befähigt, eine Thematik aus dem Gebiet der Qualitätssicherung, der Zulassung bzw. der für die Herstellung von Kosmetika und Medizinprodukten maßgeblichen Regelwerke selbständig zu bearbeiten.",,,,
Wirtschaftsingenieurwesen Life Sciences (B.Sc.),Hochschule Fulda,LT1323,Quality Management (IBT),4,"Sie werden befähigt, eine strukturierte Quellenrecherche zu betreiben.",,,,
Wirtschaftsingenieurwesen Life Sciences (B.Sc.),Hochschule Fulda,LT1323,Quality Management (IBT),5,"Gemäß dem regulatorisch vorgegebenen Anspruch, ein Produkt nach dem Stand von Wissenschaft und Technik herzustellen und nach vorgegebenen Qualitätsstandards zu prüfen, erlernen sie den Stand der Wissenschaft und Technik an Hand von Originalarbeiten zu beschreiben. [Wissen, 6]",,,,
Wirtschaftsingenieurwesen Life Sciences (B.Sc.),Hochschule Fulda,LT1323,Quality Management (IBT),6,"Die Studierenden werden befähigt, Problemstellungen klar herauszuarbeiten, die geeignete Vorgehensweise zur Problembearbeitung auszuwählen und die Auswahl zu begründen, die Daten nach strukturierten, qualitätsgesicherten Prinzipien zu sammeln, zu verdichten und zu analysieren sowie zu diskutieren.",,,,
Wirtschaftsingenieurwesen Life Sciences (B.Sc.),Hochschule Fulda,LT1323,Quality Management (IBT),7,"Sie erlernen die Erstellung einer Zusammenfassung und die Erarbeitung von Literaturverzeichnissen. [Systemische Fertigkeiten, 6]",,,,
Wirtschaftsingenieurwesen Life Sciences (B.Sc.),Hochschule Fulda,LT1323,Quality Management (IBT),8,"Die Thematik wird im Team bearbeitet und das erarbeitete Ergebnis präsentiert und diskutiert. [Team-/Führungsfähigkeit, 6]",,,,
Wirtschaftsingenieurwesen Life Sciences (B.Sc.),Hochschule Fulda,LT1323,Quality Management (IBT),9,"Die Studierenden im Bereich QM für Kosmetik und Medizinprodukte planen und organisieren eigene Arbeitsabläufe selbständig und eigenverantwortlich unter fachlichen und zeitökonomischen Gesichtspunkten. [Eigenständigkeit/Verantwortung, 6]",,,,
Wirtschaftsingenieurwesen Life Sciences (B.Sc.),Hochschule Fulda,LT1323,Quality Management (IBT),10,Die Studierenden sind in der Lage entsprechende Dokumentationsunterlagen zu beurteilen.,,,,
Wirtschaftsingenieurwesen Life Sciences (B.Sc.),Hochschule Fulda,LT1323,Quality Management (IBT),11,sind vertraut mit den theoretischen Grundlagen des Qualitätsmanagements und können die Verbindungen zwischen Qualitätsmanagement und GCP/GMP/GQP/GLP/GVP ziehen.,,,,
Wirtschaftsingenieurwesen Life Sciences (B.Sc.),Hochschule Fulda,LT1323,Quality Management (IBT),12,"haben einen Überblick über die Unterschiede der Qualitätsmanagementsysteme in den USA, der EU und können deren Auswirkungen auf eine Produktion in Deutschland einschätzen.",,,,
Wirtschaftsingenieurwesen (M.Sc.),Hochschule Fulda,ET5131,Data Science,1,"Datenanalysetechniken, wie z.B. Datenbereinigung, -transformation und -visualisierung, zu verstehen und anzuwenden.",,,,
Wirtschaftsingenieurwesen (M.Sc.),Hochschule Fulda,ET5131,Data Science,2,"Statistische Methoden zur Analyse von Daten einzusetzen, einschließlich Hypothesentests, Regressionsanalyse und explorativer Datenanalyse.",,,,
Wirtschaftsingenieurwesen (M.Sc.),Hochschule Fulda,ET5131,Data Science,3,"Datenanalysetools und Programmiersprachen wie R, GNU Octave oder Python effektiv einzusetzen.",,,,
Wirtschaftsingenieurwesen (M.Sc.),Hochschule Fulda,ET5131,Data Science,4,Ergebnisse der Datenanalyse zu interpretieren und daraus fundierte Entscheidungen abzuleiten.,,,,
Wirtschaftsingenieurwesen (M.Sc.),Hochschule Fulda,ET5131,Data Science,5,Die Bearbeitung von Projektaufgaben einzeln und im Team erfordert die Anwendung früher erworbenen Fachkenntnisse und Erschließung neuer Sachverhalte im Sinne des forschenden Lernens.,,,,
Wirtschaftsingenieurwesen (M.Sc.),Hochschule Fulda,ET5131,Data Science,6,Kommunikative Fähigkeiten werden durch die Vorstellung von Arbeitsergebnissen vor den Kursmitgliedern erworben.,,,,
Wirtschaftsingenieurwesen (M.Sc.),Hochschule Fulda,ET5101,Laboratory for ERP and MES systems,1,Anforderungen an ein ERP und MES System zu definieren,,,,
Wirtschaftsingenieurwesen (M.Sc.),Hochschule Fulda,ET5101,Laboratory for ERP and MES systems,2,"Die Funktionen, dessen Einsatz und den Nutzen von MES und ERP Systemen zu benennen",,,,
Wirtschaftsingenieurwesen (M.Sc.),Hochschule Fulda,ET5101,Laboratory for ERP and MES systems,3,Ausgewählte MES und ERP Systeme und bedienen,,,,
Wirtschaftsingenieurwesen (M.Sc.),Hochschule Fulda,ET5101,Laboratory for ERP and MES systems,4,Die Komplexität der Einführung und des Betriebs von ERP und MES Systemen abschätzen zu können,,,,
Wirtschaftsingenieurwesen (M.Sc.),Hochschule Fulda,ET5101,Laboratory for ERP and MES systems,1,Mit einem erfolgreichen Abschluss des Moduls demonstrieren die Studierenden umfassende Kenntnisse über die Führung von Unternehmen aus der Perspektive des Topmanagements.,,,,
Wirtschaftsingenieurwesen (M.Sc.),Hochschule Fulda,ET5101,Laboratory for ERP and MES systems,2,"Auf der Grundlage dieser Qualifikation sind die Studierenden in der Lage, Managementansätze zu beschreiben, fallspezifisch auszuwählen und Empfehlungen zur Aufgabenerfüllung des Topmanagements zu formulieren.",,,,
Wirtschaftsingenieurwesen (M.Sc.),Hochschule Fulda,ET5101,Laboratory for ERP and MES systems,3,"Ihnen ist es dabei insbesondere möglich, die Argumentationsrationalität von Entscheidungen im Kontext des strategischen Managements zu beurteilen und zu verbessern.",,,,
Wirtschaftsingenieurwesen (M.Sc.),Hochschule Fulda,ET5101,Laboratory for ERP and MES systems,4,Die theoretische Vermittlung von Führungskompetenz wird über Fallstudien und Diskussionen verstärkt.,,,,
Wirtschaftsingenieurwesen (M.Sc.),Hochschule Fulda,ET5101,Laboratory for ERP and MES systems,5,Darüber hinaus differenzieren die Studierenden die ökonomischen und rechtlichen Aspekte verantwortlichen Führens.,,,,
Wirtschaftsingenieurwesen (M.Sc.),Hochschule Fulda,ET5101,Laboratory for ERP and MES systems,6,"Sie identifizieren die Kernprobleme der vorgestellten Corporate Governance-Systeme und analysieren mögliche Zusammenhänge zwischen Corporate Governance, Compliance Management und dem Unternehmenserfolg.",,,,
Wirtschaftsingenieurwesen (M.Sc.),Hochschule Fulda,ET5101,Laboratory for ERP and MES systems,7,Dabei kennen die Studierenden wesentliche Ansätze in der Gestaltung von Unternehmen.,,,,
Wirtschaftsingenieurwesen (M.Sc.),Hochschule Fulda,ET5101,Laboratory for ERP and MES systems,8,"Sie entwickeln Führungskompetenz im Spannungsfeld von Ökonomie, Recht und Ethik bei unternehmerischen Entscheidungen.",,,,
Wirtschaftsingenieurwesen (M.Sc.),Hochschule Fulda,ET552,Project 1,1,aufgabenspezifische Fertigkeiten und Kenntnisse selbständig zu erwerben.,,,,
Wirtschaftsingenieurwesen (M.Sc.),Hochschule Fulda,ET552,Project 1,2,typische Aufgabenstellungen aus dem Bereich der Elektrotechnik und Informationstechnik sowie für MWI aus dem Bereich des Wirtschaftsingenieurwesens selbständig zu lösen.,,,,
Wirtschaftsingenieurwesen (M.Sc.),Hochschule Fulda,ET552,Project 1,3,"Selbstorganisation, Projektorganisation und -dokumentation (mündlich und schriftlich) erfolgreich durchzuführen.",,,,
Wirtschaftsingenieurwesen (M.Sc.),Hochschule Fulda,ET552,Project 1,4,in Gruppen zu arbeiten.,,,,
Wirtschaftsingenieurwesen (M.Sc.),Hochschule Fulda,ET552,Project 1,5,wissenschaftliche Beiträge zu verfassen.,,,,
Wirtschaftsingenieurwesen (M.Sc.),Hochschule Fulda,ET5039,Strategische Planung,1,auf der Grundlage eines vertieften Wissens in den Bereichen strategische Unternehmensprozesse und Produktentstehungsprozesse sowie Methodenwissen in der Strategischen Planung das Produkt- und Dienstleistungsspektrum eines fiktiven Unternehmens und seine Kernkompetenzen an der Stellung des Unternehmens im Markt auszurichten.,,,,
Wirtschaftsingenieurwesen (M.Sc.),Hochschule Fulda,ET5039,Strategische Planung,2,"am Beispiel einer Planung den konstruktiven Entwicklungsprozess zu strukturieren und umzusetzen und dabei − Kreativitätstechniken einschließlich Design Thinking, − Entscheidungsfindungen sowie systematisches Bewerten unter Berücksichtigung des technischen, wirtschaftlichen und gesetzlichen Rahmens (z.B. Normen, Patentsituation, gesetzliche Rahmenbedingungen, CE-Anforderungen sowie Sicherheitsanforderungen) anzuwenden und − die entwickelten Lösungsansätze zielgruppenorientiert zu artikulieren und zu verteidigen.",,,,
Wirtschaftsingenieurwesen (M.Sc.),Hochschule Fulda,ET511,"Monitoring, Diagnosis and Risk Analysis of Technical Processes",1,"Die Teilnehmenden sind in der Lage, die Überwachung und Diagnose technischer Prozesse durchzuführen und deren Einsatzpotentiale in der industriellen Automatisierungstechnik zu beurteilen.",,,,
Wirtschaftsingenieurwesen (M.Sc.),Hochschule Fulda,ET5100,Production management,1,Basierend auf den produktionstechnischen Grundlagen Lösungen für betriebswirtschaftliche Entscheidungsprobleme zu erarbeiten,,,,
Wirtschaftsingenieurwesen (M.Sc.),Hochschule Fulda,ET5100,Production management,2,Methoden des Operations Research zielgerichtet anzuwenden,,,,
Wirtschaftsingenieurwesen (M.Sc.),Hochschule Fulda,ET5100,Production management,3,Produktfeld-Markt-Kombinationen zu bestimmen,,,,
Wirtschaftsingenieurwesen (M.Sc.),Hochschule Fulda,ET5100,Production management,4,Operative Produktionsprogramme ermitteln,,,,
Wirtschaftsingenieurwesen (M.Sc.),Hochschule Fulda,ET5100,Production management,1,"Die Studierenden werden befähigt, in berufsbezogenen Situationen des unternehmensbezogenen und unternehmensübergreifenden Supply Chain Management schwierige Verhandlungssituationen im Sinne einer Win-Win-Strategie zielorientiert zu führen.",,,,
Wirtschaftsingenieurwesen (M.Sc.),Hochschule Fulda,ET5100,Production management,2,"Die Studierenden lernen, auch interdisziplinäre und interkulturelle Konfliktsituationen zu erkennen, präventive Maßnahmen zu ergreifen und bestehende Konflikte zu lösen.",,,,
Wirtschaftsingenieurwesen (M.Sc.),Hochschule Fulda,ET5100,Production management,3,Die Studierenden vertiefen ihre Schlüsselqualifikationen hinsichtlich interkultureller Kommunikation.,,,,
Wirtschaftsingenieurwesen (M.Sc.),Hochschule Fulda,ET5100,Production management,4,Sie lernen Kommunikationsmodelle kennen und bauen ihre persönliche interkulturelle Kompetenz aus.,,,,
Wirtschaftsingenieurwesen (M.Sc.),Hochschule Fulda,ET5100,Production management,5,Dies wird vor dem Hintergrund einer New Work immer bedeutsamer.,,,,
Wirtschaftsingenieurwesen (M.Sc.),Hochschule Fulda,ET553,Project 2,1,aufgabenspezifische Fertigkeiten und Kenntnisse selbständig zu erwerben.,,,,
Wirtschaftsingenieurwesen (M.Sc.),Hochschule Fulda,ET553,Project 2,2,typische Aufgabenstellungen aus dem Bereich der Elektrotechnik und Informationstechnik sowie für MWI aus dem Bereich des Wirtschaftsingenieurwesens selbständig zu lösen,,,,
Wirtschaftsingenieurwesen (M.Sc.),Hochschule Fulda,ET553,Project 2,3,"Selbstorganisation, Projektorganisation und -dokumentation (mündlich und schriftlich) erfolgreich durchzuführen.",,,,
Wirtschaftsingenieurwesen (M.Sc.),Hochschule Fulda,ET553,Project 2,4,in Gruppen zu arbeiten.,,,,
Wirtschaftsingenieurwesen (M.Sc.),Hochschule Fulda,ET553,Project 2,5,wissenschaftliche Beiträge zu verfassen.,,,,
Wirtschaftsingenieurwesen (M.Sc.),Hochschule Fulda,ET5102,Graduation Module,1,"Die Studierende* soll durch die erworbenen Fähigkeiten und Methoden im Studium zeigen, dass sie unter Anleitung eines oder mehrerer Betreuer qualifizierte Problemstellungen aus dem Bereich des Wirtschaftsingenieurwesens selbständig bearbeiten kann.",,,,
Wirtschaftsingenieurwesen (M.Sc.),Hochschule Fulda,ET5102,Graduation Module,2,Dabei sollen Lösungswege und Ergebnisse sowohl schriftlich als auch mündlich dargestellt und vertreten werden.,,,,
